/*--------------------------------*- C++ -*----------------------------------*\
| =========                 |                                                 |
| \\      /  F ield         | foam-extend: Open Source CFD                    |
|  \\    /   O peration     | Version:     4.0                                |
|   \\  /    A nd           | Web:         http://www.foam-extend.org         |
|    \\/     M anipulation  |                                                 |
\*---------------------------------------------------------------------------*/
FoamFile
{
    version     2.0;
    format      ascii;
    class       faceList;
    location    "constant/polyMesh";
    object      faces;
}
// * * * * * * * * * * * * * * * * * * * * * * * * * * * * * * * * * * * * * //


9105
(
4(1 77 2433 2357)
4(76 2432 2433 77)
4(2 78 2434 2358)
4(77 2433 2434 78)
4(3 79 2435 2359)
4(78 2434 2435 79)
4(4 80 2436 2360)
4(79 2435 2436 80)
4(5 81 2437 2361)
4(80 2436 2437 81)
4(6 82 2438 2362)
4(81 2437 2438 82)
4(7 83 2439 2363)
4(82 2438 2439 83)
4(8 84 2440 2364)
4(83 2439 2440 84)
4(9 85 2441 2365)
4(84 2440 2441 85)
4(10 86 2442 2366)
4(85 2441 2442 86)
4(11 87 2443 2367)
4(86 2442 2443 87)
4(12 88 2444 2368)
4(87 2443 2444 88)
4(13 89 2445 2369)
4(88 2444 2445 89)
4(14 90 2446 2370)
4(89 2445 2446 90)
4(15 91 2447 2371)
4(90 2446 2447 91)
4(16 92 2448 2372)
4(91 2447 2448 92)
4(17 93 2449 2373)
4(92 2448 2449 93)
4(18 94 2450 2374)
4(93 2449 2450 94)
4(19 95 2451 2375)
4(94 2450 2451 95)
4(20 96 2452 2376)
4(95 2451 2452 96)
4(21 97 2453 2377)
4(96 2452 2453 97)
4(22 98 2454 2378)
4(97 2453 2454 98)
4(23 99 2455 2379)
4(98 2454 2455 99)
4(24 100 2456 2380)
4(99 2455 2456 100)
4(25 101 2457 2381)
4(100 2456 2457 101)
4(26 102 2458 2382)
4(101 2457 2458 102)
4(27 103 2459 2383)
4(102 2458 2459 103)
4(28 104 2460 2384)
4(103 2459 2460 104)
4(29 105 2461 2385)
4(104 2460 2461 105)
4(30 106 2462 2386)
4(105 2461 2462 106)
4(31 107 2463 2387)
4(106 2462 2463 107)
4(32 108 2464 2388)
4(107 2463 2464 108)
4(33 109 2465 2389)
4(108 2464 2465 109)
4(34 110 2466 2390)
4(109 2465 2466 110)
4(35 111 2467 2391)
4(110 2466 2467 111)
4(36 112 2468 2392)
4(111 2467 2468 112)
4(37 113 2469 2393)
4(112 2468 2469 113)
4(38 114 2470 2394)
4(113 2469 2470 114)
4(39 115 2471 2395)
4(114 2470 2471 115)
4(40 116 2472 2396)
4(115 2471 2472 116)
4(41 117 2473 2397)
4(116 2472 2473 117)
4(42 118 2474 2398)
4(117 2473 2474 118)
4(43 119 2475 2399)
4(118 2474 2475 119)
4(44 120 2476 2400)
4(119 2475 2476 120)
4(45 121 2477 2401)
4(120 2476 2477 121)
4(46 122 2478 2402)
4(121 2477 2478 122)
4(47 123 2479 2403)
4(122 2478 2479 123)
4(48 124 2480 2404)
4(123 2479 2480 124)
4(49 125 2481 2405)
4(124 2480 2481 125)
4(50 126 2482 2406)
4(125 2481 2482 126)
4(51 127 2483 2407)
4(126 2482 2483 127)
4(52 128 2484 2408)
4(127 2483 2484 128)
4(53 129 2485 2409)
4(128 2484 2485 129)
4(54 130 2486 2410)
4(129 2485 2486 130)
4(55 131 2487 2411)
4(130 2486 2487 131)
4(56 132 2488 2412)
4(131 2487 2488 132)
4(57 133 2489 2413)
4(132 2488 2489 133)
4(58 134 2490 2414)
4(133 2489 2490 134)
4(59 135 2491 2415)
4(134 2490 2491 135)
4(60 136 2492 2416)
4(135 2491 2492 136)
4(61 137 2493 2417)
4(136 2492 2493 137)
4(62 138 2494 2418)
4(137 2493 2494 138)
4(63 139 2495 2419)
4(138 2494 2495 139)
4(64 140 2496 2420)
4(139 2495 2496 140)
4(65 141 2497 2421)
4(140 2496 2497 141)
4(66 142 2498 2422)
4(141 2497 2498 142)
4(67 143 2499 2423)
4(142 2498 2499 143)
4(68 144 2500 2424)
4(143 2499 2500 144)
4(69 145 2501 2425)
4(144 2500 2501 145)
4(70 146 2502 2426)
4(145 2501 2502 146)
4(71 147 2503 2427)
4(146 2502 2503 147)
4(72 148 2504 2428)
4(147 2503 2504 148)
4(73 149 2505 2429)
4(148 2504 2505 149)
4(74 150 2506 2430)
4(149 2505 2506 150)
4(150 2506 2507 151)
4(77 153 2509 2433)
4(152 2508 2509 153)
4(78 154 2510 2434)
4(153 2509 2510 154)
4(79 155 2511 2435)
4(154 2510 2511 155)
4(80 156 2512 2436)
4(155 2511 2512 156)
4(81 157 2513 2437)
4(156 2512 2513 157)
4(82 158 2514 2438)
4(157 2513 2514 158)
4(83 159 2515 2439)
4(158 2514 2515 159)
4(84 160 2516 2440)
4(159 2515 2516 160)
4(85 161 2517 2441)
4(160 2516 2517 161)
4(86 162 2518 2442)
4(161 2517 2518 162)
4(87 163 2519 2443)
4(162 2518 2519 163)
4(88 164 2520 2444)
4(163 2519 2520 164)
4(89 165 2521 2445)
4(164 2520 2521 165)
4(90 166 2522 2446)
4(165 2521 2522 166)
4(91 167 2523 2447)
4(166 2522 2523 167)
4(92 168 2524 2448)
4(167 2523 2524 168)
4(93 169 2525 2449)
4(168 2524 2525 169)
4(94 170 2526 2450)
4(169 2525 2526 170)
4(95 171 2527 2451)
4(170 2526 2527 171)
4(96 172 2528 2452)
4(171 2527 2528 172)
4(97 173 2529 2453)
4(172 2528 2529 173)
4(98 174 2530 2454)
4(173 2529 2530 174)
4(99 175 2531 2455)
4(174 2530 2531 175)
4(100 176 2532 2456)
4(175 2531 2532 176)
4(101 177 2533 2457)
4(176 2532 2533 177)
4(102 178 2534 2458)
4(177 2533 2534 178)
4(103 179 2535 2459)
4(178 2534 2535 179)
4(104 180 2536 2460)
4(179 2535 2536 180)
4(105 181 2537 2461)
4(180 2536 2537 181)
4(106 182 2538 2462)
4(181 2537 2538 182)
4(107 183 2539 2463)
4(182 2538 2539 183)
4(108 184 2540 2464)
4(183 2539 2540 184)
4(109 185 2541 2465)
4(184 2540 2541 185)
4(110 186 2542 2466)
4(185 2541 2542 186)
4(111 187 2543 2467)
4(186 2542 2543 187)
4(112 188 2544 2468)
4(187 2543 2544 188)
4(113 189 2545 2469)
4(188 2544 2545 189)
4(114 190 2546 2470)
4(189 2545 2546 190)
4(115 191 2547 2471)
4(190 2546 2547 191)
4(116 192 2548 2472)
4(191 2547 2548 192)
4(117 193 2549 2473)
4(192 2548 2549 193)
4(118 194 2550 2474)
4(193 2549 2550 194)
4(119 195 2551 2475)
4(194 2550 2551 195)
4(120 196 2552 2476)
4(195 2551 2552 196)
4(121 197 2553 2477)
4(196 2552 2553 197)
4(122 198 2554 2478)
4(197 2553 2554 198)
4(123 199 2555 2479)
4(198 2554 2555 199)
4(124 200 2556 2480)
4(199 2555 2556 200)
4(125 201 2557 2481)
4(200 2556 2557 201)
4(126 202 2558 2482)
4(201 2557 2558 202)
4(127 203 2559 2483)
4(202 2558 2559 203)
4(128 204 2560 2484)
4(203 2559 2560 204)
4(129 205 2561 2485)
4(204 2560 2561 205)
4(130 206 2562 2486)
4(205 2561 2562 206)
4(131 207 2563 2487)
4(206 2562 2563 207)
4(132 208 2564 2488)
4(207 2563 2564 208)
4(133 209 2565 2489)
4(208 2564 2565 209)
4(134 210 2566 2490)
4(209 2565 2566 210)
4(135 211 2567 2491)
4(210 2566 2567 211)
4(136 212 2568 2492)
4(211 2567 2568 212)
4(137 213 2569 2493)
4(212 2568 2569 213)
4(138 214 2570 2494)
4(213 2569 2570 214)
4(139 215 2571 2495)
4(214 2570 2571 215)
4(140 216 2572 2496)
4(215 2571 2572 216)
4(141 217 2573 2497)
4(216 2572 2573 217)
4(142 218 2574 2498)
4(217 2573 2574 218)
4(143 219 2575 2499)
4(218 2574 2575 219)
4(144 220 2576 2500)
4(219 2575 2576 220)
4(145 221 2577 2501)
4(220 2576 2577 221)
4(146 222 2578 2502)
4(221 2577 2578 222)
4(147 223 2579 2503)
4(222 2578 2579 223)
4(148 224 2580 2504)
4(223 2579 2580 224)
4(149 225 2581 2505)
4(224 2580 2581 225)
4(150 226 2582 2506)
4(225 2581 2582 226)
4(226 2582 2583 227)
4(153 229 2585 2509)
4(228 2584 2585 229)
4(154 230 2586 2510)
4(229 2585 2586 230)
4(155 231 2587 2511)
4(230 2586 2587 231)
4(156 232 2588 2512)
4(231 2587 2588 232)
4(157 233 2589 2513)
4(232 2588 2589 233)
4(158 234 2590 2514)
4(233 2589 2590 234)
4(159 235 2591 2515)
4(234 2590 2591 235)
4(160 236 2592 2516)
4(235 2591 2592 236)
4(161 237 2593 2517)
4(236 2592 2593 237)
4(162 238 2594 2518)
4(237 2593 2594 238)
4(163 239 2595 2519)
4(238 2594 2595 239)
4(164 240 2596 2520)
4(239 2595 2596 240)
4(165 241 2597 2521)
4(240 2596 2597 241)
4(166 242 2598 2522)
4(241 2597 2598 242)
4(167 243 2599 2523)
4(242 2598 2599 243)
4(168 244 2600 2524)
4(243 2599 2600 244)
4(169 245 2601 2525)
4(244 2600 2601 245)
4(170 246 2602 2526)
4(245 2601 2602 246)
4(171 247 2603 2527)
4(246 2602 2603 247)
4(172 248 2604 2528)
4(247 2603 2604 248)
4(173 249 2605 2529)
4(248 2604 2605 249)
4(174 250 2606 2530)
4(249 2605 2606 250)
4(175 251 2607 2531)
4(250 2606 2607 251)
4(176 252 2608 2532)
4(251 2607 2608 252)
4(177 253 2609 2533)
4(252 2608 2609 253)
4(178 254 2610 2534)
4(253 2609 2610 254)
4(179 255 2611 2535)
4(254 2610 2611 255)
4(180 256 2612 2536)
4(255 2611 2612 256)
4(181 257 2613 2537)
4(256 2612 2613 257)
4(182 258 2614 2538)
4(257 2613 2614 258)
4(183 259 2615 2539)
4(258 2614 2615 259)
4(184 260 2616 2540)
4(259 2615 2616 260)
4(185 261 2617 2541)
4(260 2616 2617 261)
4(186 262 2618 2542)
4(261 2617 2618 262)
4(187 263 2619 2543)
4(262 2618 2619 263)
4(188 264 2620 2544)
4(263 2619 2620 264)
4(189 265 2621 2545)
4(264 2620 2621 265)
4(190 266 2622 2546)
4(265 2621 2622 266)
4(191 267 2623 2547)
4(266 2622 2623 267)
4(192 268 2624 2548)
4(267 2623 2624 268)
4(193 269 2625 2549)
4(268 2624 2625 269)
4(194 270 2626 2550)
4(269 2625 2626 270)
4(195 271 2627 2551)
4(270 2626 2627 271)
4(196 272 2628 2552)
4(271 2627 2628 272)
4(197 273 2629 2553)
4(272 2628 2629 273)
4(198 274 2630 2554)
4(273 2629 2630 274)
4(199 275 2631 2555)
4(274 2630 2631 275)
4(200 276 2632 2556)
4(275 2631 2632 276)
4(201 277 2633 2557)
4(276 2632 2633 277)
4(202 278 2634 2558)
4(277 2633 2634 278)
4(203 279 2635 2559)
4(278 2634 2635 279)
4(204 280 2636 2560)
4(279 2635 2636 280)
4(205 281 2637 2561)
4(280 2636 2637 281)
4(206 282 2638 2562)
4(281 2637 2638 282)
4(207 283 2639 2563)
4(282 2638 2639 283)
4(208 284 2640 2564)
4(283 2639 2640 284)
4(209 285 2641 2565)
4(284 2640 2641 285)
4(210 286 2642 2566)
4(285 2641 2642 286)
4(211 287 2643 2567)
4(286 2642 2643 287)
4(212 288 2644 2568)
4(287 2643 2644 288)
4(213 289 2645 2569)
4(288 2644 2645 289)
4(214 290 2646 2570)
4(289 2645 2646 290)
4(215 291 2647 2571)
4(290 2646 2647 291)
4(216 292 2648 2572)
4(291 2647 2648 292)
4(217 293 2649 2573)
4(292 2648 2649 293)
4(218 294 2650 2574)
4(293 2649 2650 294)
4(219 295 2651 2575)
4(294 2650 2651 295)
4(220 296 2652 2576)
4(295 2651 2652 296)
4(221 297 2653 2577)
4(296 2652 2653 297)
4(222 298 2654 2578)
4(297 2653 2654 298)
4(223 299 2655 2579)
4(298 2654 2655 299)
4(224 300 2656 2580)
4(299 2655 2656 300)
4(225 301 2657 2581)
4(300 2656 2657 301)
4(226 302 2658 2582)
4(301 2657 2658 302)
4(302 2658 2659 303)
4(229 305 2661 2585)
4(304 2660 2661 305)
4(230 306 2662 2586)
4(305 2661 2662 306)
4(231 307 2663 2587)
4(306 2662 2663 307)
4(232 308 2664 2588)
4(307 2663 2664 308)
4(233 309 2665 2589)
4(308 2664 2665 309)
4(234 310 2666 2590)
4(309 2665 2666 310)
4(235 311 2667 2591)
4(310 2666 2667 311)
4(236 312 2668 2592)
4(311 2667 2668 312)
4(237 313 2669 2593)
4(312 2668 2669 313)
4(238 314 2670 2594)
4(313 2669 2670 314)
4(239 315 2671 2595)
4(314 2670 2671 315)
4(240 316 2672 2596)
4(315 2671 2672 316)
4(241 317 2673 2597)
4(316 2672 2673 317)
4(242 318 2674 2598)
4(317 2673 2674 318)
4(243 319 2675 2599)
4(318 2674 2675 319)
4(244 320 2676 2600)
4(319 2675 2676 320)
4(245 321 2677 2601)
4(320 2676 2677 321)
4(246 322 2678 2602)
4(321 2677 2678 322)
4(247 323 2679 2603)
4(322 2678 2679 323)
4(248 324 2680 2604)
4(323 2679 2680 324)
4(249 325 2681 2605)
4(324 2680 2681 325)
4(250 326 2682 2606)
4(325 2681 2682 326)
4(251 327 2683 2607)
4(326 2682 2683 327)
4(252 328 2684 2608)
4(327 2683 2684 328)
4(253 329 2685 2609)
4(328 2684 2685 329)
4(254 330 2686 2610)
4(329 2685 2686 330)
4(255 331 2687 2611)
4(330 2686 2687 331)
4(256 332 2688 2612)
4(331 2687 2688 332)
4(257 333 2689 2613)
4(332 2688 2689 333)
4(258 334 2690 2614)
4(333 2689 2690 334)
4(259 335 2691 2615)
4(334 2690 2691 335)
4(260 336 2692 2616)
4(335 2691 2692 336)
4(261 337 2693 2617)
4(336 2692 2693 337)
4(262 338 2694 2618)
4(337 2693 2694 338)
4(263 339 2695 2619)
4(338 2694 2695 339)
4(264 340 2696 2620)
4(339 2695 2696 340)
4(265 341 2697 2621)
4(340 2696 2697 341)
4(266 342 2698 2622)
4(341 2697 2698 342)
4(267 343 2699 2623)
4(342 2698 2699 343)
4(268 344 2700 2624)
4(343 2699 2700 344)
4(269 345 2701 2625)
4(344 2700 2701 345)
4(270 346 2702 2626)
4(345 2701 2702 346)
4(271 347 2703 2627)
4(346 2702 2703 347)
4(272 348 2704 2628)
4(347 2703 2704 348)
4(273 349 2705 2629)
4(348 2704 2705 349)
4(274 350 2706 2630)
4(349 2705 2706 350)
4(275 351 2707 2631)
4(350 2706 2707 351)
4(276 352 2708 2632)
4(351 2707 2708 352)
4(277 353 2709 2633)
4(352 2708 2709 353)
4(278 354 2710 2634)
4(353 2709 2710 354)
4(279 355 2711 2635)
4(354 2710 2711 355)
4(280 356 2712 2636)
4(355 2711 2712 356)
4(281 357 2713 2637)
4(356 2712 2713 357)
4(282 358 2714 2638)
4(357 2713 2714 358)
4(283 359 2715 2639)
4(358 2714 2715 359)
4(284 360 2716 2640)
4(359 2715 2716 360)
4(285 361 2717 2641)
4(360 2716 2717 361)
4(286 362 2718 2642)
4(361 2717 2718 362)
4(287 363 2719 2643)
4(362 2718 2719 363)
4(288 364 2720 2644)
4(363 2719 2720 364)
4(289 365 2721 2645)
4(364 2720 2721 365)
4(290 366 2722 2646)
4(365 2721 2722 366)
4(291 367 2723 2647)
4(366 2722 2723 367)
4(292 368 2724 2648)
4(367 2723 2724 368)
4(293 369 2725 2649)
4(368 2724 2725 369)
4(294 370 2726 2650)
4(369 2725 2726 370)
4(295 371 2727 2651)
4(370 2726 2727 371)
4(296 372 2728 2652)
4(371 2727 2728 372)
4(297 373 2729 2653)
4(372 2728 2729 373)
4(298 374 2730 2654)
4(373 2729 2730 374)
4(299 375 2731 2655)
4(374 2730 2731 375)
4(300 376 2732 2656)
4(375 2731 2732 376)
4(301 377 2733 2657)
4(376 2732 2733 377)
4(302 378 2734 2658)
4(377 2733 2734 378)
4(378 2734 2735 379)
4(305 381 2737 2661)
4(380 2736 2737 381)
4(306 382 2738 2662)
4(381 2737 2738 382)
4(307 383 2739 2663)
4(382 2738 2739 383)
4(308 384 2740 2664)
4(383 2739 2740 384)
4(309 385 2741 2665)
4(384 2740 2741 385)
4(310 386 2742 2666)
4(385 2741 2742 386)
4(311 387 2743 2667)
4(386 2742 2743 387)
4(312 388 2744 2668)
4(387 2743 2744 388)
4(313 389 2745 2669)
4(388 2744 2745 389)
4(314 390 2746 2670)
4(389 2745 2746 390)
4(315 391 2747 2671)
4(390 2746 2747 391)
4(316 392 2748 2672)
4(391 2747 2748 392)
4(317 393 2749 2673)
4(392 2748 2749 393)
4(318 394 2750 2674)
4(393 2749 2750 394)
4(319 395 2751 2675)
4(394 2750 2751 395)
4(320 396 2752 2676)
4(395 2751 2752 396)
4(321 397 2753 2677)
4(396 2752 2753 397)
4(322 398 2754 2678)
4(397 2753 2754 398)
4(323 399 2755 2679)
4(398 2754 2755 399)
4(324 400 2756 2680)
4(399 2755 2756 400)
4(325 401 2757 2681)
4(400 2756 2757 401)
4(326 402 2758 2682)
4(401 2757 2758 402)
4(327 403 2759 2683)
4(402 2758 2759 403)
4(328 404 2760 2684)
4(403 2759 2760 404)
4(329 405 2761 2685)
4(404 2760 2761 405)
4(330 406 2762 2686)
4(405 2761 2762 406)
4(331 407 2763 2687)
4(406 2762 2763 407)
4(332 408 2764 2688)
4(407 2763 2764 408)
4(333 409 2765 2689)
4(408 2764 2765 409)
4(334 410 2766 2690)
4(409 2765 2766 410)
4(335 411 2767 2691)
4(410 2766 2767 411)
4(336 412 2768 2692)
4(411 2767 2768 412)
4(337 413 2769 2693)
4(412 2768 2769 413)
4(338 414 2770 2694)
4(413 2769 2770 414)
4(339 415 2771 2695)
4(414 2770 2771 415)
4(340 416 2772 2696)
4(415 2771 2772 416)
4(341 417 2773 2697)
4(416 2772 2773 417)
4(342 418 2774 2698)
4(417 2773 2774 418)
4(343 419 2775 2699)
4(418 2774 2775 419)
4(344 420 2776 2700)
4(419 2775 2776 420)
4(345 421 2777 2701)
4(420 2776 2777 421)
4(346 422 2778 2702)
4(421 2777 2778 422)
4(347 423 2779 2703)
4(422 2778 2779 423)
4(348 424 2780 2704)
4(423 2779 2780 424)
4(349 425 2781 2705)
4(424 2780 2781 425)
4(350 426 2782 2706)
4(425 2781 2782 426)
4(351 427 2783 2707)
4(426 2782 2783 427)
4(352 428 2784 2708)
4(427 2783 2784 428)
4(353 429 2785 2709)
4(428 2784 2785 429)
4(354 430 2786 2710)
4(429 2785 2786 430)
4(355 431 2787 2711)
4(430 2786 2787 431)
4(356 432 2788 2712)
4(431 2787 2788 432)
4(357 433 2789 2713)
4(432 2788 2789 433)
4(358 434 2790 2714)
4(433 2789 2790 434)
4(359 435 2791 2715)
4(434 2790 2791 435)
4(360 436 2792 2716)
4(435 2791 2792 436)
4(361 437 2793 2717)
4(436 2792 2793 437)
4(362 438 2794 2718)
4(437 2793 2794 438)
4(363 439 2795 2719)
4(438 2794 2795 439)
4(364 440 2796 2720)
4(439 2795 2796 440)
4(365 441 2797 2721)
4(440 2796 2797 441)
4(366 442 2798 2722)
4(441 2797 2798 442)
4(367 443 2799 2723)
4(442 2798 2799 443)
4(368 444 2800 2724)
4(443 2799 2800 444)
4(369 445 2801 2725)
4(444 2800 2801 445)
4(370 446 2802 2726)
4(445 2801 2802 446)
4(371 447 2803 2727)
4(446 2802 2803 447)
4(372 448 2804 2728)
4(447 2803 2804 448)
4(373 449 2805 2729)
4(448 2804 2805 449)
4(374 450 2806 2730)
4(449 2805 2806 450)
4(375 451 2807 2731)
4(450 2806 2807 451)
4(376 452 2808 2732)
4(451 2807 2808 452)
4(377 453 2809 2733)
4(452 2808 2809 453)
4(378 454 2810 2734)
4(453 2809 2810 454)
4(454 2810 2811 455)
4(381 457 2813 2737)
4(456 2812 2813 457)
4(382 458 2814 2738)
4(457 2813 2814 458)
4(383 459 2815 2739)
4(458 2814 2815 459)
4(384 460 2816 2740)
4(459 2815 2816 460)
4(385 461 2817 2741)
4(460 2816 2817 461)
4(386 462 2818 2742)
4(461 2817 2818 462)
4(387 463 2819 2743)
4(462 2818 2819 463)
4(388 464 2820 2744)
4(463 2819 2820 464)
4(389 465 2821 2745)
4(464 2820 2821 465)
4(390 466 2822 2746)
4(465 2821 2822 466)
4(391 467 2823 2747)
4(466 2822 2823 467)
4(392 468 2824 2748)
4(467 2823 2824 468)
4(393 469 2825 2749)
4(468 2824 2825 469)
4(394 470 2826 2750)
4(469 2825 2826 470)
4(395 471 2827 2751)
4(470 2826 2827 471)
4(396 472 2828 2752)
4(471 2827 2828 472)
4(397 473 2829 2753)
4(472 2828 2829 473)
4(398 474 2830 2754)
4(473 2829 2830 474)
4(399 475 2831 2755)
4(474 2830 2831 475)
4(400 476 2832 2756)
4(475 2831 2832 476)
4(401 477 2833 2757)
4(476 2832 2833 477)
4(402 478 2834 2758)
4(477 2833 2834 478)
4(403 479 2835 2759)
4(478 2834 2835 479)
4(404 480 2836 2760)
4(479 2835 2836 480)
4(405 481 2837 2761)
4(480 2836 2837 481)
4(406 482 2838 2762)
4(481 2837 2838 482)
4(407 483 2839 2763)
4(482 2838 2839 483)
4(408 484 2840 2764)
4(483 2839 2840 484)
4(409 485 2841 2765)
4(484 2840 2841 485)
4(410 486 2842 2766)
4(485 2841 2842 486)
4(411 487 2843 2767)
4(486 2842 2843 487)
4(412 488 2844 2768)
4(487 2843 2844 488)
4(413 489 2845 2769)
4(488 2844 2845 489)
4(414 490 2846 2770)
4(489 2845 2846 490)
4(415 491 2847 2771)
4(490 2846 2847 491)
4(416 492 2848 2772)
4(491 2847 2848 492)
4(417 493 2849 2773)
4(492 2848 2849 493)
4(418 494 2850 2774)
4(493 2849 2850 494)
4(419 495 2851 2775)
4(494 2850 2851 495)
4(420 496 2852 2776)
4(495 2851 2852 496)
4(421 497 2853 2777)
4(496 2852 2853 497)
4(422 498 2854 2778)
4(497 2853 2854 498)
4(423 499 2855 2779)
4(498 2854 2855 499)
4(424 500 2856 2780)
4(499 2855 2856 500)
4(425 501 2857 2781)
4(500 2856 2857 501)
4(426 502 2858 2782)
4(501 2857 2858 502)
4(427 503 2859 2783)
4(502 2858 2859 503)
4(428 504 2860 2784)
4(503 2859 2860 504)
4(429 505 2861 2785)
4(504 2860 2861 505)
4(430 506 2862 2786)
4(505 2861 2862 506)
4(431 507 2863 2787)
4(506 2862 2863 507)
4(432 508 2864 2788)
4(507 2863 2864 508)
4(433 509 2865 2789)
4(508 2864 2865 509)
4(434 510 2866 2790)
4(509 2865 2866 510)
4(435 511 2867 2791)
4(510 2866 2867 511)
4(436 512 2868 2792)
4(511 2867 2868 512)
4(437 513 2869 2793)
4(512 2868 2869 513)
4(438 514 2870 2794)
4(513 2869 2870 514)
4(439 515 2871 2795)
4(514 2870 2871 515)
4(440 516 2872 2796)
4(515 2871 2872 516)
4(441 517 2873 2797)
4(516 2872 2873 517)
4(442 518 2874 2798)
4(517 2873 2874 518)
4(443 519 2875 2799)
4(518 2874 2875 519)
4(444 520 2876 2800)
4(519 2875 2876 520)
4(445 521 2877 2801)
4(520 2876 2877 521)
4(446 522 2878 2802)
4(521 2877 2878 522)
4(447 523 2879 2803)
4(522 2878 2879 523)
4(448 524 2880 2804)
4(523 2879 2880 524)
4(449 525 2881 2805)
4(524 2880 2881 525)
4(450 526 2882 2806)
4(525 2881 2882 526)
4(451 527 2883 2807)
4(526 2882 2883 527)
4(452 528 2884 2808)
4(527 2883 2884 528)
4(453 529 2885 2809)
4(528 2884 2885 529)
4(454 530 2886 2810)
4(529 2885 2886 530)
4(530 2886 2887 531)
4(457 533 2889 2813)
4(532 2888 2889 533)
4(458 534 2890 2814)
4(533 2889 2890 534)
4(459 535 2891 2815)
4(534 2890 2891 535)
4(460 536 2892 2816)
4(535 2891 2892 536)
4(461 537 2893 2817)
4(536 2892 2893 537)
4(462 538 2894 2818)
4(537 2893 2894 538)
4(463 539 2895 2819)
4(538 2894 2895 539)
4(464 540 2896 2820)
4(539 2895 2896 540)
4(465 541 2897 2821)
4(540 2896 2897 541)
4(466 542 2898 2822)
4(541 2897 2898 542)
4(467 543 2899 2823)
4(542 2898 2899 543)
4(468 544 2900 2824)
4(543 2899 2900 544)
4(469 545 2901 2825)
4(544 2900 2901 545)
4(470 546 2902 2826)
4(545 2901 2902 546)
4(471 547 2903 2827)
4(546 2902 2903 547)
4(472 548 2904 2828)
4(547 2903 2904 548)
4(473 549 2905 2829)
4(548 2904 2905 549)
4(474 550 2906 2830)
4(549 2905 2906 550)
4(475 551 2907 2831)
4(550 2906 2907 551)
4(476 552 2908 2832)
4(551 2907 2908 552)
4(477 553 2909 2833)
4(552 2908 2909 553)
4(478 554 2910 2834)
4(553 2909 2910 554)
4(479 555 2911 2835)
4(554 2910 2911 555)
4(480 556 2912 2836)
4(555 2911 2912 556)
4(481 557 2913 2837)
4(556 2912 2913 557)
4(482 558 2914 2838)
4(557 2913 2914 558)
4(483 559 2915 2839)
4(558 2914 2915 559)
4(484 560 2916 2840)
4(559 2915 2916 560)
4(485 561 2917 2841)
4(560 2916 2917 561)
4(486 562 2918 2842)
4(561 2917 2918 562)
4(487 563 2919 2843)
4(562 2918 2919 563)
4(488 564 2920 2844)
4(563 2919 2920 564)
4(489 565 2921 2845)
4(564 2920 2921 565)
4(490 566 2922 2846)
4(565 2921 2922 566)
4(491 567 2923 2847)
4(566 2922 2923 567)
4(492 568 2924 2848)
4(567 2923 2924 568)
4(493 569 2925 2849)
4(568 2924 2925 569)
4(494 570 2926 2850)
4(569 2925 2926 570)
4(495 571 2927 2851)
4(570 2926 2927 571)
4(496 572 2928 2852)
4(571 2927 2928 572)
4(497 573 2929 2853)
4(572 2928 2929 573)
4(498 574 2930 2854)
4(573 2929 2930 574)
4(499 575 2931 2855)
4(574 2930 2931 575)
4(500 576 2932 2856)
4(575 2931 2932 576)
4(501 577 2933 2857)
4(576 2932 2933 577)
4(502 578 2934 2858)
4(577 2933 2934 578)
4(503 579 2935 2859)
4(578 2934 2935 579)
4(504 580 2936 2860)
4(579 2935 2936 580)
4(505 581 2937 2861)
4(580 2936 2937 581)
4(506 582 2938 2862)
4(581 2937 2938 582)
4(507 583 2939 2863)
4(582 2938 2939 583)
4(508 584 2940 2864)
4(583 2939 2940 584)
4(509 585 2941 2865)
4(584 2940 2941 585)
4(510 586 2942 2866)
4(585 2941 2942 586)
4(511 587 2943 2867)
4(586 2942 2943 587)
4(512 588 2944 2868)
4(587 2943 2944 588)
4(513 589 2945 2869)
4(588 2944 2945 589)
4(514 590 2946 2870)
4(589 2945 2946 590)
4(515 591 2947 2871)
4(590 2946 2947 591)
4(516 592 2948 2872)
4(591 2947 2948 592)
4(517 593 2949 2873)
4(592 2948 2949 593)
4(518 594 2950 2874)
4(593 2949 2950 594)
4(519 595 2951 2875)
4(594 2950 2951 595)
4(520 596 2952 2876)
4(595 2951 2952 596)
4(521 597 2953 2877)
4(596 2952 2953 597)
4(522 598 2954 2878)
4(597 2953 2954 598)
4(523 599 2955 2879)
4(598 2954 2955 599)
4(524 600 2956 2880)
4(599 2955 2956 600)
4(525 601 2957 2881)
4(600 2956 2957 601)
4(526 602 2958 2882)
4(601 2957 2958 602)
4(527 603 2959 2883)
4(602 2958 2959 603)
4(528 604 2960 2884)
4(603 2959 2960 604)
4(529 605 2961 2885)
4(604 2960 2961 605)
4(530 606 2962 2886)
4(605 2961 2962 606)
4(606 2962 2963 607)
4(533 609 2965 2889)
4(608 2964 2965 609)
4(534 610 2966 2890)
4(609 2965 2966 610)
4(535 611 2967 2891)
4(610 2966 2967 611)
4(536 612 2968 2892)
4(611 2967 2968 612)
4(537 613 2969 2893)
4(612 2968 2969 613)
4(538 614 2970 2894)
4(613 2969 2970 614)
4(539 615 2971 2895)
4(614 2970 2971 615)
4(540 616 2972 2896)
4(615 2971 2972 616)
4(541 617 2973 2897)
4(616 2972 2973 617)
4(542 618 2974 2898)
4(617 2973 2974 618)
4(543 619 2975 2899)
4(618 2974 2975 619)
4(544 620 2976 2900)
4(619 2975 2976 620)
4(545 621 2977 2901)
4(620 2976 2977 621)
4(546 622 2978 2902)
4(621 2977 2978 622)
4(547 623 2979 2903)
4(622 2978 2979 623)
4(548 624 2980 2904)
4(623 2979 2980 624)
4(549 625 2981 2905)
4(624 2980 2981 625)
4(550 626 2982 2906)
4(625 2981 2982 626)
4(551 627 2983 2907)
4(626 2982 2983 627)
4(552 628 2984 2908)
4(627 2983 2984 628)
4(553 629 2985 2909)
4(628 2984 2985 629)
4(554 630 2986 2910)
4(629 2985 2986 630)
4(555 631 2987 2911)
4(630 2986 2987 631)
4(556 632 2988 2912)
4(631 2987 2988 632)
4(557 633 2989 2913)
4(632 2988 2989 633)
4(558 634 2990 2914)
4(633 2989 2990 634)
4(559 635 2991 2915)
4(634 2990 2991 635)
4(560 636 2992 2916)
4(635 2991 2992 636)
4(561 637 2993 2917)
4(636 2992 2993 637)
4(562 638 2994 2918)
4(637 2993 2994 638)
4(563 639 2995 2919)
4(638 2994 2995 639)
4(564 640 2996 2920)
4(639 2995 2996 640)
4(565 641 2997 2921)
4(640 2996 2997 641)
4(566 642 2998 2922)
4(641 2997 2998 642)
4(567 643 2999 2923)
4(642 2998 2999 643)
4(568 644 3000 2924)
4(643 2999 3000 644)
4(569 645 3001 2925)
4(644 3000 3001 645)
4(570 646 3002 2926)
4(645 3001 3002 646)
4(571 647 3003 2927)
4(646 3002 3003 647)
4(572 648 3004 2928)
4(647 3003 3004 648)
4(573 649 3005 2929)
4(648 3004 3005 649)
4(574 650 3006 2930)
4(649 3005 3006 650)
4(575 651 3007 2931)
4(650 3006 3007 651)
4(576 652 3008 2932)
4(651 3007 3008 652)
4(577 653 3009 2933)
4(652 3008 3009 653)
4(578 654 3010 2934)
4(653 3009 3010 654)
4(579 655 3011 2935)
4(654 3010 3011 655)
4(580 656 3012 2936)
4(655 3011 3012 656)
4(581 657 3013 2937)
4(656 3012 3013 657)
4(582 658 3014 2938)
4(657 3013 3014 658)
4(583 659 3015 2939)
4(658 3014 3015 659)
4(584 660 3016 2940)
4(659 3015 3016 660)
4(585 661 3017 2941)
4(660 3016 3017 661)
4(586 662 3018 2942)
4(661 3017 3018 662)
4(587 663 3019 2943)
4(662 3018 3019 663)
4(588 664 3020 2944)
4(663 3019 3020 664)
4(589 665 3021 2945)
4(664 3020 3021 665)
4(590 666 3022 2946)
4(665 3021 3022 666)
4(591 667 3023 2947)
4(666 3022 3023 667)
4(592 668 3024 2948)
4(667 3023 3024 668)
4(593 669 3025 2949)
4(668 3024 3025 669)
4(594 670 3026 2950)
4(669 3025 3026 670)
4(595 671 3027 2951)
4(670 3026 3027 671)
4(596 672 3028 2952)
4(671 3027 3028 672)
4(597 673 3029 2953)
4(672 3028 3029 673)
4(598 674 3030 2954)
4(673 3029 3030 674)
4(599 675 3031 2955)
4(674 3030 3031 675)
4(600 676 3032 2956)
4(675 3031 3032 676)
4(601 677 3033 2957)
4(676 3032 3033 677)
4(602 678 3034 2958)
4(677 3033 3034 678)
4(603 679 3035 2959)
4(678 3034 3035 679)
4(604 680 3036 2960)
4(679 3035 3036 680)
4(605 681 3037 2961)
4(680 3036 3037 681)
4(606 682 3038 2962)
4(681 3037 3038 682)
4(682 3038 3039 683)
4(609 685 3041 2965)
4(684 3040 3041 685)
4(610 686 3042 2966)
4(685 3041 3042 686)
4(611 687 3043 2967)
4(686 3042 3043 687)
4(612 688 3044 2968)
4(687 3043 3044 688)
4(613 689 3045 2969)
4(688 3044 3045 689)
4(614 690 3046 2970)
4(689 3045 3046 690)
4(615 691 3047 2971)
4(690 3046 3047 691)
4(616 692 3048 2972)
4(691 3047 3048 692)
4(617 693 3049 2973)
4(692 3048 3049 693)
4(618 694 3050 2974)
4(693 3049 3050 694)
4(619 695 3051 2975)
4(694 3050 3051 695)
4(620 696 3052 2976)
4(695 3051 3052 696)
4(621 697 3053 2977)
4(696 3052 3053 697)
4(622 698 3054 2978)
4(697 3053 3054 698)
4(623 699 3055 2979)
4(698 3054 3055 699)
4(624 700 3056 2980)
4(699 3055 3056 700)
4(625 701 3057 2981)
4(700 3056 3057 701)
4(626 702 3058 2982)
4(701 3057 3058 702)
4(627 703 3059 2983)
4(702 3058 3059 703)
4(628 704 3060 2984)
4(703 3059 3060 704)
4(629 705 3061 2985)
4(704 3060 3061 705)
4(630 706 3062 2986)
4(705 3061 3062 706)
4(631 707 3063 2987)
4(706 3062 3063 707)
4(632 708 3064 2988)
4(707 3063 3064 708)
4(633 709 3065 2989)
4(708 3064 3065 709)
4(634 710 3066 2990)
4(709 3065 3066 710)
4(635 711 3067 2991)
4(710 3066 3067 711)
4(636 712 3068 2992)
4(711 3067 3068 712)
4(637 713 3069 2993)
4(712 3068 3069 713)
4(638 714 3070 2994)
4(713 3069 3070 714)
4(639 715 3071 2995)
4(714 3070 3071 715)
4(640 716 3072 2996)
4(715 3071 3072 716)
4(641 717 3073 2997)
4(716 3072 3073 717)
4(642 718 3074 2998)
4(717 3073 3074 718)
4(643 719 3075 2999)
4(718 3074 3075 719)
4(644 720 3076 3000)
4(719 3075 3076 720)
4(645 721 3077 3001)
4(720 3076 3077 721)
4(646 722 3078 3002)
4(721 3077 3078 722)
4(647 723 3079 3003)
4(722 3078 3079 723)
4(648 724 3080 3004)
4(723 3079 3080 724)
4(649 725 3081 3005)
4(724 3080 3081 725)
4(650 726 3082 3006)
4(725 3081 3082 726)
4(651 727 3083 3007)
4(726 3082 3083 727)
4(652 728 3084 3008)
4(727 3083 3084 728)
4(653 729 3085 3009)
4(728 3084 3085 729)
4(654 730 3086 3010)
4(729 3085 3086 730)
4(655 731 3087 3011)
4(730 3086 3087 731)
4(656 732 3088 3012)
4(731 3087 3088 732)
4(657 733 3089 3013)
4(732 3088 3089 733)
4(658 734 3090 3014)
4(733 3089 3090 734)
4(659 735 3091 3015)
4(734 3090 3091 735)
4(660 736 3092 3016)
4(735 3091 3092 736)
4(661 737 3093 3017)
4(736 3092 3093 737)
4(662 738 3094 3018)
4(737 3093 3094 738)
4(663 739 3095 3019)
4(738 3094 3095 739)
4(664 740 3096 3020)
4(739 3095 3096 740)
4(665 741 3097 3021)
4(740 3096 3097 741)
4(666 742 3098 3022)
4(741 3097 3098 742)
4(667 743 3099 3023)
4(742 3098 3099 743)
4(668 744 3100 3024)
4(743 3099 3100 744)
4(669 745 3101 3025)
4(744 3100 3101 745)
4(670 746 3102 3026)
4(745 3101 3102 746)
4(671 747 3103 3027)
4(746 3102 3103 747)
4(672 748 3104 3028)
4(747 3103 3104 748)
4(673 749 3105 3029)
4(748 3104 3105 749)
4(674 750 3106 3030)
4(749 3105 3106 750)
4(675 751 3107 3031)
4(750 3106 3107 751)
4(676 752 3108 3032)
4(751 3107 3108 752)
4(677 753 3109 3033)
4(752 3108 3109 753)
4(678 754 3110 3034)
4(753 3109 3110 754)
4(679 755 3111 3035)
4(754 3110 3111 755)
4(680 756 3112 3036)
4(755 3111 3112 756)
4(681 757 3113 3037)
4(756 3112 3113 757)
4(682 758 3114 3038)
4(757 3113 3114 758)
4(758 3114 3115 759)
4(685 761 3117 3041)
4(760 3116 3117 761)
4(686 762 3118 3042)
4(761 3117 3118 762)
4(687 763 3119 3043)
4(762 3118 3119 763)
4(688 764 3120 3044)
4(763 3119 3120 764)
4(689 765 3121 3045)
4(764 3120 3121 765)
4(690 766 3122 3046)
4(765 3121 3122 766)
4(691 767 3123 3047)
4(766 3122 3123 767)
4(692 768 3124 3048)
4(767 3123 3124 768)
4(693 769 3125 3049)
4(768 3124 3125 769)
4(694 770 3126 3050)
4(769 3125 3126 770)
4(695 771 3127 3051)
4(770 3126 3127 771)
4(696 772 3128 3052)
4(771 3127 3128 772)
4(697 773 3129 3053)
4(772 3128 3129 773)
4(698 774 3130 3054)
4(773 3129 3130 774)
4(699 775 3131 3055)
4(774 3130 3131 775)
4(700 776 3132 3056)
4(775 3131 3132 776)
4(701 777 3133 3057)
4(776 3132 3133 777)
4(702 778 3134 3058)
4(777 3133 3134 778)
4(703 779 3135 3059)
4(778 3134 3135 779)
4(704 780 3136 3060)
4(779 3135 3136 780)
4(705 781 3137 3061)
4(780 3136 3137 781)
4(706 782 3138 3062)
4(781 3137 3138 782)
4(707 783 3139 3063)
4(782 3138 3139 783)
4(708 784 3140 3064)
4(783 3139 3140 784)
4(709 785 3141 3065)
4(784 3140 3141 785)
4(710 786 3142 3066)
4(785 3141 3142 786)
4(711 787 3143 3067)
4(786 3142 3143 787)
4(712 788 3144 3068)
4(787 3143 3144 788)
4(713 789 3145 3069)
4(788 3144 3145 789)
4(714 790 3146 3070)
4(789 3145 3146 790)
4(715 791 3147 3071)
4(790 3146 3147 791)
4(716 792 3148 3072)
4(791 3147 3148 792)
4(717 793 3149 3073)
4(792 3148 3149 793)
4(718 794 3150 3074)
4(793 3149 3150 794)
4(719 795 3151 3075)
4(794 3150 3151 795)
4(720 796 3152 3076)
4(795 3151 3152 796)
4(721 797 3153 3077)
4(796 3152 3153 797)
4(722 798 3154 3078)
4(797 3153 3154 798)
4(723 799 3155 3079)
4(798 3154 3155 799)
4(724 800 3156 3080)
4(799 3155 3156 800)
4(725 801 3157 3081)
4(800 3156 3157 801)
4(726 802 3158 3082)
4(801 3157 3158 802)
4(727 803 3159 3083)
4(802 3158 3159 803)
4(728 804 3160 3084)
4(803 3159 3160 804)
4(729 805 3161 3085)
4(804 3160 3161 805)
4(730 806 3162 3086)
4(805 3161 3162 806)
4(731 807 3163 3087)
4(806 3162 3163 807)
4(732 808 3164 3088)
4(807 3163 3164 808)
4(733 809 3165 3089)
4(808 3164 3165 809)
4(734 810 3166 3090)
4(809 3165 3166 810)
4(735 811 3167 3091)
4(810 3166 3167 811)
4(736 812 3168 3092)
4(811 3167 3168 812)
4(737 813 3169 3093)
4(812 3168 3169 813)
4(738 814 3170 3094)
4(813 3169 3170 814)
4(739 815 3171 3095)
4(814 3170 3171 815)
4(740 816 3172 3096)
4(815 3171 3172 816)
4(741 817 3173 3097)
4(816 3172 3173 817)
4(742 818 3174 3098)
4(817 3173 3174 818)
4(743 819 3175 3099)
4(818 3174 3175 819)
4(744 820 3176 3100)
4(819 3175 3176 820)
4(745 821 3177 3101)
4(820 3176 3177 821)
4(746 822 3178 3102)
4(821 3177 3178 822)
4(747 823 3179 3103)
4(822 3178 3179 823)
4(748 824 3180 3104)
4(823 3179 3180 824)
4(749 825 3181 3105)
4(824 3180 3181 825)
4(750 826 3182 3106)
4(825 3181 3182 826)
4(751 827 3183 3107)
4(826 3182 3183 827)
4(752 828 3184 3108)
4(827 3183 3184 828)
4(753 829 3185 3109)
4(828 3184 3185 829)
4(754 830 3186 3110)
4(829 3185 3186 830)
4(755 831 3187 3111)
4(830 3186 3187 831)
4(756 832 3188 3112)
4(831 3187 3188 832)
4(757 833 3189 3113)
4(832 3188 3189 833)
4(758 834 3190 3114)
4(833 3189 3190 834)
4(834 3190 3191 835)
4(761 837 3193 3117)
4(836 3192 3193 837)
4(762 838 3194 3118)
4(837 3193 3194 838)
4(763 839 3195 3119)
4(838 3194 3195 839)
4(764 840 3196 3120)
4(839 3195 3196 840)
4(765 841 3197 3121)
4(840 3196 3197 841)
4(766 842 3198 3122)
4(841 3197 3198 842)
4(767 843 3199 3123)
4(842 3198 3199 843)
4(768 844 3200 3124)
4(843 3199 3200 844)
4(769 845 3201 3125)
4(844 3200 3201 845)
4(770 846 3202 3126)
4(845 3201 3202 846)
4(771 847 3203 3127)
4(846 3202 3203 847)
4(772 848 3204 3128)
4(847 3203 3204 848)
4(773 849 3205 3129)
4(848 3204 3205 849)
4(774 850 3206 3130)
4(849 3205 3206 850)
4(775 851 3207 3131)
4(850 3206 3207 851)
4(776 852 3208 3132)
4(851 3207 3208 852)
4(777 853 3209 3133)
4(852 3208 3209 853)
4(778 854 3210 3134)
4(853 3209 3210 854)
4(779 855 3211 3135)
4(854 3210 3211 855)
4(780 856 3212 3136)
4(855 3211 3212 856)
4(781 857 3213 3137)
4(856 3212 3213 857)
4(782 858 3214 3138)
4(857 3213 3214 858)
4(783 859 3215 3139)
4(858 3214 3215 859)
4(784 860 3216 3140)
4(859 3215 3216 860)
4(785 861 3217 3141)
4(860 3216 3217 861)
4(786 862 3218 3142)
4(861 3217 3218 862)
4(787 863 3219 3143)
4(862 3218 3219 863)
4(788 864 3220 3144)
4(863 3219 3220 864)
4(789 865 3221 3145)
4(864 3220 3221 865)
4(790 866 3222 3146)
4(865 3221 3222 866)
4(791 867 3223 3147)
4(866 3222 3223 867)
4(792 868 3224 3148)
4(867 3223 3224 868)
4(793 869 3225 3149)
4(868 3224 3225 869)
4(794 870 3226 3150)
4(869 3225 3226 870)
4(795 871 3227 3151)
4(870 3226 3227 871)
4(796 872 3228 3152)
4(871 3227 3228 872)
4(797 873 3229 3153)
4(872 3228 3229 873)
4(798 874 3230 3154)
4(873 3229 3230 874)
4(799 875 3231 3155)
4(874 3230 3231 875)
4(800 876 3232 3156)
4(875 3231 3232 876)
4(801 877 3233 3157)
4(876 3232 3233 877)
4(802 878 3234 3158)
4(877 3233 3234 878)
4(803 879 3235 3159)
4(878 3234 3235 879)
4(804 880 3236 3160)
4(879 3235 3236 880)
4(805 881 3237 3161)
4(880 3236 3237 881)
4(806 882 3238 3162)
4(881 3237 3238 882)
4(807 883 3239 3163)
4(882 3238 3239 883)
4(808 884 3240 3164)
4(883 3239 3240 884)
4(809 885 3241 3165)
4(884 3240 3241 885)
4(810 886 3242 3166)
4(885 3241 3242 886)
4(811 887 3243 3167)
4(886 3242 3243 887)
4(812 888 3244 3168)
4(887 3243 3244 888)
4(813 889 3245 3169)
4(888 3244 3245 889)
4(814 890 3246 3170)
4(889 3245 3246 890)
4(815 891 3247 3171)
4(890 3246 3247 891)
4(816 892 3248 3172)
4(891 3247 3248 892)
4(817 893 3249 3173)
4(892 3248 3249 893)
4(818 894 3250 3174)
4(893 3249 3250 894)
4(819 895 3251 3175)
4(894 3250 3251 895)
4(820 896 3252 3176)
4(895 3251 3252 896)
4(821 897 3253 3177)
4(896 3252 3253 897)
4(822 898 3254 3178)
4(897 3253 3254 898)
4(823 899 3255 3179)
4(898 3254 3255 899)
4(824 900 3256 3180)
4(899 3255 3256 900)
4(825 901 3257 3181)
4(900 3256 3257 901)
4(826 902 3258 3182)
4(901 3257 3258 902)
4(827 903 3259 3183)
4(902 3258 3259 903)
4(828 904 3260 3184)
4(903 3259 3260 904)
4(829 905 3261 3185)
4(904 3260 3261 905)
4(830 906 3262 3186)
4(905 3261 3262 906)
4(831 907 3263 3187)
4(906 3262 3263 907)
4(832 908 3264 3188)
4(907 3263 3264 908)
4(833 909 3265 3189)
4(908 3264 3265 909)
4(834 910 3266 3190)
4(909 3265 3266 910)
4(910 3266 3267 911)
4(837 913 3269 3193)
4(912 3268 3269 913)
4(838 914 3270 3194)
4(913 3269 3270 914)
4(839 915 3271 3195)
4(914 3270 3271 915)
4(840 916 3272 3196)
4(915 3271 3272 916)
4(841 917 3273 3197)
4(916 3272 3273 917)
4(842 918 3274 3198)
4(917 3273 3274 918)
4(843 919 3275 3199)
4(918 3274 3275 919)
4(844 920 3276 3200)
4(919 3275 3276 920)
4(845 921 3277 3201)
4(920 3276 3277 921)
4(846 922 3278 3202)
4(921 3277 3278 922)
4(847 923 3279 3203)
4(922 3278 3279 923)
4(848 924 3280 3204)
4(923 3279 3280 924)
4(849 925 3281 3205)
4(924 3280 3281 925)
4(850 926 3282 3206)
4(925 3281 3282 926)
4(851 927 3283 3207)
4(926 3282 3283 927)
4(852 928 3284 3208)
4(927 3283 3284 928)
4(853 929 3285 3209)
4(928 3284 3285 929)
4(854 930 3286 3210)
4(929 3285 3286 930)
4(855 931 3287 3211)
4(930 3286 3287 931)
4(856 932 3288 3212)
4(931 3287 3288 932)
4(857 933 3289 3213)
4(932 3288 3289 933)
4(858 934 3290 3214)
4(933 3289 3290 934)
4(859 935 3291 3215)
4(934 3290 3291 935)
4(860 936 3292 3216)
4(935 3291 3292 936)
4(861 937 3293 3217)
4(936 3292 3293 937)
4(862 938 3294 3218)
4(937 3293 3294 938)
4(863 939 3295 3219)
4(938 3294 3295 939)
4(864 940 3296 3220)
4(939 3295 3296 940)
4(865 941 3297 3221)
4(940 3296 3297 941)
4(866 942 3298 3222)
4(941 3297 3298 942)
4(867 943 3299 3223)
4(942 3298 3299 943)
4(868 944 3300 3224)
4(943 3299 3300 944)
4(869 945 3301 3225)
4(944 3300 3301 945)
4(870 946 3302 3226)
4(945 3301 3302 946)
4(871 947 3303 3227)
4(946 3302 3303 947)
4(872 948 3304 3228)
4(947 3303 3304 948)
4(873 949 3305 3229)
4(948 3304 3305 949)
4(874 950 3306 3230)
4(949 3305 3306 950)
4(875 951 3307 3231)
4(950 3306 3307 951)
4(876 952 3308 3232)
4(951 3307 3308 952)
4(877 953 3309 3233)
4(952 3308 3309 953)
4(878 954 3310 3234)
4(953 3309 3310 954)
4(879 955 3311 3235)
4(954 3310 3311 955)
4(880 956 3312 3236)
4(955 3311 3312 956)
4(881 957 3313 3237)
4(956 3312 3313 957)
4(882 958 3314 3238)
4(957 3313 3314 958)
4(883 959 3315 3239)
4(958 3314 3315 959)
4(884 960 3316 3240)
4(959 3315 3316 960)
4(885 961 3317 3241)
4(960 3316 3317 961)
4(886 962 3318 3242)
4(961 3317 3318 962)
4(887 963 3319 3243)
4(962 3318 3319 963)
4(888 964 3320 3244)
4(963 3319 3320 964)
4(889 965 3321 3245)
4(964 3320 3321 965)
4(890 966 3322 3246)
4(965 3321 3322 966)
4(891 967 3323 3247)
4(966 3322 3323 967)
4(892 968 3324 3248)
4(967 3323 3324 968)
4(893 969 3325 3249)
4(968 3324 3325 969)
4(894 970 3326 3250)
4(969 3325 3326 970)
4(895 971 3327 3251)
4(970 3326 3327 971)
4(896 972 3328 3252)
4(971 3327 3328 972)
4(897 973 3329 3253)
4(972 3328 3329 973)
4(898 974 3330 3254)
4(973 3329 3330 974)
4(899 975 3331 3255)
4(974 3330 3331 975)
4(900 976 3332 3256)
4(975 3331 3332 976)
4(901 977 3333 3257)
4(976 3332 3333 977)
4(902 978 3334 3258)
4(977 3333 3334 978)
4(903 979 3335 3259)
4(978 3334 3335 979)
4(904 980 3336 3260)
4(979 3335 3336 980)
4(905 981 3337 3261)
4(980 3336 3337 981)
4(906 982 3338 3262)
4(981 3337 3338 982)
4(907 983 3339 3263)
4(982 3338 3339 983)
4(908 984 3340 3264)
4(983 3339 3340 984)
4(909 985 3341 3265)
4(984 3340 3341 985)
4(910 986 3342 3266)
4(985 3341 3342 986)
4(986 3342 3343 987)
4(913 989 3345 3269)
4(988 3344 3345 989)
4(914 990 3346 3270)
4(989 3345 3346 990)
4(915 991 3347 3271)
4(990 3346 3347 991)
4(916 992 3348 3272)
4(991 3347 3348 992)
4(917 993 3349 3273)
4(992 3348 3349 993)
4(918 994 3350 3274)
4(993 3349 3350 994)
4(919 995 3351 3275)
4(994 3350 3351 995)
4(920 996 3352 3276)
4(995 3351 3352 996)
4(921 997 3353 3277)
4(996 3352 3353 997)
4(922 998 3354 3278)
4(997 3353 3354 998)
4(923 999 3355 3279)
4(998 3354 3355 999)
4(924 1000 3356 3280)
4(999 3355 3356 1000)
4(925 1001 3357 3281)
4(1000 3356 3357 1001)
4(926 1002 3358 3282)
4(1001 3357 3358 1002)
4(927 1003 3359 3283)
4(1002 3358 3359 1003)
4(928 1004 3360 3284)
4(1003 3359 3360 1004)
4(929 1005 3361 3285)
4(1004 3360 3361 1005)
4(930 1006 3362 3286)
4(1005 3361 3362 1006)
4(931 1007 3363 3287)
4(1006 3362 3363 1007)
4(932 1008 3364 3288)
4(1007 3363 3364 1008)
4(933 1009 3365 3289)
4(1008 3364 3365 1009)
4(934 1010 3366 3290)
4(1009 3365 3366 1010)
4(935 1011 3367 3291)
4(1010 3366 3367 1011)
4(936 1012 3368 3292)
4(1011 3367 3368 1012)
4(937 1013 3369 3293)
4(1012 3368 3369 1013)
4(938 1014 3370 3294)
4(1013 3369 3370 1014)
4(939 1015 3371 3295)
4(1014 3370 3371 1015)
4(940 1016 3372 3296)
4(1015 3371 3372 1016)
4(941 1017 3373 3297)
4(1016 3372 3373 1017)
4(942 1018 3374 3298)
4(1017 3373 3374 1018)
4(943 1019 3375 3299)
4(1018 3374 3375 1019)
4(944 1020 3376 3300)
4(1019 3375 3376 1020)
4(945 1021 3377 3301)
4(1020 3376 3377 1021)
4(946 1022 3378 3302)
4(1021 3377 3378 1022)
4(947 1023 3379 3303)
4(1022 3378 3379 1023)
4(948 1024 3380 3304)
4(1023 3379 3380 1024)
4(949 1025 3381 3305)
4(1024 3380 3381 1025)
4(950 1026 3382 3306)
4(1025 3381 3382 1026)
4(951 1027 3383 3307)
4(1026 3382 3383 1027)
4(952 1028 3384 3308)
4(1027 3383 3384 1028)
4(953 1029 3385 3309)
4(1028 3384 3385 1029)
4(954 1030 3386 3310)
4(1029 3385 3386 1030)
4(955 1031 3387 3311)
4(1030 3386 3387 1031)
4(956 1032 3388 3312)
4(1031 3387 3388 1032)
4(957 1033 3389 3313)
4(1032 3388 3389 1033)
4(958 1034 3390 3314)
4(1033 3389 3390 1034)
4(959 1035 3391 3315)
4(1034 3390 3391 1035)
4(960 1036 3392 3316)
4(1035 3391 3392 1036)
4(961 1037 3393 3317)
4(1036 3392 3393 1037)
4(962 1038 3394 3318)
4(1037 3393 3394 1038)
4(963 1039 3395 3319)
4(1038 3394 3395 1039)
4(964 1040 3396 3320)
4(1039 3395 3396 1040)
4(965 1041 3397 3321)
4(1040 3396 3397 1041)
4(966 1042 3398 3322)
4(1041 3397 3398 1042)
4(967 1043 3399 3323)
4(1042 3398 3399 1043)
4(968 1044 3400 3324)
4(1043 3399 3400 1044)
4(969 1045 3401 3325)
4(1044 3400 3401 1045)
4(970 1046 3402 3326)
4(1045 3401 3402 1046)
4(971 1047 3403 3327)
4(1046 3402 3403 1047)
4(972 1048 3404 3328)
4(1047 3403 3404 1048)
4(973 1049 3405 3329)
4(1048 3404 3405 1049)
4(974 1050 3406 3330)
4(1049 3405 3406 1050)
4(975 1051 3407 3331)
4(1050 3406 3407 1051)
4(976 1052 3408 3332)
4(1051 3407 3408 1052)
4(977 1053 3409 3333)
4(1052 3408 3409 1053)
4(978 1054 3410 3334)
4(1053 3409 3410 1054)
4(979 1055 3411 3335)
4(1054 3410 3411 1055)
4(980 1056 3412 3336)
4(1055 3411 3412 1056)
4(981 1057 3413 3337)
4(1056 3412 3413 1057)
4(982 1058 3414 3338)
4(1057 3413 3414 1058)
4(983 1059 3415 3339)
4(1058 3414 3415 1059)
4(984 1060 3416 3340)
4(1059 3415 3416 1060)
4(985 1061 3417 3341)
4(1060 3416 3417 1061)
4(986 1062 3418 3342)
4(1061 3417 3418 1062)
4(1062 3418 3419 1063)
4(989 1065 3421 3345)
4(1064 3420 3421 1065)
4(990 1066 3422 3346)
4(1065 3421 3422 1066)
4(991 1067 3423 3347)
4(1066 3422 3423 1067)
4(992 1068 3424 3348)
4(1067 3423 3424 1068)
4(993 1069 3425 3349)
4(1068 3424 3425 1069)
4(994 1070 3426 3350)
4(1069 3425 3426 1070)
4(995 1071 3427 3351)
4(1070 3426 3427 1071)
4(996 1072 3428 3352)
4(1071 3427 3428 1072)
4(997 1073 3429 3353)
4(1072 3428 3429 1073)
4(998 1074 3430 3354)
4(1073 3429 3430 1074)
4(999 1075 3431 3355)
4(1074 3430 3431 1075)
4(1000 1076 3432 3356)
4(1075 3431 3432 1076)
4(1001 1077 3433 3357)
4(1076 3432 3433 1077)
4(1002 1078 3434 3358)
4(1077 3433 3434 1078)
4(1003 1079 3435 3359)
4(1078 3434 3435 1079)
4(1004 1080 3436 3360)
4(1079 3435 3436 1080)
4(1005 1081 3437 3361)
4(1080 3436 3437 1081)
4(1006 1082 3438 3362)
4(1081 3437 3438 1082)
4(1007 1083 3439 3363)
4(1082 3438 3439 1083)
4(1008 1084 3440 3364)
4(1083 3439 3440 1084)
4(1009 1085 3441 3365)
4(1084 3440 3441 1085)
4(1010 1086 3442 3366)
4(1085 3441 3442 1086)
4(1011 1087 3443 3367)
4(1086 3442 3443 1087)
4(1012 1088 3444 3368)
4(1087 3443 3444 1088)
4(1013 1089 3445 3369)
4(1088 3444 3445 1089)
4(1014 1090 3446 3370)
4(1089 3445 3446 1090)
4(1015 1091 3447 3371)
4(1090 3446 3447 1091)
4(1016 1092 3448 3372)
4(1091 3447 3448 1092)
4(1017 1093 3449 3373)
4(1092 3448 3449 1093)
4(1018 1094 3450 3374)
4(1093 3449 3450 1094)
4(1019 1095 3451 3375)
4(1094 3450 3451 1095)
4(1020 1096 3452 3376)
4(1095 3451 3452 1096)
4(1021 1097 3453 3377)
4(1096 3452 3453 1097)
4(1022 1098 3454 3378)
4(1097 3453 3454 1098)
4(1023 1099 3455 3379)
4(1098 3454 3455 1099)
4(1024 1100 3456 3380)
4(1099 3455 3456 1100)
4(1025 1101 3457 3381)
4(1100 3456 3457 1101)
4(1026 1102 3458 3382)
4(1101 3457 3458 1102)
4(1027 1103 3459 3383)
4(1102 3458 3459 1103)
4(1028 1104 3460 3384)
4(1103 3459 3460 1104)
4(1029 1105 3461 3385)
4(1104 3460 3461 1105)
4(1030 1106 3462 3386)
4(1105 3461 3462 1106)
4(1031 1107 3463 3387)
4(1106 3462 3463 1107)
4(1032 1108 3464 3388)
4(1107 3463 3464 1108)
4(1033 1109 3465 3389)
4(1108 3464 3465 1109)
4(1034 1110 3466 3390)
4(1109 3465 3466 1110)
4(1035 1111 3467 3391)
4(1110 3466 3467 1111)
4(1036 1112 3468 3392)
4(1111 3467 3468 1112)
4(1037 1113 3469 3393)
4(1112 3468 3469 1113)
4(1038 1114 3470 3394)
4(1113 3469 3470 1114)
4(1039 1115 3471 3395)
4(1114 3470 3471 1115)
4(1040 1116 3472 3396)
4(1115 3471 3472 1116)
4(1041 1117 3473 3397)
4(1116 3472 3473 1117)
4(1042 1118 3474 3398)
4(1117 3473 3474 1118)
4(1043 1119 3475 3399)
4(1118 3474 3475 1119)
4(1044 1120 3476 3400)
4(1119 3475 3476 1120)
4(1045 1121 3477 3401)
4(1120 3476 3477 1121)
4(1046 1122 3478 3402)
4(1121 3477 3478 1122)
4(1047 1123 3479 3403)
4(1122 3478 3479 1123)
4(1048 1124 3480 3404)
4(1123 3479 3480 1124)
4(1049 1125 3481 3405)
4(1124 3480 3481 1125)
4(1050 1126 3482 3406)
4(1125 3481 3482 1126)
4(1051 1127 3483 3407)
4(1126 3482 3483 1127)
4(1052 1128 3484 3408)
4(1127 3483 3484 1128)
4(1053 1129 3485 3409)
4(1128 3484 3485 1129)
4(1054 1130 3486 3410)
4(1129 3485 3486 1130)
4(1055 1131 3487 3411)
4(1130 3486 3487 1131)
4(1056 1132 3488 3412)
4(1131 3487 3488 1132)
4(1057 1133 3489 3413)
4(1132 3488 3489 1133)
4(1058 1134 3490 3414)
4(1133 3489 3490 1134)
4(1059 1135 3491 3415)
4(1134 3490 3491 1135)
4(1060 1136 3492 3416)
4(1135 3491 3492 1136)
4(1061 1137 3493 3417)
4(1136 3492 3493 1137)
4(1062 1138 3494 3418)
4(1137 3493 3494 1138)
4(1138 3494 3495 1139)
4(1065 1141 3497 3421)
4(1140 3496 3497 1141)
4(1066 1142 3498 3422)
4(1141 3497 3498 1142)
4(1067 1143 3499 3423)
4(1142 3498 3499 1143)
4(1068 1144 3500 3424)
4(1143 3499 3500 1144)
4(1069 1145 3501 3425)
4(1144 3500 3501 1145)
4(1070 1146 3502 3426)
4(1145 3501 3502 1146)
4(1071 1147 3503 3427)
4(1146 3502 3503 1147)
4(1072 1148 3504 3428)
4(1147 3503 3504 1148)
4(1073 1149 3505 3429)
4(1148 3504 3505 1149)
4(1074 1150 3506 3430)
4(1149 3505 3506 1150)
4(1075 1151 3507 3431)
4(1150 3506 3507 1151)
4(1076 1152 3508 3432)
4(1151 3507 3508 1152)
4(1077 1153 3509 3433)
4(1152 3508 3509 1153)
4(1078 1154 3510 3434)
4(1153 3509 3510 1154)
4(1079 1155 3511 3435)
4(1154 3510 3511 1155)
4(1080 1156 3512 3436)
4(1155 3511 3512 1156)
4(1081 1157 3513 3437)
4(1156 3512 3513 1157)
4(1082 1158 3514 3438)
4(1157 3513 3514 1158)
4(1083 1159 3515 3439)
4(1158 3514 3515 1159)
4(1084 1160 3516 3440)
4(1159 3515 3516 1160)
4(1085 1161 3517 3441)
4(1160 3516 3517 1161)
4(1086 1162 3518 3442)
4(1161 3517 3518 1162)
4(1087 1163 3519 3443)
4(1162 3518 3519 1163)
4(1088 1164 3520 3444)
4(1163 3519 3520 1164)
4(1089 1165 3521 3445)
4(1164 3520 3521 1165)
4(1090 1166 3522 3446)
4(1165 3521 3522 1166)
4(1091 1167 3523 3447)
4(1166 3522 3523 1167)
4(1092 1168 3524 3448)
4(1167 3523 3524 1168)
4(1093 1169 3525 3449)
4(1168 3524 3525 1169)
4(1094 1170 3526 3450)
4(1169 3525 3526 1170)
4(1095 1171 3527 3451)
4(1170 3526 3527 1171)
4(1096 1172 3528 3452)
4(1171 3527 3528 1172)
4(1097 1173 3529 3453)
4(1172 3528 3529 1173)
4(1098 1174 3530 3454)
4(1173 3529 3530 1174)
4(1099 1175 3531 3455)
4(1174 3530 3531 1175)
4(1100 1176 3532 3456)
4(1175 3531 3532 1176)
4(1101 1177 3533 3457)
4(1176 3532 3533 1177)
4(1102 1178 3534 3458)
4(1177 3533 3534 1178)
4(1103 1179 3535 3459)
4(1178 3534 3535 1179)
4(1104 1180 3536 3460)
4(1179 3535 3536 1180)
4(1105 1181 3537 3461)
4(1180 3536 3537 1181)
4(1106 1182 3538 3462)
4(1181 3537 3538 1182)
4(1107 1183 3539 3463)
4(1182 3538 3539 1183)
4(1108 1184 3540 3464)
4(1183 3539 3540 1184)
4(1109 1185 3541 3465)
4(1184 3540 3541 1185)
4(1110 1186 3542 3466)
4(1185 3541 3542 1186)
4(1111 1187 3543 3467)
4(1186 3542 3543 1187)
4(1112 1188 3544 3468)
4(1187 3543 3544 1188)
4(1113 1189 3545 3469)
4(1188 3544 3545 1189)
4(1114 1190 3546 3470)
4(1189 3545 3546 1190)
4(1115 1191 3547 3471)
4(1190 3546 3547 1191)
4(1116 1192 3548 3472)
4(1191 3547 3548 1192)
4(1117 1193 3549 3473)
4(1192 3548 3549 1193)
4(1118 1194 3550 3474)
4(1193 3549 3550 1194)
4(1119 1195 3551 3475)
4(1194 3550 3551 1195)
4(1120 1196 3552 3476)
4(1195 3551 3552 1196)
4(1121 1197 3553 3477)
4(1196 3552 3553 1197)
4(1122 1198 3554 3478)
4(1197 3553 3554 1198)
4(1123 1199 3555 3479)
4(1198 3554 3555 1199)
4(1124 1200 3556 3480)
4(1199 3555 3556 1200)
4(1125 1201 3557 3481)
4(1200 3556 3557 1201)
4(1126 1202 3558 3482)
4(1201 3557 3558 1202)
4(1127 1203 3559 3483)
4(1202 3558 3559 1203)
4(1128 1204 3560 3484)
4(1203 3559 3560 1204)
4(1129 1205 3561 3485)
4(1204 3560 3561 1205)
4(1130 1206 3562 3486)
4(1205 3561 3562 1206)
4(1131 1207 3563 3487)
4(1206 3562 3563 1207)
4(1132 1208 3564 3488)
4(1207 3563 3564 1208)
4(1133 1209 3565 3489)
4(1208 3564 3565 1209)
4(1134 1210 3566 3490)
4(1209 3565 3566 1210)
4(1135 1211 3567 3491)
4(1210 3566 3567 1211)
4(1136 1212 3568 3492)
4(1211 3567 3568 1212)
4(1137 1213 3569 3493)
4(1212 3568 3569 1213)
4(1138 1214 3570 3494)
4(1213 3569 3570 1214)
4(1214 3570 3571 1215)
4(1141 1217 3573 3497)
4(1216 3572 3573 1217)
4(1142 1218 3574 3498)
4(1217 3573 3574 1218)
4(1143 1219 3575 3499)
4(1218 3574 3575 1219)
4(1144 1220 3576 3500)
4(1219 3575 3576 1220)
4(1145 1221 3577 3501)
4(1220 3576 3577 1221)
4(1146 1222 3578 3502)
4(1221 3577 3578 1222)
4(1147 1223 3579 3503)
4(1222 3578 3579 1223)
4(1148 1224 3580 3504)
4(1223 3579 3580 1224)
4(1149 1225 3581 3505)
4(1224 3580 3581 1225)
4(1150 1226 3582 3506)
4(1225 3581 3582 1226)
4(1151 1227 3583 3507)
4(1226 3582 3583 1227)
4(1152 1228 3584 3508)
4(1227 3583 3584 1228)
4(1153 1229 3585 3509)
4(1228 3584 3585 1229)
4(1154 1230 3586 3510)
4(1229 3585 3586 1230)
4(1155 1231 3587 3511)
4(1230 3586 3587 1231)
4(1156 1232 3588 3512)
4(1231 3587 3588 1232)
4(1157 1233 3589 3513)
4(1232 3588 3589 1233)
4(1158 1234 3590 3514)
4(1233 3589 3590 1234)
4(1159 1235 3591 3515)
4(1234 3590 3591 1235)
4(1160 1236 3592 3516)
4(1235 3591 3592 1236)
4(1161 1237 3593 3517)
4(1236 3592 3593 1237)
4(1162 1238 3594 3518)
4(1237 3593 3594 1238)
4(1163 1239 3595 3519)
4(1238 3594 3595 1239)
4(1164 1240 3596 3520)
4(1239 3595 3596 1240)
4(1165 1241 3597 3521)
4(1240 3596 3597 1241)
4(1166 1242 3598 3522)
4(1241 3597 3598 1242)
4(1167 1243 3599 3523)
4(1242 3598 3599 1243)
4(1168 1244 3600 3524)
4(1243 3599 3600 1244)
4(1169 1245 3601 3525)
4(1244 3600 3601 1245)
4(1170 1246 3602 3526)
4(1245 3601 3602 1246)
4(1171 1247 3603 3527)
4(1246 3602 3603 1247)
4(1172 1248 3604 3528)
4(1247 3603 3604 1248)
4(1173 1249 3605 3529)
4(1248 3604 3605 1249)
4(1174 1250 3606 3530)
4(1249 3605 3606 1250)
4(1175 1251 3607 3531)
4(1250 3606 3607 1251)
4(1176 1252 3608 3532)
4(1251 3607 3608 1252)
4(1177 1253 3609 3533)
4(1252 3608 3609 1253)
4(1178 1254 3610 3534)
4(1253 3609 3610 1254)
4(1179 1255 3611 3535)
4(1254 3610 3611 1255)
4(1180 1256 3612 3536)
4(1255 3611 3612 1256)
4(1181 1257 3613 3537)
4(1256 3612 3613 1257)
4(1182 1258 3614 3538)
4(1257 3613 3614 1258)
4(1183 1259 3615 3539)
4(1258 3614 3615 1259)
4(1184 1260 3616 3540)
4(1259 3615 3616 1260)
4(1185 1261 3617 3541)
4(1260 3616 3617 1261)
4(1186 1262 3618 3542)
4(1261 3617 3618 1262)
4(1187 1263 3619 3543)
4(1262 3618 3619 1263)
4(1188 1264 3620 3544)
4(1263 3619 3620 1264)
4(1189 1265 3621 3545)
4(1264 3620 3621 1265)
4(1190 1266 3622 3546)
4(1265 3621 3622 1266)
4(1191 1267 3623 3547)
4(1266 3622 3623 1267)
4(1192 1268 3624 3548)
4(1267 3623 3624 1268)
4(1193 1269 3625 3549)
4(1268 3624 3625 1269)
4(1194 1270 3626 3550)
4(1269 3625 3626 1270)
4(1195 1271 3627 3551)
4(1270 3626 3627 1271)
4(1196 1272 3628 3552)
4(1271 3627 3628 1272)
4(1197 1273 3629 3553)
4(1272 3628 3629 1273)
4(1198 1274 3630 3554)
4(1273 3629 3630 1274)
4(1199 1275 3631 3555)
4(1274 3630 3631 1275)
4(1200 1276 3632 3556)
4(1275 3631 3632 1276)
4(1201 1277 3633 3557)
4(1276 3632 3633 1277)
4(1202 1278 3634 3558)
4(1277 3633 3634 1278)
4(1203 1279 3635 3559)
4(1278 3634 3635 1279)
4(1204 1280 3636 3560)
4(1279 3635 3636 1280)
4(1205 1281 3637 3561)
4(1280 3636 3637 1281)
4(1206 1282 3638 3562)
4(1281 3637 3638 1282)
4(1207 1283 3639 3563)
4(1282 3638 3639 1283)
4(1208 1284 3640 3564)
4(1283 3639 3640 1284)
4(1209 1285 3641 3565)
4(1284 3640 3641 1285)
4(1210 1286 3642 3566)
4(1285 3641 3642 1286)
4(1211 1287 3643 3567)
4(1286 3642 3643 1287)
4(1212 1288 3644 3568)
4(1287 3643 3644 1288)
4(1213 1289 3645 3569)
4(1288 3644 3645 1289)
4(1214 1290 3646 3570)
4(1289 3645 3646 1290)
4(1290 3646 3647 1291)
4(1217 1293 3649 3573)
4(1292 3648 3649 1293)
4(1218 1294 3650 3574)
4(1293 3649 3650 1294)
4(1219 1295 3651 3575)
4(1294 3650 3651 1295)
4(1220 1296 3652 3576)
4(1295 3651 3652 1296)
4(1221 1297 3653 3577)
4(1296 3652 3653 1297)
4(1222 1298 3654 3578)
4(1297 3653 3654 1298)
4(1223 1299 3655 3579)
4(1298 3654 3655 1299)
4(1224 1300 3656 3580)
4(1299 3655 3656 1300)
4(1225 1301 3657 3581)
4(1300 3656 3657 1301)
4(1226 1302 3658 3582)
4(1301 3657 3658 1302)
4(1227 1303 3659 3583)
4(1302 3658 3659 1303)
4(1228 1304 3660 3584)
4(1303 3659 3660 1304)
4(1229 1305 3661 3585)
4(1304 3660 3661 1305)
4(1230 1306 3662 3586)
4(1305 3661 3662 1306)
4(1231 1307 3663 3587)
4(1306 3662 3663 1307)
4(1232 1308 3664 3588)
4(1307 3663 3664 1308)
4(1233 1309 3665 3589)
4(1308 3664 3665 1309)
4(1234 1310 3666 3590)
4(1309 3665 3666 1310)
4(1235 1311 3667 3591)
4(1310 3666 3667 1311)
4(1236 1312 3668 3592)
4(1311 3667 3668 1312)
4(1237 1313 3669 3593)
4(1312 3668 3669 1313)
4(1238 1314 3670 3594)
4(1313 3669 3670 1314)
4(1239 1315 3671 3595)
4(1314 3670 3671 1315)
4(1240 1316 3672 3596)
4(1315 3671 3672 1316)
4(1241 1317 3673 3597)
4(1316 3672 3673 1317)
4(1242 1318 3674 3598)
4(1317 3673 3674 1318)
4(1243 1319 3675 3599)
4(1318 3674 3675 1319)
4(1244 1320 3676 3600)
4(1319 3675 3676 1320)
4(1245 1321 3677 3601)
4(1320 3676 3677 1321)
4(1246 1322 3678 3602)
4(1321 3677 3678 1322)
4(1247 1323 3679 3603)
4(1322 3678 3679 1323)
4(1248 1324 3680 3604)
4(1323 3679 3680 1324)
4(1249 1325 3681 3605)
4(1324 3680 3681 1325)
4(1250 1326 3682 3606)
4(1325 3681 3682 1326)
4(1251 1327 3683 3607)
4(1326 3682 3683 1327)
4(1252 1328 3684 3608)
4(1327 3683 3684 1328)
4(1253 1329 3685 3609)
4(1328 3684 3685 1329)
4(1254 1330 3686 3610)
4(1329 3685 3686 1330)
4(1255 1331 3687 3611)
4(1330 3686 3687 1331)
4(1256 1332 3688 3612)
4(1331 3687 3688 1332)
4(1257 1333 3689 3613)
4(1332 3688 3689 1333)
4(1258 1334 3690 3614)
4(1333 3689 3690 1334)
4(1259 1335 3691 3615)
4(1334 3690 3691 1335)
4(1260 1336 3692 3616)
4(1335 3691 3692 1336)
4(1261 1337 3693 3617)
4(1336 3692 3693 1337)
4(1262 1338 3694 3618)
4(1337 3693 3694 1338)
4(1263 1339 3695 3619)
4(1338 3694 3695 1339)
4(1264 1340 3696 3620)
4(1339 3695 3696 1340)
4(1265 1341 3697 3621)
4(1340 3696 3697 1341)
4(1266 1342 3698 3622)
4(1341 3697 3698 1342)
4(1267 1343 3699 3623)
4(1342 3698 3699 1343)
4(1268 1344 3700 3624)
4(1343 3699 3700 1344)
4(1269 1345 3701 3625)
4(1344 3700 3701 1345)
4(1270 1346 3702 3626)
4(1345 3701 3702 1346)
4(1271 1347 3703 3627)
4(1346 3702 3703 1347)
4(1272 1348 3704 3628)
4(1347 3703 3704 1348)
4(1273 1349 3705 3629)
4(1348 3704 3705 1349)
4(1274 1350 3706 3630)
4(1349 3705 3706 1350)
4(1275 1351 3707 3631)
4(1350 3706 3707 1351)
4(1276 1352 3708 3632)
4(1351 3707 3708 1352)
4(1277 1353 3709 3633)
4(1352 3708 3709 1353)
4(1278 1354 3710 3634)
4(1353 3709 3710 1354)
4(1279 1355 3711 3635)
4(1354 3710 3711 1355)
4(1280 1356 3712 3636)
4(1355 3711 3712 1356)
4(1281 1357 3713 3637)
4(1356 3712 3713 1357)
4(1282 1358 3714 3638)
4(1357 3713 3714 1358)
4(1283 1359 3715 3639)
4(1358 3714 3715 1359)
4(1284 1360 3716 3640)
4(1359 3715 3716 1360)
4(1285 1361 3717 3641)
4(1360 3716 3717 1361)
4(1286 1362 3718 3642)
4(1361 3717 3718 1362)
4(1287 1363 3719 3643)
4(1362 3718 3719 1363)
4(1288 1364 3720 3644)
4(1363 3719 3720 1364)
4(1289 1365 3721 3645)
4(1364 3720 3721 1365)
4(1290 1366 3722 3646)
4(1365 3721 3722 1366)
4(1366 3722 3723 1367)
4(1293 1369 3725 3649)
4(1368 3724 3725 1369)
4(1294 1370 3726 3650)
4(1369 3725 3726 1370)
4(1295 1371 3727 3651)
4(1370 3726 3727 1371)
4(1296 1372 3728 3652)
4(1371 3727 3728 1372)
4(1297 1373 3729 3653)
4(1372 3728 3729 1373)
4(1298 1374 3730 3654)
4(1373 3729 3730 1374)
4(1299 1375 3731 3655)
4(1374 3730 3731 1375)
4(1300 1376 3732 3656)
4(1375 3731 3732 1376)
4(1301 1377 3733 3657)
4(1376 3732 3733 1377)
4(1302 1378 3734 3658)
4(1377 3733 3734 1378)
4(1303 1379 3735 3659)
4(1378 3734 3735 1379)
4(1304 1380 3736 3660)
4(1379 3735 3736 1380)
4(1305 1381 3737 3661)
4(1380 3736 3737 1381)
4(1306 1382 3738 3662)
4(1381 3737 3738 1382)
4(1307 1383 3739 3663)
4(1382 3738 3739 1383)
4(1308 1384 3740 3664)
4(1383 3739 3740 1384)
4(1309 1385 3741 3665)
4(1384 3740 3741 1385)
4(1310 1386 3742 3666)
4(1385 3741 3742 1386)
4(1311 1387 3743 3667)
4(1386 3742 3743 1387)
4(1312 1388 3744 3668)
4(1387 3743 3744 1388)
4(1313 1389 3745 3669)
4(1388 3744 3745 1389)
4(1314 1390 3746 3670)
4(1389 3745 3746 1390)
4(1315 1391 3747 3671)
4(1390 3746 3747 1391)
4(1316 1392 3748 3672)
4(1391 3747 3748 1392)
4(1317 1393 3749 3673)
4(1392 3748 3749 1393)
4(1318 1394 3750 3674)
4(1393 3749 3750 1394)
4(1319 1395 3751 3675)
4(1394 3750 3751 1395)
4(1320 1396 3752 3676)
4(1395 3751 3752 1396)
4(1321 1397 3753 3677)
4(1396 3752 3753 1397)
4(1322 1398 3754 3678)
4(1397 3753 3754 1398)
4(1323 1399 3755 3679)
4(1398 3754 3755 1399)
4(1324 1400 3756 3680)
4(1399 3755 3756 1400)
4(1325 1401 3757 3681)
4(1400 3756 3757 1401)
4(1326 1402 3758 3682)
4(1401 3757 3758 1402)
4(1327 1403 3759 3683)
4(1402 3758 3759 1403)
4(1328 1404 3760 3684)
4(1403 3759 3760 1404)
4(1329 1405 3761 3685)
4(1404 3760 3761 1405)
4(1330 1406 3762 3686)
4(1405 3761 3762 1406)
4(1331 1407 3763 3687)
4(1406 3762 3763 1407)
4(1332 1408 3764 3688)
4(1407 3763 3764 1408)
4(1333 1409 3765 3689)
4(1408 3764 3765 1409)
4(1334 1410 3766 3690)
4(1409 3765 3766 1410)
4(1335 1411 3767 3691)
4(1410 3766 3767 1411)
4(1336 1412 3768 3692)
4(1411 3767 3768 1412)
4(1337 1413 3769 3693)
4(1412 3768 3769 1413)
4(1338 1414 3770 3694)
4(1413 3769 3770 1414)
4(1339 1415 3771 3695)
4(1414 3770 3771 1415)
4(1340 1416 3772 3696)
4(1415 3771 3772 1416)
4(1341 1417 3773 3697)
4(1416 3772 3773 1417)
4(1342 1418 3774 3698)
4(1417 3773 3774 1418)
4(1343 1419 3775 3699)
4(1418 3774 3775 1419)
4(1344 1420 3776 3700)
4(1419 3775 3776 1420)
4(1345 1421 3777 3701)
4(1420 3776 3777 1421)
4(1346 1422 3778 3702)
4(1421 3777 3778 1422)
4(1347 1423 3779 3703)
4(1422 3778 3779 1423)
4(1348 1424 3780 3704)
4(1423 3779 3780 1424)
4(1349 1425 3781 3705)
4(1424 3780 3781 1425)
4(1350 1426 3782 3706)
4(1425 3781 3782 1426)
4(1351 1427 3783 3707)
4(1426 3782 3783 1427)
4(1352 1428 3784 3708)
4(1427 3783 3784 1428)
4(1353 1429 3785 3709)
4(1428 3784 3785 1429)
4(1354 1430 3786 3710)
4(1429 3785 3786 1430)
4(1355 1431 3787 3711)
4(1430 3786 3787 1431)
4(1356 1432 3788 3712)
4(1431 3787 3788 1432)
4(1357 1433 3789 3713)
4(1432 3788 3789 1433)
4(1358 1434 3790 3714)
4(1433 3789 3790 1434)
4(1359 1435 3791 3715)
4(1434 3790 3791 1435)
4(1360 1436 3792 3716)
4(1435 3791 3792 1436)
4(1361 1437 3793 3717)
4(1436 3792 3793 1437)
4(1362 1438 3794 3718)
4(1437 3793 3794 1438)
4(1363 1439 3795 3719)
4(1438 3794 3795 1439)
4(1364 1440 3796 3720)
4(1439 3795 3796 1440)
4(1365 1441 3797 3721)
4(1440 3796 3797 1441)
4(1366 1442 3798 3722)
4(1441 3797 3798 1442)
4(1442 3798 3799 1443)
4(1369 1445 3801 3725)
4(1444 3800 3801 1445)
4(1370 1446 3802 3726)
4(1445 3801 3802 1446)
4(1371 1447 3803 3727)
4(1446 3802 3803 1447)
4(1372 1448 3804 3728)
4(1447 3803 3804 1448)
4(1373 1449 3805 3729)
4(1448 3804 3805 1449)
4(1374 1450 3806 3730)
4(1449 3805 3806 1450)
4(1375 1451 3807 3731)
4(1450 3806 3807 1451)
4(1376 1452 3808 3732)
4(1451 3807 3808 1452)
4(1377 1453 3809 3733)
4(1452 3808 3809 1453)
4(1378 1454 3810 3734)
4(1453 3809 3810 1454)
4(1379 1455 3811 3735)
4(1454 3810 3811 1455)
4(1380 1456 3812 3736)
4(1455 3811 3812 1456)
4(1381 1457 3813 3737)
4(1456 3812 3813 1457)
4(1382 1458 3814 3738)
4(1457 3813 3814 1458)
4(1383 1459 3815 3739)
4(1458 3814 3815 1459)
4(1384 1460 3816 3740)
4(1459 3815 3816 1460)
4(1385 1461 3817 3741)
4(1460 3816 3817 1461)
4(1386 1462 3818 3742)
4(1461 3817 3818 1462)
4(1387 1463 3819 3743)
4(1462 3818 3819 1463)
4(1388 1464 3820 3744)
4(1463 3819 3820 1464)
4(1389 1465 3821 3745)
4(1464 3820 3821 1465)
4(1390 1466 3822 3746)
4(1465 3821 3822 1466)
4(1391 1467 3823 3747)
4(1466 3822 3823 1467)
4(1392 1468 3824 3748)
4(1467 3823 3824 1468)
4(1393 1469 3825 3749)
4(1468 3824 3825 1469)
4(1394 1470 3826 3750)
4(1469 3825 3826 1470)
4(1395 1471 3827 3751)
4(1470 3826 3827 1471)
4(1396 1472 3828 3752)
4(1471 3827 3828 1472)
4(1397 1473 3829 3753)
4(1472 3828 3829 1473)
4(1398 1474 3830 3754)
4(1473 3829 3830 1474)
4(1399 1475 3831 3755)
4(1474 3830 3831 1475)
4(1400 1476 3832 3756)
4(1475 3831 3832 1476)
4(1401 1477 3833 3757)
4(1476 3832 3833 1477)
4(1402 1478 3834 3758)
4(1477 3833 3834 1478)
4(1403 1479 3835 3759)
4(1478 3834 3835 1479)
4(1404 1480 3836 3760)
4(1479 3835 3836 1480)
4(1405 1481 3837 3761)
4(1480 3836 3837 1481)
4(1406 1482 3838 3762)
4(1481 3837 3838 1482)
4(1407 1483 3839 3763)
4(1482 3838 3839 1483)
4(1408 1484 3840 3764)
4(1483 3839 3840 1484)
4(1409 1485 3841 3765)
4(1484 3840 3841 1485)
4(1410 1486 3842 3766)
4(1485 3841 3842 1486)
4(1411 1487 3843 3767)
4(1486 3842 3843 1487)
4(1412 1488 3844 3768)
4(1487 3843 3844 1488)
4(1413 1489 3845 3769)
4(1488 3844 3845 1489)
4(1414 1490 3846 3770)
4(1489 3845 3846 1490)
4(1415 1491 3847 3771)
4(1490 3846 3847 1491)
4(1416 1492 3848 3772)
4(1491 3847 3848 1492)
4(1417 1493 3849 3773)
4(1492 3848 3849 1493)
4(1418 1494 3850 3774)
4(1493 3849 3850 1494)
4(1419 1495 3851 3775)
4(1494 3850 3851 1495)
4(1420 1496 3852 3776)
4(1495 3851 3852 1496)
4(1421 1497 3853 3777)
4(1496 3852 3853 1497)
4(1422 1498 3854 3778)
4(1497 3853 3854 1498)
4(1423 1499 3855 3779)
4(1498 3854 3855 1499)
4(1424 1500 3856 3780)
4(1499 3855 3856 1500)
4(1425 1501 3857 3781)
4(1500 3856 3857 1501)
4(1426 1502 3858 3782)
4(1501 3857 3858 1502)
4(1427 1503 3859 3783)
4(1502 3858 3859 1503)
4(1428 1504 3860 3784)
4(1503 3859 3860 1504)
4(1429 1505 3861 3785)
4(1504 3860 3861 1505)
4(1430 1506 3862 3786)
4(1505 3861 3862 1506)
4(1431 1507 3863 3787)
4(1506 3862 3863 1507)
4(1432 1508 3864 3788)
4(1507 3863 3864 1508)
4(1433 1509 3865 3789)
4(1508 3864 3865 1509)
4(1434 1510 3866 3790)
4(1509 3865 3866 1510)
4(1435 1511 3867 3791)
4(1510 3866 3867 1511)
4(1436 1512 3868 3792)
4(1511 3867 3868 1512)
4(1437 1513 3869 3793)
4(1512 3868 3869 1513)
4(1438 1514 3870 3794)
4(1513 3869 3870 1514)
4(1439 1515 3871 3795)
4(1514 3870 3871 1515)
4(1440 1516 3872 3796)
4(1515 3871 3872 1516)
4(1441 1517 3873 3797)
4(1516 3872 3873 1517)
4(1442 1518 3874 3798)
4(1517 3873 3874 1518)
4(1518 3874 3875 1519)
4(1445 1521 3877 3801)
4(1520 3876 3877 1521)
4(1446 1522 3878 3802)
4(1521 3877 3878 1522)
4(1447 1523 3879 3803)
4(1522 3878 3879 1523)
4(1448 1524 3880 3804)
4(1523 3879 3880 1524)
4(1449 1525 3881 3805)
4(1524 3880 3881 1525)
4(1450 1526 3882 3806)
4(1525 3881 3882 1526)
4(1451 1527 3883 3807)
4(1526 3882 3883 1527)
4(1452 1528 3884 3808)
4(1527 3883 3884 1528)
4(1453 1529 3885 3809)
4(1528 3884 3885 1529)
4(1454 1530 3886 3810)
4(1529 3885 3886 1530)
4(1455 1531 3887 3811)
4(1530 3886 3887 1531)
4(1456 1532 3888 3812)
4(1531 3887 3888 1532)
4(1457 1533 3889 3813)
4(1532 3888 3889 1533)
4(1458 1534 3890 3814)
4(1533 3889 3890 1534)
4(1459 1535 3891 3815)
4(1534 3890 3891 1535)
4(1460 1536 3892 3816)
4(1535 3891 3892 1536)
4(1461 1537 3893 3817)
4(1536 3892 3893 1537)
4(1462 1538 3894 3818)
4(1537 3893 3894 1538)
4(1463 1539 3895 3819)
4(1538 3894 3895 1539)
4(1464 1540 3896 3820)
4(1539 3895 3896 1540)
4(1465 1541 3897 3821)
4(1540 3896 3897 1541)
4(1466 1542 3898 3822)
4(1541 3897 3898 1542)
4(1467 1543 3899 3823)
4(1542 3898 3899 1543)
4(1468 1544 3900 3824)
4(1543 3899 3900 1544)
4(1469 1545 3901 3825)
4(1544 3900 3901 1545)
4(1470 1546 3902 3826)
4(1545 3901 3902 1546)
4(1471 1547 3903 3827)
4(1546 3902 3903 1547)
4(1472 1548 3904 3828)
4(1547 3903 3904 1548)
4(1473 1549 3905 3829)
4(1548 3904 3905 1549)
4(1474 1550 3906 3830)
4(1549 3905 3906 1550)
4(1475 1551 3907 3831)
4(1550 3906 3907 1551)
4(1476 1552 3908 3832)
4(1551 3907 3908 1552)
4(1477 1553 3909 3833)
4(1552 3908 3909 1553)
4(1478 1554 3910 3834)
4(1553 3909 3910 1554)
4(1479 1555 3911 3835)
4(1554 3910 3911 1555)
4(1480 1556 3912 3836)
4(1555 3911 3912 1556)
4(1481 1557 3913 3837)
4(1556 3912 3913 1557)
4(1482 1558 3914 3838)
4(1557 3913 3914 1558)
4(1483 1559 3915 3839)
4(1558 3914 3915 1559)
4(1484 1560 3916 3840)
4(1559 3915 3916 1560)
4(1485 1561 3917 3841)
4(1560 3916 3917 1561)
4(1486 1562 3918 3842)
4(1561 3917 3918 1562)
4(1487 1563 3919 3843)
4(1562 3918 3919 1563)
4(1488 1564 3920 3844)
4(1563 3919 3920 1564)
4(1489 1565 3921 3845)
4(1564 3920 3921 1565)
4(1490 1566 3922 3846)
4(1565 3921 3922 1566)
4(1491 1567 3923 3847)
4(1566 3922 3923 1567)
4(1492 1568 3924 3848)
4(1567 3923 3924 1568)
4(1493 1569 3925 3849)
4(1568 3924 3925 1569)
4(1494 1570 3926 3850)
4(1569 3925 3926 1570)
4(1495 1571 3927 3851)
4(1570 3926 3927 1571)
4(1496 1572 3928 3852)
4(1571 3927 3928 1572)
4(1497 1573 3929 3853)
4(1572 3928 3929 1573)
4(1498 1574 3930 3854)
4(1573 3929 3930 1574)
4(1499 1575 3931 3855)
4(1574 3930 3931 1575)
4(1500 1576 3932 3856)
4(1575 3931 3932 1576)
4(1501 1577 3933 3857)
4(1576 3932 3933 1577)
4(1502 1578 3934 3858)
4(1577 3933 3934 1578)
4(1503 1579 3935 3859)
4(1578 3934 3935 1579)
4(1504 1580 3936 3860)
4(1579 3935 3936 1580)
4(1505 1581 3937 3861)
4(1580 3936 3937 1581)
4(1506 1582 3938 3862)
4(1581 3937 3938 1582)
4(1507 1583 3939 3863)
4(1582 3938 3939 1583)
4(1508 1584 3940 3864)
4(1583 3939 3940 1584)
4(1509 1585 3941 3865)
4(1584 3940 3941 1585)
4(1510 1586 3942 3866)
4(1585 3941 3942 1586)
4(1511 1587 3943 3867)
4(1586 3942 3943 1587)
4(1512 1588 3944 3868)
4(1587 3943 3944 1588)
4(1513 1589 3945 3869)
4(1588 3944 3945 1589)
4(1514 1590 3946 3870)
4(1589 3945 3946 1590)
4(1515 1591 3947 3871)
4(1590 3946 3947 1591)
4(1516 1592 3948 3872)
4(1591 3947 3948 1592)
4(1517 1593 3949 3873)
4(1592 3948 3949 1593)
4(1518 1594 3950 3874)
4(1593 3949 3950 1594)
4(1594 3950 3951 1595)
4(1521 1597 3953 3877)
4(1596 3952 3953 1597)
4(1522 1598 3954 3878)
4(1597 3953 3954 1598)
4(1523 1599 3955 3879)
4(1598 3954 3955 1599)
4(1524 1600 3956 3880)
4(1599 3955 3956 1600)
4(1525 1601 3957 3881)
4(1600 3956 3957 1601)
4(1526 1602 3958 3882)
4(1601 3957 3958 1602)
4(1527 1603 3959 3883)
4(1602 3958 3959 1603)
4(1528 1604 3960 3884)
4(1603 3959 3960 1604)
4(1529 1605 3961 3885)
4(1604 3960 3961 1605)
4(1530 1606 3962 3886)
4(1605 3961 3962 1606)
4(1531 1607 3963 3887)
4(1606 3962 3963 1607)
4(1532 1608 3964 3888)
4(1607 3963 3964 1608)
4(1533 1609 3965 3889)
4(1608 3964 3965 1609)
4(1534 1610 3966 3890)
4(1609 3965 3966 1610)
4(1535 1611 3967 3891)
4(1610 3966 3967 1611)
4(1536 1612 3968 3892)
4(1611 3967 3968 1612)
4(1537 1613 3969 3893)
4(1612 3968 3969 1613)
4(1538 1614 3970 3894)
4(1613 3969 3970 1614)
4(1539 1615 3971 3895)
4(1614 3970 3971 1615)
4(1540 1616 3972 3896)
4(1615 3971 3972 1616)
4(1541 1617 3973 3897)
4(1616 3972 3973 1617)
4(1542 1618 3974 3898)
4(1617 3973 3974 1618)
4(1543 1619 3975 3899)
4(1618 3974 3975 1619)
4(1544 1620 3976 3900)
4(1619 3975 3976 1620)
4(1545 1621 3977 3901)
4(1620 3976 3977 1621)
4(1546 1622 3978 3902)
4(1621 3977 3978 1622)
4(1547 1623 3979 3903)
4(1622 3978 3979 1623)
4(1548 1624 3980 3904)
4(1623 3979 3980 1624)
4(1549 1625 3981 3905)
4(1624 3980 3981 1625)
4(1550 1626 3982 3906)
4(1625 3981 3982 1626)
4(1551 1627 3983 3907)
4(1626 3982 3983 1627)
4(1552 1628 3984 3908)
4(1627 3983 3984 1628)
4(1553 1629 3985 3909)
4(1628 3984 3985 1629)
4(1554 1630 3986 3910)
4(1629 3985 3986 1630)
4(1555 1631 3987 3911)
4(1630 3986 3987 1631)
4(1556 1632 3988 3912)
4(1631 3987 3988 1632)
4(1557 1633 3989 3913)
4(1632 3988 3989 1633)
4(1558 1634 3990 3914)
4(1633 3989 3990 1634)
4(1559 1635 3991 3915)
4(1634 3990 3991 1635)
4(1560 1636 3992 3916)
4(1635 3991 3992 1636)
4(1561 1637 3993 3917)
4(1636 3992 3993 1637)
4(1562 1638 3994 3918)
4(1637 3993 3994 1638)
4(1563 1639 3995 3919)
4(1638 3994 3995 1639)
4(1564 1640 3996 3920)
4(1639 3995 3996 1640)
4(1565 1641 3997 3921)
4(1640 3996 3997 1641)
4(1566 1642 3998 3922)
4(1641 3997 3998 1642)
4(1567 1643 3999 3923)
4(1642 3998 3999 1643)
4(1568 1644 4000 3924)
4(1643 3999 4000 1644)
4(1569 1645 4001 3925)
4(1644 4000 4001 1645)
4(1570 1646 4002 3926)
4(1645 4001 4002 1646)
4(1571 1647 4003 3927)
4(1646 4002 4003 1647)
4(1572 1648 4004 3928)
4(1647 4003 4004 1648)
4(1573 1649 4005 3929)
4(1648 4004 4005 1649)
4(1574 1650 4006 3930)
4(1649 4005 4006 1650)
4(1575 1651 4007 3931)
4(1650 4006 4007 1651)
4(1576 1652 4008 3932)
4(1651 4007 4008 1652)
4(1577 1653 4009 3933)
4(1652 4008 4009 1653)
4(1578 1654 4010 3934)
4(1653 4009 4010 1654)
4(1579 1655 4011 3935)
4(1654 4010 4011 1655)
4(1580 1656 4012 3936)
4(1655 4011 4012 1656)
4(1581 1657 4013 3937)
4(1656 4012 4013 1657)
4(1582 1658 4014 3938)
4(1657 4013 4014 1658)
4(1583 1659 4015 3939)
4(1658 4014 4015 1659)
4(1584 1660 4016 3940)
4(1659 4015 4016 1660)
4(1585 1661 4017 3941)
4(1660 4016 4017 1661)
4(1586 1662 4018 3942)
4(1661 4017 4018 1662)
4(1587 1663 4019 3943)
4(1662 4018 4019 1663)
4(1588 1664 4020 3944)
4(1663 4019 4020 1664)
4(1589 1665 4021 3945)
4(1664 4020 4021 1665)
4(1590 1666 4022 3946)
4(1665 4021 4022 1666)
4(1591 1667 4023 3947)
4(1666 4022 4023 1667)
4(1592 1668 4024 3948)
4(1667 4023 4024 1668)
4(1593 1669 4025 3949)
4(1668 4024 4025 1669)
4(1594 1670 4026 3950)
4(1669 4025 4026 1670)
4(1670 4026 4027 1671)
4(1597 1673 4029 3953)
4(1672 4028 4029 1673)
4(1598 1674 4030 3954)
4(1673 4029 4030 1674)
4(1599 1675 4031 3955)
4(1674 4030 4031 1675)
4(1600 1676 4032 3956)
4(1675 4031 4032 1676)
4(1601 1677 4033 3957)
4(1676 4032 4033 1677)
4(1602 1678 4034 3958)
4(1677 4033 4034 1678)
4(1603 1679 4035 3959)
4(1678 4034 4035 1679)
4(1604 1680 4036 3960)
4(1679 4035 4036 1680)
4(1605 1681 4037 3961)
4(1680 4036 4037 1681)
4(1606 1682 4038 3962)
4(1681 4037 4038 1682)
4(1607 1683 4039 3963)
4(1682 4038 4039 1683)
4(1608 1684 4040 3964)
4(1683 4039 4040 1684)
4(1609 1685 4041 3965)
4(1684 4040 4041 1685)
4(1610 1686 4042 3966)
4(1685 4041 4042 1686)
4(1611 1687 4043 3967)
4(1686 4042 4043 1687)
4(1612 1688 4044 3968)
4(1687 4043 4044 1688)
4(1613 1689 4045 3969)
4(1688 4044 4045 1689)
4(1614 1690 4046 3970)
4(1689 4045 4046 1690)
4(1615 1691 4047 3971)
4(1690 4046 4047 1691)
4(1616 1692 4048 3972)
4(1691 4047 4048 1692)
4(1617 1693 4049 3973)
4(1692 4048 4049 1693)
4(1618 1694 4050 3974)
4(1693 4049 4050 1694)
4(1619 1695 4051 3975)
4(1694 4050 4051 1695)
4(1620 1696 4052 3976)
4(1695 4051 4052 1696)
4(1621 1697 4053 3977)
4(1696 4052 4053 1697)
4(1622 1698 4054 3978)
4(1697 4053 4054 1698)
4(1623 1699 4055 3979)
4(1698 4054 4055 1699)
4(1624 1700 4056 3980)
4(1699 4055 4056 1700)
4(1625 1701 4057 3981)
4(1700 4056 4057 1701)
4(1626 1702 4058 3982)
4(1701 4057 4058 1702)
4(1627 1703 4059 3983)
4(1702 4058 4059 1703)
4(1628 1704 4060 3984)
4(1703 4059 4060 1704)
4(1629 1705 4061 3985)
4(1704 4060 4061 1705)
4(1630 1706 4062 3986)
4(1705 4061 4062 1706)
4(1631 1707 4063 3987)
4(1706 4062 4063 1707)
4(1632 1708 4064 3988)
4(1707 4063 4064 1708)
4(1633 1709 4065 3989)
4(1708 4064 4065 1709)
4(1634 1710 4066 3990)
4(1709 4065 4066 1710)
4(1635 1711 4067 3991)
4(1710 4066 4067 1711)
4(1636 1712 4068 3992)
4(1711 4067 4068 1712)
4(1637 1713 4069 3993)
4(1712 4068 4069 1713)
4(1638 1714 4070 3994)
4(1713 4069 4070 1714)
4(1639 1715 4071 3995)
4(1714 4070 4071 1715)
4(1640 1716 4072 3996)
4(1715 4071 4072 1716)
4(1641 1717 4073 3997)
4(1716 4072 4073 1717)
4(1642 1718 4074 3998)
4(1717 4073 4074 1718)
4(1643 1719 4075 3999)
4(1718 4074 4075 1719)
4(1644 1720 4076 4000)
4(1719 4075 4076 1720)
4(1645 1721 4077 4001)
4(1720 4076 4077 1721)
4(1646 1722 4078 4002)
4(1721 4077 4078 1722)
4(1647 1723 4079 4003)
4(1722 4078 4079 1723)
4(1648 1724 4080 4004)
4(1723 4079 4080 1724)
4(1649 1725 4081 4005)
4(1724 4080 4081 1725)
4(1650 1726 4082 4006)
4(1725 4081 4082 1726)
4(1651 1727 4083 4007)
4(1726 4082 4083 1727)
4(1652 1728 4084 4008)
4(1727 4083 4084 1728)
4(1653 1729 4085 4009)
4(1728 4084 4085 1729)
4(1654 1730 4086 4010)
4(1729 4085 4086 1730)
4(1655 1731 4087 4011)
4(1730 4086 4087 1731)
4(1656 1732 4088 4012)
4(1731 4087 4088 1732)
4(1657 1733 4089 4013)
4(1732 4088 4089 1733)
4(1658 1734 4090 4014)
4(1733 4089 4090 1734)
4(1659 1735 4091 4015)
4(1734 4090 4091 1735)
4(1660 1736 4092 4016)
4(1735 4091 4092 1736)
4(1661 1737 4093 4017)
4(1736 4092 4093 1737)
4(1662 1738 4094 4018)
4(1737 4093 4094 1738)
4(1663 1739 4095 4019)
4(1738 4094 4095 1739)
4(1664 1740 4096 4020)
4(1739 4095 4096 1740)
4(1665 1741 4097 4021)
4(1740 4096 4097 1741)
4(1666 1742 4098 4022)
4(1741 4097 4098 1742)
4(1667 1743 4099 4023)
4(1742 4098 4099 1743)
4(1668 1744 4100 4024)
4(1743 4099 4100 1744)
4(1669 1745 4101 4025)
4(1744 4100 4101 1745)
4(1670 1746 4102 4026)
4(1745 4101 4102 1746)
4(1746 4102 4103 1747)
4(1673 1749 4105 4029)
4(1748 4104 4105 1749)
4(1674 1750 4106 4030)
4(1749 4105 4106 1750)
4(1675 1751 4107 4031)
4(1750 4106 4107 1751)
4(1676 1752 4108 4032)
4(1751 4107 4108 1752)
4(1677 1753 4109 4033)
4(1752 4108 4109 1753)
4(1678 1754 4110 4034)
4(1753 4109 4110 1754)
4(1679 1755 4111 4035)
4(1754 4110 4111 1755)
4(1680 1756 4112 4036)
4(1755 4111 4112 1756)
4(1681 1757 4113 4037)
4(1756 4112 4113 1757)
4(1682 1758 4114 4038)
4(1757 4113 4114 1758)
4(1683 1759 4115 4039)
4(1758 4114 4115 1759)
4(1684 1760 4116 4040)
4(1759 4115 4116 1760)
4(1685 1761 4117 4041)
4(1760 4116 4117 1761)
4(1686 1762 4118 4042)
4(1761 4117 4118 1762)
4(1687 1763 4119 4043)
4(1762 4118 4119 1763)
4(1688 1764 4120 4044)
4(1763 4119 4120 1764)
4(1689 1765 4121 4045)
4(1764 4120 4121 1765)
4(1690 1766 4122 4046)
4(1765 4121 4122 1766)
4(1691 1767 4123 4047)
4(1766 4122 4123 1767)
4(1692 1768 4124 4048)
4(1767 4123 4124 1768)
4(1693 1769 4125 4049)
4(1768 4124 4125 1769)
4(1694 1770 4126 4050)
4(1769 4125 4126 1770)
4(1695 1771 4127 4051)
4(1770 4126 4127 1771)
4(1696 1772 4128 4052)
4(1771 4127 4128 1772)
4(1697 1773 4129 4053)
4(1772 4128 4129 1773)
4(1698 1774 4130 4054)
4(1773 4129 4130 1774)
4(1699 1775 4131 4055)
4(1774 4130 4131 1775)
4(1700 1776 4132 4056)
4(1775 4131 4132 1776)
4(1701 1777 4133 4057)
4(1776 4132 4133 1777)
4(1702 1778 4134 4058)
4(1777 4133 4134 1778)
4(1703 1779 4135 4059)
4(1778 4134 4135 1779)
4(1704 1780 4136 4060)
4(1779 4135 4136 1780)
4(1705 1781 4137 4061)
4(1780 4136 4137 1781)
4(1706 1782 4138 4062)
4(1781 4137 4138 1782)
4(1707 1783 4139 4063)
4(1782 4138 4139 1783)
4(1708 1784 4140 4064)
4(1783 4139 4140 1784)
4(1709 1785 4141 4065)
4(1784 4140 4141 1785)
4(1710 1786 4142 4066)
4(1785 4141 4142 1786)
4(1711 1787 4143 4067)
4(1786 4142 4143 1787)
4(1712 1788 4144 4068)
4(1787 4143 4144 1788)
4(1713 1789 4145 4069)
4(1788 4144 4145 1789)
4(1714 1790 4146 4070)
4(1789 4145 4146 1790)
4(1715 1791 4147 4071)
4(1790 4146 4147 1791)
4(1716 1792 4148 4072)
4(1791 4147 4148 1792)
4(1717 1793 4149 4073)
4(1792 4148 4149 1793)
4(1718 1794 4150 4074)
4(1793 4149 4150 1794)
4(1719 1795 4151 4075)
4(1794 4150 4151 1795)
4(1720 1796 4152 4076)
4(1795 4151 4152 1796)
4(1721 1797 4153 4077)
4(1796 4152 4153 1797)
4(1722 1798 4154 4078)
4(1797 4153 4154 1798)
4(1723 1799 4155 4079)
4(1798 4154 4155 1799)
4(1724 1800 4156 4080)
4(1799 4155 4156 1800)
4(1725 1801 4157 4081)
4(1800 4156 4157 1801)
4(1726 1802 4158 4082)
4(1801 4157 4158 1802)
4(1727 1803 4159 4083)
4(1802 4158 4159 1803)
4(1728 1804 4160 4084)
4(1803 4159 4160 1804)
4(1729 1805 4161 4085)
4(1804 4160 4161 1805)
4(1730 1806 4162 4086)
4(1805 4161 4162 1806)
4(1731 1807 4163 4087)
4(1806 4162 4163 1807)
4(1732 1808 4164 4088)
4(1807 4163 4164 1808)
4(1733 1809 4165 4089)
4(1808 4164 4165 1809)
4(1734 1810 4166 4090)
4(1809 4165 4166 1810)
4(1735 1811 4167 4091)
4(1810 4166 4167 1811)
4(1736 1812 4168 4092)
4(1811 4167 4168 1812)
4(1737 1813 4169 4093)
4(1812 4168 4169 1813)
4(1738 1814 4170 4094)
4(1813 4169 4170 1814)
4(1739 1815 4171 4095)
4(1814 4170 4171 1815)
4(1740 1816 4172 4096)
4(1815 4171 4172 1816)
4(1741 1817 4173 4097)
4(1816 4172 4173 1817)
4(1742 1818 4174 4098)
4(1817 4173 4174 1818)
4(1743 1819 4175 4099)
4(1818 4174 4175 1819)
4(1744 1820 4176 4100)
4(1819 4175 4176 1820)
4(1745 1821 4177 4101)
4(1820 4176 4177 1821)
4(1746 1822 4178 4102)
4(1821 4177 4178 1822)
4(1822 4178 4179 1823)
4(1749 1825 4181 4105)
4(1824 4180 4181 1825)
4(1750 1826 4182 4106)
4(1825 4181 4182 1826)
4(1751 1827 4183 4107)
4(1826 4182 4183 1827)
4(1752 1828 4184 4108)
4(1827 4183 4184 1828)
4(1753 1829 4185 4109)
4(1828 4184 4185 1829)
4(1754 1830 4186 4110)
4(1829 4185 4186 1830)
4(1755 1831 4187 4111)
4(1830 4186 4187 1831)
4(1756 1832 4188 4112)
4(1831 4187 4188 1832)
4(1757 1833 4189 4113)
4(1832 4188 4189 1833)
4(1758 1834 4190 4114)
4(1833 4189 4190 1834)
4(1759 1835 4191 4115)
4(1834 4190 4191 1835)
4(1760 1836 4192 4116)
4(1835 4191 4192 1836)
4(1761 1837 4193 4117)
4(1836 4192 4193 1837)
4(1762 1838 4194 4118)
4(1837 4193 4194 1838)
4(1763 1839 4195 4119)
4(1838 4194 4195 1839)
4(1764 1840 4196 4120)
4(1839 4195 4196 1840)
4(1765 1841 4197 4121)
4(1840 4196 4197 1841)
4(1766 1842 4198 4122)
4(1841 4197 4198 1842)
4(1767 1843 4199 4123)
4(1842 4198 4199 1843)
4(1768 1844 4200 4124)
4(1843 4199 4200 1844)
4(1769 1845 4201 4125)
4(1844 4200 4201 1845)
4(1770 1846 4202 4126)
4(1845 4201 4202 1846)
4(1771 1847 4203 4127)
4(1846 4202 4203 1847)
4(1772 1848 4204 4128)
4(1847 4203 4204 1848)
4(1773 1849 4205 4129)
4(1848 4204 4205 1849)
4(1774 1850 4206 4130)
4(1849 4205 4206 1850)
4(1775 1851 4207 4131)
4(1850 4206 4207 1851)
4(1776 1852 4208 4132)
4(1851 4207 4208 1852)
4(1777 1853 4209 4133)
4(1852 4208 4209 1853)
4(1778 1854 4210 4134)
4(1853 4209 4210 1854)
4(1779 1855 4211 4135)
4(1854 4210 4211 1855)
4(1780 1856 4212 4136)
4(1855 4211 4212 1856)
4(1781 1857 4213 4137)
4(1856 4212 4213 1857)
4(1782 1858 4214 4138)
4(1857 4213 4214 1858)
4(1783 1859 4215 4139)
4(1858 4214 4215 1859)
4(1784 1860 4216 4140)
4(1859 4215 4216 1860)
4(1785 1861 4217 4141)
4(1860 4216 4217 1861)
4(1786 1862 4218 4142)
4(1861 4217 4218 1862)
4(1787 1863 4219 4143)
4(1862 4218 4219 1863)
4(1788 1864 4220 4144)
4(1863 4219 4220 1864)
4(1789 1865 4221 4145)
4(1864 4220 4221 1865)
4(1790 1866 4222 4146)
4(1865 4221 4222 1866)
4(1791 1867 4223 4147)
4(1866 4222 4223 1867)
4(1792 1868 4224 4148)
4(1867 4223 4224 1868)
4(1793 1869 4225 4149)
4(1868 4224 4225 1869)
4(1794 1870 4226 4150)
4(1869 4225 4226 1870)
4(1795 1871 4227 4151)
4(1870 4226 4227 1871)
4(1796 1872 4228 4152)
4(1871 4227 4228 1872)
4(1797 1873 4229 4153)
4(1872 4228 4229 1873)
4(1798 1874 4230 4154)
4(1873 4229 4230 1874)
4(1799 1875 4231 4155)
4(1874 4230 4231 1875)
4(1800 1876 4232 4156)
4(1875 4231 4232 1876)
4(1801 1877 4233 4157)
4(1876 4232 4233 1877)
4(1802 1878 4234 4158)
4(1877 4233 4234 1878)
4(1803 1879 4235 4159)
4(1878 4234 4235 1879)
4(1804 1880 4236 4160)
4(1879 4235 4236 1880)
4(1805 1881 4237 4161)
4(1880 4236 4237 1881)
4(1806 1882 4238 4162)
4(1881 4237 4238 1882)
4(1807 1883 4239 4163)
4(1882 4238 4239 1883)
4(1808 1884 4240 4164)
4(1883 4239 4240 1884)
4(1809 1885 4241 4165)
4(1884 4240 4241 1885)
4(1810 1886 4242 4166)
4(1885 4241 4242 1886)
4(1811 1887 4243 4167)
4(1886 4242 4243 1887)
4(1812 1888 4244 4168)
4(1887 4243 4244 1888)
4(1813 1889 4245 4169)
4(1888 4244 4245 1889)
4(1814 1890 4246 4170)
4(1889 4245 4246 1890)
4(1815 1891 4247 4171)
4(1890 4246 4247 1891)
4(1816 1892 4248 4172)
4(1891 4247 4248 1892)
4(1817 1893 4249 4173)
4(1892 4248 4249 1893)
4(1818 1894 4250 4174)
4(1893 4249 4250 1894)
4(1819 1895 4251 4175)
4(1894 4250 4251 1895)
4(1820 1896 4252 4176)
4(1895 4251 4252 1896)
4(1821 1897 4253 4177)
4(1896 4252 4253 1897)
4(1822 1898 4254 4178)
4(1897 4253 4254 1898)
4(1898 4254 4255 1899)
4(1825 1901 4257 4181)
4(1900 4256 4257 1901)
4(1826 1902 4258 4182)
4(1901 4257 4258 1902)
4(1827 1903 4259 4183)
4(1902 4258 4259 1903)
4(1828 1904 4260 4184)
4(1903 4259 4260 1904)
4(1829 1905 4261 4185)
4(1904 4260 4261 1905)
4(1830 1906 4262 4186)
4(1905 4261 4262 1906)
4(1831 1907 4263 4187)
4(1906 4262 4263 1907)
4(1832 1908 4264 4188)
4(1907 4263 4264 1908)
4(1833 1909 4265 4189)
4(1908 4264 4265 1909)
4(1834 1910 4266 4190)
4(1909 4265 4266 1910)
4(1835 1911 4267 4191)
4(1910 4266 4267 1911)
4(1836 1912 4268 4192)
4(1911 4267 4268 1912)
4(1837 1913 4269 4193)
4(1912 4268 4269 1913)
4(1838 1914 4270 4194)
4(1913 4269 4270 1914)
4(1839 1915 4271 4195)
4(1914 4270 4271 1915)
4(1840 1916 4272 4196)
4(1915 4271 4272 1916)
4(1841 1917 4273 4197)
4(1916 4272 4273 1917)
4(1842 1918 4274 4198)
4(1917 4273 4274 1918)
4(1843 1919 4275 4199)
4(1918 4274 4275 1919)
4(1844 1920 4276 4200)
4(1919 4275 4276 1920)
4(1845 1921 4277 4201)
4(1920 4276 4277 1921)
4(1846 1922 4278 4202)
4(1921 4277 4278 1922)
4(1847 1923 4279 4203)
4(1922 4278 4279 1923)
4(1848 1924 4280 4204)
4(1923 4279 4280 1924)
4(1849 1925 4281 4205)
4(1924 4280 4281 1925)
4(1850 1926 4282 4206)
4(1925 4281 4282 1926)
4(1851 1927 4283 4207)
4(1926 4282 4283 1927)
4(1852 1928 4284 4208)
4(1927 4283 4284 1928)
4(1853 1929 4285 4209)
4(1928 4284 4285 1929)
4(1854 1930 4286 4210)
4(1929 4285 4286 1930)
4(1855 1931 4287 4211)
4(1930 4286 4287 1931)
4(1856 1932 4288 4212)
4(1931 4287 4288 1932)
4(1857 1933 4289 4213)
4(1932 4288 4289 1933)
4(1858 1934 4290 4214)
4(1933 4289 4290 1934)
4(1859 1935 4291 4215)
4(1934 4290 4291 1935)
4(1860 1936 4292 4216)
4(1935 4291 4292 1936)
4(1861 1937 4293 4217)
4(1936 4292 4293 1937)
4(1862 1938 4294 4218)
4(1937 4293 4294 1938)
4(1863 1939 4295 4219)
4(1938 4294 4295 1939)
4(1864 1940 4296 4220)
4(1939 4295 4296 1940)
4(1865 1941 4297 4221)
4(1940 4296 4297 1941)
4(1866 1942 4298 4222)
4(1941 4297 4298 1942)
4(1867 1943 4299 4223)
4(1942 4298 4299 1943)
4(1868 1944 4300 4224)
4(1943 4299 4300 1944)
4(1869 1945 4301 4225)
4(1944 4300 4301 1945)
4(1870 1946 4302 4226)
4(1945 4301 4302 1946)
4(1871 1947 4303 4227)
4(1946 4302 4303 1947)
4(1872 1948 4304 4228)
4(1947 4303 4304 1948)
4(1873 1949 4305 4229)
4(1948 4304 4305 1949)
4(1874 1950 4306 4230)
4(1949 4305 4306 1950)
4(1875 1951 4307 4231)
4(1950 4306 4307 1951)
4(1876 1952 4308 4232)
4(1951 4307 4308 1952)
4(1877 1953 4309 4233)
4(1952 4308 4309 1953)
4(1878 1954 4310 4234)
4(1953 4309 4310 1954)
4(1879 1955 4311 4235)
4(1954 4310 4311 1955)
4(1880 1956 4312 4236)
4(1955 4311 4312 1956)
4(1881 1957 4313 4237)
4(1956 4312 4313 1957)
4(1882 1958 4314 4238)
4(1957 4313 4314 1958)
4(1883 1959 4315 4239)
4(1958 4314 4315 1959)
4(1884 1960 4316 4240)
4(1959 4315 4316 1960)
4(1885 1961 4317 4241)
4(1960 4316 4317 1961)
4(1886 1962 4318 4242)
4(1961 4317 4318 1962)
4(1887 1963 4319 4243)
4(1962 4318 4319 1963)
4(1888 1964 4320 4244)
4(1963 4319 4320 1964)
4(1889 1965 4321 4245)
4(1964 4320 4321 1965)
4(1890 1966 4322 4246)
4(1965 4321 4322 1966)
4(1891 1967 4323 4247)
4(1966 4322 4323 1967)
4(1892 1968 4324 4248)
4(1967 4323 4324 1968)
4(1893 1969 4325 4249)
4(1968 4324 4325 1969)
4(1894 1970 4326 4250)
4(1969 4325 4326 1970)
4(1895 1971 4327 4251)
4(1970 4326 4327 1971)
4(1896 1972 4328 4252)
4(1971 4327 4328 1972)
4(1897 1973 4329 4253)
4(1972 4328 4329 1973)
4(1898 1974 4330 4254)
4(1973 4329 4330 1974)
4(1974 4330 4331 1975)
4(1901 1977 4333 4257)
4(1976 4332 4333 1977)
4(1902 1978 4334 4258)
4(1977 4333 4334 1978)
4(1903 1979 4335 4259)
4(1978 4334 4335 1979)
4(1904 1980 4336 4260)
4(1979 4335 4336 1980)
4(1905 1981 4337 4261)
4(1980 4336 4337 1981)
4(1906 1982 4338 4262)
4(1981 4337 4338 1982)
4(1907 1983 4339 4263)
4(1982 4338 4339 1983)
4(1908 1984 4340 4264)
4(1983 4339 4340 1984)
4(1909 1985 4341 4265)
4(1984 4340 4341 1985)
4(1910 1986 4342 4266)
4(1985 4341 4342 1986)
4(1911 1987 4343 4267)
4(1986 4342 4343 1987)
4(1912 1988 4344 4268)
4(1987 4343 4344 1988)
4(1913 1989 4345 4269)
4(1988 4344 4345 1989)
4(1914 1990 4346 4270)
4(1989 4345 4346 1990)
4(1915 1991 4347 4271)
4(1990 4346 4347 1991)
4(1916 1992 4348 4272)
4(1991 4347 4348 1992)
4(1917 1993 4349 4273)
4(1992 4348 4349 1993)
4(1918 1994 4350 4274)
4(1993 4349 4350 1994)
4(1919 1995 4351 4275)
4(1994 4350 4351 1995)
4(1920 1996 4352 4276)
4(1995 4351 4352 1996)
4(1921 1997 4353 4277)
4(1996 4352 4353 1997)
4(1922 1998 4354 4278)
4(1997 4353 4354 1998)
4(1923 1999 4355 4279)
4(1998 4354 4355 1999)
4(1924 2000 4356 4280)
4(1999 4355 4356 2000)
4(1925 2001 4357 4281)
4(2000 4356 4357 2001)
4(1926 2002 4358 4282)
4(2001 4357 4358 2002)
4(1927 2003 4359 4283)
4(2002 4358 4359 2003)
4(1928 2004 4360 4284)
4(2003 4359 4360 2004)
4(1929 2005 4361 4285)
4(2004 4360 4361 2005)
4(1930 2006 4362 4286)
4(2005 4361 4362 2006)
4(1931 2007 4363 4287)
4(2006 4362 4363 2007)
4(1932 2008 4364 4288)
4(2007 4363 4364 2008)
4(1933 2009 4365 4289)
4(2008 4364 4365 2009)
4(1934 2010 4366 4290)
4(2009 4365 4366 2010)
4(1935 2011 4367 4291)
4(2010 4366 4367 2011)
4(1936 2012 4368 4292)
4(2011 4367 4368 2012)
4(1937 2013 4369 4293)
4(2012 4368 4369 2013)
4(1938 2014 4370 4294)
4(2013 4369 4370 2014)
4(1939 2015 4371 4295)
4(2014 4370 4371 2015)
4(1940 2016 4372 4296)
4(2015 4371 4372 2016)
4(1941 2017 4373 4297)
4(2016 4372 4373 2017)
4(1942 2018 4374 4298)
4(2017 4373 4374 2018)
4(1943 2019 4375 4299)
4(2018 4374 4375 2019)
4(1944 2020 4376 4300)
4(2019 4375 4376 2020)
4(1945 2021 4377 4301)
4(2020 4376 4377 2021)
4(1946 2022 4378 4302)
4(2021 4377 4378 2022)
4(1947 2023 4379 4303)
4(2022 4378 4379 2023)
4(1948 2024 4380 4304)
4(2023 4379 4380 2024)
4(1949 2025 4381 4305)
4(2024 4380 4381 2025)
4(1950 2026 4382 4306)
4(2025 4381 4382 2026)
4(1951 2027 4383 4307)
4(2026 4382 4383 2027)
4(1952 2028 4384 4308)
4(2027 4383 4384 2028)
4(1953 2029 4385 4309)
4(2028 4384 4385 2029)
4(1954 2030 4386 4310)
4(2029 4385 4386 2030)
4(1955 2031 4387 4311)
4(2030 4386 4387 2031)
4(1956 2032 4388 4312)
4(2031 4387 4388 2032)
4(1957 2033 4389 4313)
4(2032 4388 4389 2033)
4(1958 2034 4390 4314)
4(2033 4389 4390 2034)
4(1959 2035 4391 4315)
4(2034 4390 4391 2035)
4(1960 2036 4392 4316)
4(2035 4391 4392 2036)
4(1961 2037 4393 4317)
4(2036 4392 4393 2037)
4(1962 2038 4394 4318)
4(2037 4393 4394 2038)
4(1963 2039 4395 4319)
4(2038 4394 4395 2039)
4(1964 2040 4396 4320)
4(2039 4395 4396 2040)
4(1965 2041 4397 4321)
4(2040 4396 4397 2041)
4(1966 2042 4398 4322)
4(2041 4397 4398 2042)
4(1967 2043 4399 4323)
4(2042 4398 4399 2043)
4(1968 2044 4400 4324)
4(2043 4399 4400 2044)
4(1969 2045 4401 4325)
4(2044 4400 4401 2045)
4(1970 2046 4402 4326)
4(2045 4401 4402 2046)
4(1971 2047 4403 4327)
4(2046 4402 4403 2047)
4(1972 2048 4404 4328)
4(2047 4403 4404 2048)
4(1973 2049 4405 4329)
4(2048 4404 4405 2049)
4(1974 2050 4406 4330)
4(2049 4405 4406 2050)
4(2050 4406 4407 2051)
4(1977 2053 4409 4333)
4(2052 4408 4409 2053)
4(1978 2054 4410 4334)
4(2053 4409 4410 2054)
4(1979 2055 4411 4335)
4(2054 4410 4411 2055)
4(1980 2056 4412 4336)
4(2055 4411 4412 2056)
4(1981 2057 4413 4337)
4(2056 4412 4413 2057)
4(1982 2058 4414 4338)
4(2057 4413 4414 2058)
4(1983 2059 4415 4339)
4(2058 4414 4415 2059)
4(1984 2060 4416 4340)
4(2059 4415 4416 2060)
4(1985 2061 4417 4341)
4(2060 4416 4417 2061)
4(1986 2062 4418 4342)
4(2061 4417 4418 2062)
4(1987 2063 4419 4343)
4(2062 4418 4419 2063)
4(1988 2064 4420 4344)
4(2063 4419 4420 2064)
4(1989 2065 4421 4345)
4(2064 4420 4421 2065)
4(1990 2066 4422 4346)
4(2065 4421 4422 2066)
4(1991 2067 4423 4347)
4(2066 4422 4423 2067)
4(1992 2068 4424 4348)
4(2067 4423 4424 2068)
4(1993 2069 4425 4349)
4(2068 4424 4425 2069)
4(1994 2070 4426 4350)
4(2069 4425 4426 2070)
4(1995 2071 4427 4351)
4(2070 4426 4427 2071)
4(1996 2072 4428 4352)
4(2071 4427 4428 2072)
4(1997 2073 4429 4353)
4(2072 4428 4429 2073)
4(1998 2074 4430 4354)
4(2073 4429 4430 2074)
4(1999 2075 4431 4355)
4(2074 4430 4431 2075)
4(2000 2076 4432 4356)
4(2075 4431 4432 2076)
4(2001 2077 4433 4357)
4(2076 4432 4433 2077)
4(2002 2078 4434 4358)
4(2077 4433 4434 2078)
4(2003 2079 4435 4359)
4(2078 4434 4435 2079)
4(2004 2080 4436 4360)
4(2079 4435 4436 2080)
4(2005 2081 4437 4361)
4(2080 4436 4437 2081)
4(2006 2082 4438 4362)
4(2081 4437 4438 2082)
4(2007 2083 4439 4363)
4(2082 4438 4439 2083)
4(2008 2084 4440 4364)
4(2083 4439 4440 2084)
4(2009 2085 4441 4365)
4(2084 4440 4441 2085)
4(2010 2086 4442 4366)
4(2085 4441 4442 2086)
4(2011 2087 4443 4367)
4(2086 4442 4443 2087)
4(2012 2088 4444 4368)
4(2087 4443 4444 2088)
4(2013 2089 4445 4369)
4(2088 4444 4445 2089)
4(2014 2090 4446 4370)
4(2089 4445 4446 2090)
4(2015 2091 4447 4371)
4(2090 4446 4447 2091)
4(2016 2092 4448 4372)
4(2091 4447 4448 2092)
4(2017 2093 4449 4373)
4(2092 4448 4449 2093)
4(2018 2094 4450 4374)
4(2093 4449 4450 2094)
4(2019 2095 4451 4375)
4(2094 4450 4451 2095)
4(2020 2096 4452 4376)
4(2095 4451 4452 2096)
4(2021 2097 4453 4377)
4(2096 4452 4453 2097)
4(2022 2098 4454 4378)
4(2097 4453 4454 2098)
4(2023 2099 4455 4379)
4(2098 4454 4455 2099)
4(2024 2100 4456 4380)
4(2099 4455 4456 2100)
4(2025 2101 4457 4381)
4(2100 4456 4457 2101)
4(2026 2102 4458 4382)
4(2101 4457 4458 2102)
4(2027 2103 4459 4383)
4(2102 4458 4459 2103)
4(2028 2104 4460 4384)
4(2103 4459 4460 2104)
4(2029 2105 4461 4385)
4(2104 4460 4461 2105)
4(2030 2106 4462 4386)
4(2105 4461 4462 2106)
4(2031 2107 4463 4387)
4(2106 4462 4463 2107)
4(2032 2108 4464 4388)
4(2107 4463 4464 2108)
4(2033 2109 4465 4389)
4(2108 4464 4465 2109)
4(2034 2110 4466 4390)
4(2109 4465 4466 2110)
4(2035 2111 4467 4391)
4(2110 4466 4467 2111)
4(2036 2112 4468 4392)
4(2111 4467 4468 2112)
4(2037 2113 4469 4393)
4(2112 4468 4469 2113)
4(2038 2114 4470 4394)
4(2113 4469 4470 2114)
4(2039 2115 4471 4395)
4(2114 4470 4471 2115)
4(2040 2116 4472 4396)
4(2115 4471 4472 2116)
4(2041 2117 4473 4397)
4(2116 4472 4473 2117)
4(2042 2118 4474 4398)
4(2117 4473 4474 2118)
4(2043 2119 4475 4399)
4(2118 4474 4475 2119)
4(2044 2120 4476 4400)
4(2119 4475 4476 2120)
4(2045 2121 4477 4401)
4(2120 4476 4477 2121)
4(2046 2122 4478 4402)
4(2121 4477 4478 2122)
4(2047 2123 4479 4403)
4(2122 4478 4479 2123)
4(2048 2124 4480 4404)
4(2123 4479 4480 2124)
4(2049 2125 4481 4405)
4(2124 4480 4481 2125)
4(2050 2126 4482 4406)
4(2125 4481 4482 2126)
4(2126 4482 4483 2127)
4(2053 2129 4485 4409)
4(2128 4484 4485 2129)
4(2054 2130 4486 4410)
4(2129 4485 4486 2130)
4(2055 2131 4487 4411)
4(2130 4486 4487 2131)
4(2056 2132 4488 4412)
4(2131 4487 4488 2132)
4(2057 2133 4489 4413)
4(2132 4488 4489 2133)
4(2058 2134 4490 4414)
4(2133 4489 4490 2134)
4(2059 2135 4491 4415)
4(2134 4490 4491 2135)
4(2060 2136 4492 4416)
4(2135 4491 4492 2136)
4(2061 2137 4493 4417)
4(2136 4492 4493 2137)
4(2062 2138 4494 4418)
4(2137 4493 4494 2138)
4(2063 2139 4495 4419)
4(2138 4494 4495 2139)
4(2064 2140 4496 4420)
4(2139 4495 4496 2140)
4(2065 2141 4497 4421)
4(2140 4496 4497 2141)
4(2066 2142 4498 4422)
4(2141 4497 4498 2142)
4(2067 2143 4499 4423)
4(2142 4498 4499 2143)
4(2068 2144 4500 4424)
4(2143 4499 4500 2144)
4(2069 2145 4501 4425)
4(2144 4500 4501 2145)
4(2070 2146 4502 4426)
4(2145 4501 4502 2146)
4(2071 2147 4503 4427)
4(2146 4502 4503 2147)
4(2072 2148 4504 4428)
4(2147 4503 4504 2148)
4(2073 2149 4505 4429)
4(2148 4504 4505 2149)
4(2074 2150 4506 4430)
4(2149 4505 4506 2150)
4(2075 2151 4507 4431)
4(2150 4506 4507 2151)
4(2076 2152 4508 4432)
4(2151 4507 4508 2152)
4(2077 2153 4509 4433)
4(2152 4508 4509 2153)
4(2078 2154 4510 4434)
4(2153 4509 4510 2154)
4(2079 2155 4511 4435)
4(2154 4510 4511 2155)
4(2080 2156 4512 4436)
4(2155 4511 4512 2156)
4(2081 2157 4513 4437)
4(2156 4512 4513 2157)
4(2082 2158 4514 4438)
4(2157 4513 4514 2158)
4(2083 2159 4515 4439)
4(2158 4514 4515 2159)
4(2084 2160 4516 4440)
4(2159 4515 4516 2160)
4(2085 2161 4517 4441)
4(2160 4516 4517 2161)
4(2086 2162 4518 4442)
4(2161 4517 4518 2162)
4(2087 2163 4519 4443)
4(2162 4518 4519 2163)
4(2088 2164 4520 4444)
4(2163 4519 4520 2164)
4(2089 2165 4521 4445)
4(2164 4520 4521 2165)
4(2090 2166 4522 4446)
4(2165 4521 4522 2166)
4(2091 2167 4523 4447)
4(2166 4522 4523 2167)
4(2092 2168 4524 4448)
4(2167 4523 4524 2168)
4(2093 2169 4525 4449)
4(2168 4524 4525 2169)
4(2094 2170 4526 4450)
4(2169 4525 4526 2170)
4(2095 2171 4527 4451)
4(2170 4526 4527 2171)
4(2096 2172 4528 4452)
4(2171 4527 4528 2172)
4(2097 2173 4529 4453)
4(2172 4528 4529 2173)
4(2098 2174 4530 4454)
4(2173 4529 4530 2174)
4(2099 2175 4531 4455)
4(2174 4530 4531 2175)
4(2100 2176 4532 4456)
4(2175 4531 4532 2176)
4(2101 2177 4533 4457)
4(2176 4532 4533 2177)
4(2102 2178 4534 4458)
4(2177 4533 4534 2178)
4(2103 2179 4535 4459)
4(2178 4534 4535 2179)
4(2104 2180 4536 4460)
4(2179 4535 4536 2180)
4(2105 2181 4537 4461)
4(2180 4536 4537 2181)
4(2106 2182 4538 4462)
4(2181 4537 4538 2182)
4(2107 2183 4539 4463)
4(2182 4538 4539 2183)
4(2108 2184 4540 4464)
4(2183 4539 4540 2184)
4(2109 2185 4541 4465)
4(2184 4540 4541 2185)
4(2110 2186 4542 4466)
4(2185 4541 4542 2186)
4(2111 2187 4543 4467)
4(2186 4542 4543 2187)
4(2112 2188 4544 4468)
4(2187 4543 4544 2188)
4(2113 2189 4545 4469)
4(2188 4544 4545 2189)
4(2114 2190 4546 4470)
4(2189 4545 4546 2190)
4(2115 2191 4547 4471)
4(2190 4546 4547 2191)
4(2116 2192 4548 4472)
4(2191 4547 4548 2192)
4(2117 2193 4549 4473)
4(2192 4548 4549 2193)
4(2118 2194 4550 4474)
4(2193 4549 4550 2194)
4(2119 2195 4551 4475)
4(2194 4550 4551 2195)
4(2120 2196 4552 4476)
4(2195 4551 4552 2196)
4(2121 2197 4553 4477)
4(2196 4552 4553 2197)
4(2122 2198 4554 4478)
4(2197 4553 4554 2198)
4(2123 2199 4555 4479)
4(2198 4554 4555 2199)
4(2124 2200 4556 4480)
4(2199 4555 4556 2200)
4(2125 2201 4557 4481)
4(2200 4556 4557 2201)
4(2126 2202 4558 4482)
4(2201 4557 4558 2202)
4(2202 4558 4559 2203)
4(2129 2205 4561 4485)
4(2204 4560 4561 2205)
4(2130 2206 4562 4486)
4(2205 4561 4562 2206)
4(2131 2207 4563 4487)
4(2206 4562 4563 2207)
4(2132 2208 4564 4488)
4(2207 4563 4564 2208)
4(2133 2209 4565 4489)
4(2208 4564 4565 2209)
4(2134 2210 4566 4490)
4(2209 4565 4566 2210)
4(2135 2211 4567 4491)
4(2210 4566 4567 2211)
4(2136 2212 4568 4492)
4(2211 4567 4568 2212)
4(2137 2213 4569 4493)
4(2212 4568 4569 2213)
4(2138 2214 4570 4494)
4(2213 4569 4570 2214)
4(2139 2215 4571 4495)
4(2214 4570 4571 2215)
4(2140 2216 4572 4496)
4(2215 4571 4572 2216)
4(2141 2217 4573 4497)
4(2216 4572 4573 2217)
4(2142 2218 4574 4498)
4(2217 4573 4574 2218)
4(2143 2219 4575 4499)
4(2218 4574 4575 2219)
4(2144 2220 4576 4500)
4(2219 4575 4576 2220)
4(2145 2221 4577 4501)
4(2220 4576 4577 2221)
4(2146 2222 4578 4502)
4(2221 4577 4578 2222)
4(2147 2223 4579 4503)
4(2222 4578 4579 2223)
4(2148 2224 4580 4504)
4(2223 4579 4580 2224)
4(2149 2225 4581 4505)
4(2224 4580 4581 2225)
4(2150 2226 4582 4506)
4(2225 4581 4582 2226)
4(2151 2227 4583 4507)
4(2226 4582 4583 2227)
4(2152 2228 4584 4508)
4(2227 4583 4584 2228)
4(2153 2229 4585 4509)
4(2228 4584 4585 2229)
4(2154 2230 4586 4510)
4(2229 4585 4586 2230)
4(2155 2231 4587 4511)
4(2230 4586 4587 2231)
4(2156 2232 4588 4512)
4(2231 4587 4588 2232)
4(2157 2233 4589 4513)
4(2232 4588 4589 2233)
4(2158 2234 4590 4514)
4(2233 4589 4590 2234)
4(2159 2235 4591 4515)
4(2234 4590 4591 2235)
4(2160 2236 4592 4516)
4(2235 4591 4592 2236)
4(2161 2237 4593 4517)
4(2236 4592 4593 2237)
4(2162 2238 4594 4518)
4(2237 4593 4594 2238)
4(2163 2239 4595 4519)
4(2238 4594 4595 2239)
4(2164 2240 4596 4520)
4(2239 4595 4596 2240)
4(2165 2241 4597 4521)
4(2240 4596 4597 2241)
4(2166 2242 4598 4522)
4(2241 4597 4598 2242)
4(2167 2243 4599 4523)
4(2242 4598 4599 2243)
4(2168 2244 4600 4524)
4(2243 4599 4600 2244)
4(2169 2245 4601 4525)
4(2244 4600 4601 2245)
4(2170 2246 4602 4526)
4(2245 4601 4602 2246)
4(2171 2247 4603 4527)
4(2246 4602 4603 2247)
4(2172 2248 4604 4528)
4(2247 4603 4604 2248)
4(2173 2249 4605 4529)
4(2248 4604 4605 2249)
4(2174 2250 4606 4530)
4(2249 4605 4606 2250)
4(2175 2251 4607 4531)
4(2250 4606 4607 2251)
4(2176 2252 4608 4532)
4(2251 4607 4608 2252)
4(2177 2253 4609 4533)
4(2252 4608 4609 2253)
4(2178 2254 4610 4534)
4(2253 4609 4610 2254)
4(2179 2255 4611 4535)
4(2254 4610 4611 2255)
4(2180 2256 4612 4536)
4(2255 4611 4612 2256)
4(2181 2257 4613 4537)
4(2256 4612 4613 2257)
4(2182 2258 4614 4538)
4(2257 4613 4614 2258)
4(2183 2259 4615 4539)
4(2258 4614 4615 2259)
4(2184 2260 4616 4540)
4(2259 4615 4616 2260)
4(2185 2261 4617 4541)
4(2260 4616 4617 2261)
4(2186 2262 4618 4542)
4(2261 4617 4618 2262)
4(2187 2263 4619 4543)
4(2262 4618 4619 2263)
4(2188 2264 4620 4544)
4(2263 4619 4620 2264)
4(2189 2265 4621 4545)
4(2264 4620 4621 2265)
4(2190 2266 4622 4546)
4(2265 4621 4622 2266)
4(2191 2267 4623 4547)
4(2266 4622 4623 2267)
4(2192 2268 4624 4548)
4(2267 4623 4624 2268)
4(2193 2269 4625 4549)
4(2268 4624 4625 2269)
4(2194 2270 4626 4550)
4(2269 4625 4626 2270)
4(2195 2271 4627 4551)
4(2270 4626 4627 2271)
4(2196 2272 4628 4552)
4(2271 4627 4628 2272)
4(2197 2273 4629 4553)
4(2272 4628 4629 2273)
4(2198 2274 4630 4554)
4(2273 4629 4630 2274)
4(2199 2275 4631 4555)
4(2274 4630 4631 2275)
4(2200 2276 4632 4556)
4(2275 4631 4632 2276)
4(2201 2277 4633 4557)
4(2276 4632 4633 2277)
4(2202 2278 4634 4558)
4(2277 4633 4634 2278)
4(2278 4634 4635 2279)
4(2205 2281 4637 4561)
4(2206 2282 4638 4562)
4(2207 2283 4639 4563)
4(2208 2284 4640 4564)
4(2209 2285 4641 4565)
4(2210 2286 4642 4566)
4(2211 2287 4643 4567)
4(2212 2288 4644 4568)
4(2213 2289 4645 4569)
4(2214 2290 4646 4570)
4(2215 2291 4647 4571)
4(2216 2292 4648 4572)
4(2217 2293 4649 4573)
4(2218 2294 4650 4574)
4(2219 2295 4651 4575)
4(2220 2296 4652 4576)
4(2221 2297 4653 4577)
4(2222 2298 4654 4578)
4(2223 2299 4655 4579)
4(2224 2300 4656 4580)
4(2225 2301 4657 4581)
4(2226 2302 4658 4582)
4(2227 2303 4659 4583)
4(2228 2304 4660 4584)
4(2229 2305 4661 4585)
4(2230 2306 4662 4586)
4(2231 2307 4663 4587)
4(2232 2308 4664 4588)
4(2233 2309 4665 4589)
4(2234 2310 4666 4590)
4(2235 2311 4667 4591)
4(2236 2312 4668 4592)
4(2237 2313 4669 4593)
4(2238 2314 4670 4594)
4(2239 2315 4671 4595)
4(2240 2316 4672 4596)
4(2241 2317 4673 4597)
4(2242 2318 4674 4598)
4(2243 2319 4675 4599)
4(2244 2320 4676 4600)
4(2245 2321 4677 4601)
4(2246 2322 4678 4602)
4(2247 2323 4679 4603)
4(2248 2324 4680 4604)
4(2249 2325 4681 4605)
4(2250 2326 4682 4606)
4(2251 2327 4683 4607)
4(2252 2328 4684 4608)
4(2253 2329 4685 4609)
4(2254 2330 4686 4610)
4(2255 2331 4687 4611)
4(2256 2332 4688 4612)
4(2257 2333 4689 4613)
4(2258 2334 4690 4614)
4(2259 2335 4691 4615)
4(2260 2336 4692 4616)
4(2261 2337 4693 4617)
4(2262 2338 4694 4618)
4(2263 2339 4695 4619)
4(2264 2340 4696 4620)
4(2265 2341 4697 4621)
4(2266 2342 4698 4622)
4(2267 2343 4699 4623)
4(2268 2344 4700 4624)
4(2269 2345 4701 4625)
4(2270 2346 4702 4626)
4(2271 2347 4703 4627)
4(2272 2348 4704 4628)
4(2273 2349 4705 4629)
4(2274 2350 4706 4630)
4(2275 2351 4707 4631)
4(2276 2352 4708 4632)
4(2277 2353 4709 4633)
4(2278 2354 4710 4634)
4(0 2356 2432 76)
4(76 2432 2508 152)
4(152 2508 2584 228)
4(228 2584 2660 304)
4(304 2660 2736 380)
4(380 2736 2812 456)
4(456 2812 2888 532)
4(532 2888 2964 608)
4(608 2964 3040 684)
4(684 3040 3116 760)
4(760 3116 3192 836)
4(836 3192 3268 912)
4(912 3268 3344 988)
4(988 3344 3420 1064)
4(1064 3420 3496 1140)
4(1140 3496 3572 1216)
4(1216 3572 3648 1292)
4(1292 3648 3724 1368)
4(1368 3724 3800 1444)
4(1444 3800 3876 1520)
4(1520 3876 3952 1596)
4(1596 3952 4028 1672)
4(1672 4028 4104 1748)
4(1748 4104 4180 1824)
4(1824 4180 4256 1900)
4(1900 4256 4332 1976)
4(1976 4332 4408 2052)
4(2052 4408 4484 2128)
4(2128 4484 4560 2204)
4(2204 4560 4636 2280)
4(75 151 2507 2431)
4(151 227 2583 2507)
4(227 303 2659 2583)
4(303 379 2735 2659)
4(379 455 2811 2735)
4(455 531 2887 2811)
4(531 607 2963 2887)
4(607 683 3039 2963)
4(683 759 3115 3039)
4(759 835 3191 3115)
4(835 911 3267 3191)
4(911 987 3343 3267)
4(987 1063 3419 3343)
4(1063 1139 3495 3419)
4(1139 1215 3571 3495)
4(1215 1291 3647 3571)
4(1291 1367 3723 3647)
4(1367 1443 3799 3723)
4(1443 1519 3875 3799)
4(1519 1595 3951 3875)
4(1595 1671 4027 3951)
4(1671 1747 4103 4027)
4(1747 1823 4179 4103)
4(1823 1899 4255 4179)
4(1899 1975 4331 4255)
4(1975 2051 4407 4331)
4(2051 2127 4483 4407)
4(2127 2203 4559 4483)
4(2203 2279 4635 4559)
4(2279 2355 4711 4635)
4(0 1 2357 2356)
4(1 2 2358 2357)
4(2 3 2359 2358)
4(3 4 2360 2359)
4(4 5 2361 2360)
4(5 6 2362 2361)
4(6 7 2363 2362)
4(7 8 2364 2363)
4(8 9 2365 2364)
4(9 10 2366 2365)
4(10 11 2367 2366)
4(11 12 2368 2367)
4(12 13 2369 2368)
4(13 14 2370 2369)
4(14 15 2371 2370)
4(15 16 2372 2371)
4(16 17 2373 2372)
4(17 18 2374 2373)
4(18 19 2375 2374)
4(19 20 2376 2375)
4(20 21 2377 2376)
4(21 22 2378 2377)
4(22 23 2379 2378)
4(23 24 2380 2379)
4(24 25 2381 2380)
4(25 26 2382 2381)
4(26 27 2383 2382)
4(27 28 2384 2383)
4(28 29 2385 2384)
4(29 30 2386 2385)
4(30 31 2387 2386)
4(31 32 2388 2387)
4(32 33 2389 2388)
4(33 34 2390 2389)
4(34 35 2391 2390)
4(35 36 2392 2391)
4(36 37 2393 2392)
4(37 38 2394 2393)
4(38 39 2395 2394)
4(39 40 2396 2395)
4(40 41 2397 2396)
4(41 42 2398 2397)
4(42 43 2399 2398)
4(43 44 2400 2399)
4(44 45 2401 2400)
4(45 46 2402 2401)
4(46 47 2403 2402)
4(47 48 2404 2403)
4(48 49 2405 2404)
4(49 50 2406 2405)
4(50 51 2407 2406)
4(51 52 2408 2407)
4(52 53 2409 2408)
4(53 54 2410 2409)
4(54 55 2411 2410)
4(55 56 2412 2411)
4(56 57 2413 2412)
4(57 58 2414 2413)
4(58 59 2415 2414)
4(59 60 2416 2415)
4(60 61 2417 2416)
4(61 62 2418 2417)
4(62 63 2419 2418)
4(63 64 2420 2419)
4(64 65 2421 2420)
4(65 66 2422 2421)
4(66 67 2423 2422)
4(67 68 2424 2423)
4(68 69 2425 2424)
4(69 70 2426 2425)
4(70 71 2427 2426)
4(71 72 2428 2427)
4(72 73 2429 2428)
4(73 74 2430 2429)
4(74 75 2431 2430)
4(2280 4636 4637 2281)
4(2281 4637 4638 2282)
4(2282 4638 4639 2283)
4(2283 4639 4640 2284)
4(2284 4640 4641 2285)
4(2285 4641 4642 2286)
4(2286 4642 4643 2287)
4(2287 4643 4644 2288)
4(2288 4644 4645 2289)
4(2289 4645 4646 2290)
4(2290 4646 4647 2291)
4(2291 4647 4648 2292)
4(2292 4648 4649 2293)
4(2293 4649 4650 2294)
4(2294 4650 4651 2295)
4(2295 4651 4652 2296)
4(2296 4652 4653 2297)
4(2297 4653 4654 2298)
4(2298 4654 4655 2299)
4(2299 4655 4656 2300)
4(2300 4656 4657 2301)
4(2301 4657 4658 2302)
4(2302 4658 4659 2303)
4(2303 4659 4660 2304)
4(2304 4660 4661 2305)
4(2305 4661 4662 2306)
4(2306 4662 4663 2307)
4(2307 4663 4664 2308)
4(2308 4664 4665 2309)
4(2309 4665 4666 2310)
4(2310 4666 4667 2311)
4(2311 4667 4668 2312)
4(2312 4668 4669 2313)
4(2313 4669 4670 2314)
4(2314 4670 4671 2315)
4(2315 4671 4672 2316)
4(2316 4672 4673 2317)
4(2317 4673 4674 2318)
4(2318 4674 4675 2319)
4(2319 4675 4676 2320)
4(2320 4676 4677 2321)
4(2321 4677 4678 2322)
4(2322 4678 4679 2323)
4(2323 4679 4680 2324)
4(2324 4680 4681 2325)
4(2325 4681 4682 2326)
4(2326 4682 4683 2327)
4(2327 4683 4684 2328)
4(2328 4684 4685 2329)
4(2329 4685 4686 2330)
4(2330 4686 4687 2331)
4(2331 4687 4688 2332)
4(2332 4688 4689 2333)
4(2333 4689 4690 2334)
4(2334 4690 4691 2335)
4(2335 4691 4692 2336)
4(2336 4692 4693 2337)
4(2337 4693 4694 2338)
4(2338 4694 4695 2339)
4(2339 4695 4696 2340)
4(2340 4696 4697 2341)
4(2341 4697 4698 2342)
4(2342 4698 4699 2343)
4(2343 4699 4700 2344)
4(2344 4700 4701 2345)
4(2345 4701 4702 2346)
4(2346 4702 4703 2347)
4(2347 4703 4704 2348)
4(2348 4704 4705 2349)
4(2349 4705 4706 2350)
4(2350 4706 4707 2351)
4(2351 4707 4708 2352)
4(2352 4708 4709 2353)
4(2353 4709 4710 2354)
4(2354 4710 4711 2355)
4(0 76 77 1)
4(76 152 153 77)
4(152 228 229 153)
4(228 304 305 229)
4(304 380 381 305)
4(380 456 457 381)
4(456 532 533 457)
4(532 608 609 533)
4(608 684 685 609)
4(684 760 761 685)
4(760 836 837 761)
4(836 912 913 837)
4(912 988 989 913)
4(988 1064 1065 989)
4(1064 1140 1141 1065)
4(1140 1216 1217 1141)
4(1216 1292 1293 1217)
4(1292 1368 1369 1293)
4(1368 1444 1445 1369)
4(1444 1520 1521 1445)
4(1520 1596 1597 1521)
4(1596 1672 1673 1597)
4(1672 1748 1749 1673)
4(1748 1824 1825 1749)
4(1824 1900 1901 1825)
4(1900 1976 1977 1901)
4(1976 2052 2053 1977)
4(2052 2128 2129 2053)
4(2128 2204 2205 2129)
4(2204 2280 2281 2205)
4(1 77 78 2)
4(77 153 154 78)
4(153 229 230 154)
4(229 305 306 230)
4(305 381 382 306)
4(381 457 458 382)
4(457 533 534 458)
4(533 609 610 534)
4(609 685 686 610)
4(685 761 762 686)
4(761 837 838 762)
4(837 913 914 838)
4(913 989 990 914)
4(989 1065 1066 990)
4(1065 1141 1142 1066)
4(1141 1217 1218 1142)
4(1217 1293 1294 1218)
4(1293 1369 1370 1294)
4(1369 1445 1446 1370)
4(1445 1521 1522 1446)
4(1521 1597 1598 1522)
4(1597 1673 1674 1598)
4(1673 1749 1750 1674)
4(1749 1825 1826 1750)
4(1825 1901 1902 1826)
4(1901 1977 1978 1902)
4(1977 2053 2054 1978)
4(2053 2129 2130 2054)
4(2129 2205 2206 2130)
4(2205 2281 2282 2206)
4(2 78 79 3)
4(78 154 155 79)
4(154 230 231 155)
4(230 306 307 231)
4(306 382 383 307)
4(382 458 459 383)
4(458 534 535 459)
4(534 610 611 535)
4(610 686 687 611)
4(686 762 763 687)
4(762 838 839 763)
4(838 914 915 839)
4(914 990 991 915)
4(990 1066 1067 991)
4(1066 1142 1143 1067)
4(1142 1218 1219 1143)
4(1218 1294 1295 1219)
4(1294 1370 1371 1295)
4(1370 1446 1447 1371)
4(1446 1522 1523 1447)
4(1522 1598 1599 1523)
4(1598 1674 1675 1599)
4(1674 1750 1751 1675)
4(1750 1826 1827 1751)
4(1826 1902 1903 1827)
4(1902 1978 1979 1903)
4(1978 2054 2055 1979)
4(2054 2130 2131 2055)
4(2130 2206 2207 2131)
4(2206 2282 2283 2207)
4(3 79 80 4)
4(79 155 156 80)
4(155 231 232 156)
4(231 307 308 232)
4(307 383 384 308)
4(383 459 460 384)
4(459 535 536 460)
4(535 611 612 536)
4(611 687 688 612)
4(687 763 764 688)
4(763 839 840 764)
4(839 915 916 840)
4(915 991 992 916)
4(991 1067 1068 992)
4(1067 1143 1144 1068)
4(1143 1219 1220 1144)
4(1219 1295 1296 1220)
4(1295 1371 1372 1296)
4(1371 1447 1448 1372)
4(1447 1523 1524 1448)
4(1523 1599 1600 1524)
4(1599 1675 1676 1600)
4(1675 1751 1752 1676)
4(1751 1827 1828 1752)
4(1827 1903 1904 1828)
4(1903 1979 1980 1904)
4(1979 2055 2056 1980)
4(2055 2131 2132 2056)
4(2131 2207 2208 2132)
4(2207 2283 2284 2208)
4(4 80 81 5)
4(80 156 157 81)
4(156 232 233 157)
4(232 308 309 233)
4(308 384 385 309)
4(384 460 461 385)
4(460 536 537 461)
4(536 612 613 537)
4(612 688 689 613)
4(688 764 765 689)
4(764 840 841 765)
4(840 916 917 841)
4(916 992 993 917)
4(992 1068 1069 993)
4(1068 1144 1145 1069)
4(1144 1220 1221 1145)
4(1220 1296 1297 1221)
4(1296 1372 1373 1297)
4(1372 1448 1449 1373)
4(1448 1524 1525 1449)
4(1524 1600 1601 1525)
4(1600 1676 1677 1601)
4(1676 1752 1753 1677)
4(1752 1828 1829 1753)
4(1828 1904 1905 1829)
4(1904 1980 1981 1905)
4(1980 2056 2057 1981)
4(2056 2132 2133 2057)
4(2132 2208 2209 2133)
4(2208 2284 2285 2209)
4(5 81 82 6)
4(81 157 158 82)
4(157 233 234 158)
4(233 309 310 234)
4(309 385 386 310)
4(385 461 462 386)
4(461 537 538 462)
4(537 613 614 538)
4(613 689 690 614)
4(689 765 766 690)
4(765 841 842 766)
4(841 917 918 842)
4(917 993 994 918)
4(993 1069 1070 994)
4(1069 1145 1146 1070)
4(1145 1221 1222 1146)
4(1221 1297 1298 1222)
4(1297 1373 1374 1298)
4(1373 1449 1450 1374)
4(1449 1525 1526 1450)
4(1525 1601 1602 1526)
4(1601 1677 1678 1602)
4(1677 1753 1754 1678)
4(1753 1829 1830 1754)
4(1829 1905 1906 1830)
4(1905 1981 1982 1906)
4(1981 2057 2058 1982)
4(2057 2133 2134 2058)
4(2133 2209 2210 2134)
4(2209 2285 2286 2210)
4(6 82 83 7)
4(82 158 159 83)
4(158 234 235 159)
4(234 310 311 235)
4(310 386 387 311)
4(386 462 463 387)
4(462 538 539 463)
4(538 614 615 539)
4(614 690 691 615)
4(690 766 767 691)
4(766 842 843 767)
4(842 918 919 843)
4(918 994 995 919)
4(994 1070 1071 995)
4(1070 1146 1147 1071)
4(1146 1222 1223 1147)
4(1222 1298 1299 1223)
4(1298 1374 1375 1299)
4(1374 1450 1451 1375)
4(1450 1526 1527 1451)
4(1526 1602 1603 1527)
4(1602 1678 1679 1603)
4(1678 1754 1755 1679)
4(1754 1830 1831 1755)
4(1830 1906 1907 1831)
4(1906 1982 1983 1907)
4(1982 2058 2059 1983)
4(2058 2134 2135 2059)
4(2134 2210 2211 2135)
4(2210 2286 2287 2211)
4(7 83 84 8)
4(83 159 160 84)
4(159 235 236 160)
4(235 311 312 236)
4(311 387 388 312)
4(387 463 464 388)
4(463 539 540 464)
4(539 615 616 540)
4(615 691 692 616)
4(691 767 768 692)
4(767 843 844 768)
4(843 919 920 844)
4(919 995 996 920)
4(995 1071 1072 996)
4(1071 1147 1148 1072)
4(1147 1223 1224 1148)
4(1223 1299 1300 1224)
4(1299 1375 1376 1300)
4(1375 1451 1452 1376)
4(1451 1527 1528 1452)
4(1527 1603 1604 1528)
4(1603 1679 1680 1604)
4(1679 1755 1756 1680)
4(1755 1831 1832 1756)
4(1831 1907 1908 1832)
4(1907 1983 1984 1908)
4(1983 2059 2060 1984)
4(2059 2135 2136 2060)
4(2135 2211 2212 2136)
4(2211 2287 2288 2212)
4(8 84 85 9)
4(84 160 161 85)
4(160 236 237 161)
4(236 312 313 237)
4(312 388 389 313)
4(388 464 465 389)
4(464 540 541 465)
4(540 616 617 541)
4(616 692 693 617)
4(692 768 769 693)
4(768 844 845 769)
4(844 920 921 845)
4(920 996 997 921)
4(996 1072 1073 997)
4(1072 1148 1149 1073)
4(1148 1224 1225 1149)
4(1224 1300 1301 1225)
4(1300 1376 1377 1301)
4(1376 1452 1453 1377)
4(1452 1528 1529 1453)
4(1528 1604 1605 1529)
4(1604 1680 1681 1605)
4(1680 1756 1757 1681)
4(1756 1832 1833 1757)
4(1832 1908 1909 1833)
4(1908 1984 1985 1909)
4(1984 2060 2061 1985)
4(2060 2136 2137 2061)
4(2136 2212 2213 2137)
4(2212 2288 2289 2213)
4(9 85 86 10)
4(85 161 162 86)
4(161 237 238 162)
4(237 313 314 238)
4(313 389 390 314)
4(389 465 466 390)
4(465 541 542 466)
4(541 617 618 542)
4(617 693 694 618)
4(693 769 770 694)
4(769 845 846 770)
4(845 921 922 846)
4(921 997 998 922)
4(997 1073 1074 998)
4(1073 1149 1150 1074)
4(1149 1225 1226 1150)
4(1225 1301 1302 1226)
4(1301 1377 1378 1302)
4(1377 1453 1454 1378)
4(1453 1529 1530 1454)
4(1529 1605 1606 1530)
4(1605 1681 1682 1606)
4(1681 1757 1758 1682)
4(1757 1833 1834 1758)
4(1833 1909 1910 1834)
4(1909 1985 1986 1910)
4(1985 2061 2062 1986)
4(2061 2137 2138 2062)
4(2137 2213 2214 2138)
4(2213 2289 2290 2214)
4(10 86 87 11)
4(86 162 163 87)
4(162 238 239 163)
4(238 314 315 239)
4(314 390 391 315)
4(390 466 467 391)
4(466 542 543 467)
4(542 618 619 543)
4(618 694 695 619)
4(694 770 771 695)
4(770 846 847 771)
4(846 922 923 847)
4(922 998 999 923)
4(998 1074 1075 999)
4(1074 1150 1151 1075)
4(1150 1226 1227 1151)
4(1226 1302 1303 1227)
4(1302 1378 1379 1303)
4(1378 1454 1455 1379)
4(1454 1530 1531 1455)
4(1530 1606 1607 1531)
4(1606 1682 1683 1607)
4(1682 1758 1759 1683)
4(1758 1834 1835 1759)
4(1834 1910 1911 1835)
4(1910 1986 1987 1911)
4(1986 2062 2063 1987)
4(2062 2138 2139 2063)
4(2138 2214 2215 2139)
4(2214 2290 2291 2215)
4(11 87 88 12)
4(87 163 164 88)
4(163 239 240 164)
4(239 315 316 240)
4(315 391 392 316)
4(391 467 468 392)
4(467 543 544 468)
4(543 619 620 544)
4(619 695 696 620)
4(695 771 772 696)
4(771 847 848 772)
4(847 923 924 848)
4(923 999 1000 924)
4(999 1075 1076 1000)
4(1075 1151 1152 1076)
4(1151 1227 1228 1152)
4(1227 1303 1304 1228)
4(1303 1379 1380 1304)
4(1379 1455 1456 1380)
4(1455 1531 1532 1456)
4(1531 1607 1608 1532)
4(1607 1683 1684 1608)
4(1683 1759 1760 1684)
4(1759 1835 1836 1760)
4(1835 1911 1912 1836)
4(1911 1987 1988 1912)
4(1987 2063 2064 1988)
4(2063 2139 2140 2064)
4(2139 2215 2216 2140)
4(2215 2291 2292 2216)
4(12 88 89 13)
4(88 164 165 89)
4(164 240 241 165)
4(240 316 317 241)
4(316 392 393 317)
4(392 468 469 393)
4(468 544 545 469)
4(544 620 621 545)
4(620 696 697 621)
4(696 772 773 697)
4(772 848 849 773)
4(848 924 925 849)
4(924 1000 1001 925)
4(1000 1076 1077 1001)
4(1076 1152 1153 1077)
4(1152 1228 1229 1153)
4(1228 1304 1305 1229)
4(1304 1380 1381 1305)
4(1380 1456 1457 1381)
4(1456 1532 1533 1457)
4(1532 1608 1609 1533)
4(1608 1684 1685 1609)
4(1684 1760 1761 1685)
4(1760 1836 1837 1761)
4(1836 1912 1913 1837)
4(1912 1988 1989 1913)
4(1988 2064 2065 1989)
4(2064 2140 2141 2065)
4(2140 2216 2217 2141)
4(2216 2292 2293 2217)
4(13 89 90 14)
4(89 165 166 90)
4(165 241 242 166)
4(241 317 318 242)
4(317 393 394 318)
4(393 469 470 394)
4(469 545 546 470)
4(545 621 622 546)
4(621 697 698 622)
4(697 773 774 698)
4(773 849 850 774)
4(849 925 926 850)
4(925 1001 1002 926)
4(1001 1077 1078 1002)
4(1077 1153 1154 1078)
4(1153 1229 1230 1154)
4(1229 1305 1306 1230)
4(1305 1381 1382 1306)
4(1381 1457 1458 1382)
4(1457 1533 1534 1458)
4(1533 1609 1610 1534)
4(1609 1685 1686 1610)
4(1685 1761 1762 1686)
4(1761 1837 1838 1762)
4(1837 1913 1914 1838)
4(1913 1989 1990 1914)
4(1989 2065 2066 1990)
4(2065 2141 2142 2066)
4(2141 2217 2218 2142)
4(2217 2293 2294 2218)
4(14 90 91 15)
4(90 166 167 91)
4(166 242 243 167)
4(242 318 319 243)
4(318 394 395 319)
4(394 470 471 395)
4(470 546 547 471)
4(546 622 623 547)
4(622 698 699 623)
4(698 774 775 699)
4(774 850 851 775)
4(850 926 927 851)
4(926 1002 1003 927)
4(1002 1078 1079 1003)
4(1078 1154 1155 1079)
4(1154 1230 1231 1155)
4(1230 1306 1307 1231)
4(1306 1382 1383 1307)
4(1382 1458 1459 1383)
4(1458 1534 1535 1459)
4(1534 1610 1611 1535)
4(1610 1686 1687 1611)
4(1686 1762 1763 1687)
4(1762 1838 1839 1763)
4(1838 1914 1915 1839)
4(1914 1990 1991 1915)
4(1990 2066 2067 1991)
4(2066 2142 2143 2067)
4(2142 2218 2219 2143)
4(2218 2294 2295 2219)
4(15 91 92 16)
4(91 167 168 92)
4(167 243 244 168)
4(243 319 320 244)
4(319 395 396 320)
4(395 471 472 396)
4(471 547 548 472)
4(547 623 624 548)
4(623 699 700 624)
4(699 775 776 700)
4(775 851 852 776)
4(851 927 928 852)
4(927 1003 1004 928)
4(1003 1079 1080 1004)
4(1079 1155 1156 1080)
4(1155 1231 1232 1156)
4(1231 1307 1308 1232)
4(1307 1383 1384 1308)
4(1383 1459 1460 1384)
4(1459 1535 1536 1460)
4(1535 1611 1612 1536)
4(1611 1687 1688 1612)
4(1687 1763 1764 1688)
4(1763 1839 1840 1764)
4(1839 1915 1916 1840)
4(1915 1991 1992 1916)
4(1991 2067 2068 1992)
4(2067 2143 2144 2068)
4(2143 2219 2220 2144)
4(2219 2295 2296 2220)
4(16 92 93 17)
4(92 168 169 93)
4(168 244 245 169)
4(244 320 321 245)
4(320 396 397 321)
4(396 472 473 397)
4(472 548 549 473)
4(548 624 625 549)
4(624 700 701 625)
4(700 776 777 701)
4(776 852 853 777)
4(852 928 929 853)
4(928 1004 1005 929)
4(1004 1080 1081 1005)
4(1080 1156 1157 1081)
4(1156 1232 1233 1157)
4(1232 1308 1309 1233)
4(1308 1384 1385 1309)
4(1384 1460 1461 1385)
4(1460 1536 1537 1461)
4(1536 1612 1613 1537)
4(1612 1688 1689 1613)
4(1688 1764 1765 1689)
4(1764 1840 1841 1765)
4(1840 1916 1917 1841)
4(1916 1992 1993 1917)
4(1992 2068 2069 1993)
4(2068 2144 2145 2069)
4(2144 2220 2221 2145)
4(2220 2296 2297 2221)
4(17 93 94 18)
4(93 169 170 94)
4(169 245 246 170)
4(245 321 322 246)
4(321 397 398 322)
4(397 473 474 398)
4(473 549 550 474)
4(549 625 626 550)
4(625 701 702 626)
4(701 777 778 702)
4(777 853 854 778)
4(853 929 930 854)
4(929 1005 1006 930)
4(1005 1081 1082 1006)
4(1081 1157 1158 1082)
4(1157 1233 1234 1158)
4(1233 1309 1310 1234)
4(1309 1385 1386 1310)
4(1385 1461 1462 1386)
4(1461 1537 1538 1462)
4(1537 1613 1614 1538)
4(1613 1689 1690 1614)
4(1689 1765 1766 1690)
4(1765 1841 1842 1766)
4(1841 1917 1918 1842)
4(1917 1993 1994 1918)
4(1993 2069 2070 1994)
4(2069 2145 2146 2070)
4(2145 2221 2222 2146)
4(2221 2297 2298 2222)
4(18 94 95 19)
4(94 170 171 95)
4(170 246 247 171)
4(246 322 323 247)
4(322 398 399 323)
4(398 474 475 399)
4(474 550 551 475)
4(550 626 627 551)
4(626 702 703 627)
4(702 778 779 703)
4(778 854 855 779)
4(854 930 931 855)
4(930 1006 1007 931)
4(1006 1082 1083 1007)
4(1082 1158 1159 1083)
4(1158 1234 1235 1159)
4(1234 1310 1311 1235)
4(1310 1386 1387 1311)
4(1386 1462 1463 1387)
4(1462 1538 1539 1463)
4(1538 1614 1615 1539)
4(1614 1690 1691 1615)
4(1690 1766 1767 1691)
4(1766 1842 1843 1767)
4(1842 1918 1919 1843)
4(1918 1994 1995 1919)
4(1994 2070 2071 1995)
4(2070 2146 2147 2071)
4(2146 2222 2223 2147)
4(2222 2298 2299 2223)
4(19 95 96 20)
4(95 171 172 96)
4(171 247 248 172)
4(247 323 324 248)
4(323 399 400 324)
4(399 475 476 400)
4(475 551 552 476)
4(551 627 628 552)
4(627 703 704 628)
4(703 779 780 704)
4(779 855 856 780)
4(855 931 932 856)
4(931 1007 1008 932)
4(1007 1083 1084 1008)
4(1083 1159 1160 1084)
4(1159 1235 1236 1160)
4(1235 1311 1312 1236)
4(1311 1387 1388 1312)
4(1387 1463 1464 1388)
4(1463 1539 1540 1464)
4(1539 1615 1616 1540)
4(1615 1691 1692 1616)
4(1691 1767 1768 1692)
4(1767 1843 1844 1768)
4(1843 1919 1920 1844)
4(1919 1995 1996 1920)
4(1995 2071 2072 1996)
4(2071 2147 2148 2072)
4(2147 2223 2224 2148)
4(2223 2299 2300 2224)
4(20 96 97 21)
4(96 172 173 97)
4(172 248 249 173)
4(248 324 325 249)
4(324 400 401 325)
4(400 476 477 401)
4(476 552 553 477)
4(552 628 629 553)
4(628 704 705 629)
4(704 780 781 705)
4(780 856 857 781)
4(856 932 933 857)
4(932 1008 1009 933)
4(1008 1084 1085 1009)
4(1084 1160 1161 1085)
4(1160 1236 1237 1161)
4(1236 1312 1313 1237)
4(1312 1388 1389 1313)
4(1388 1464 1465 1389)
4(1464 1540 1541 1465)
4(1540 1616 1617 1541)
4(1616 1692 1693 1617)
4(1692 1768 1769 1693)
4(1768 1844 1845 1769)
4(1844 1920 1921 1845)
4(1920 1996 1997 1921)
4(1996 2072 2073 1997)
4(2072 2148 2149 2073)
4(2148 2224 2225 2149)
4(2224 2300 2301 2225)
4(21 97 98 22)
4(97 173 174 98)
4(173 249 250 174)
4(249 325 326 250)
4(325 401 402 326)
4(401 477 478 402)
4(477 553 554 478)
4(553 629 630 554)
4(629 705 706 630)
4(705 781 782 706)
4(781 857 858 782)
4(857 933 934 858)
4(933 1009 1010 934)
4(1009 1085 1086 1010)
4(1085 1161 1162 1086)
4(1161 1237 1238 1162)
4(1237 1313 1314 1238)
4(1313 1389 1390 1314)
4(1389 1465 1466 1390)
4(1465 1541 1542 1466)
4(1541 1617 1618 1542)
4(1617 1693 1694 1618)
4(1693 1769 1770 1694)
4(1769 1845 1846 1770)
4(1845 1921 1922 1846)
4(1921 1997 1998 1922)
4(1997 2073 2074 1998)
4(2073 2149 2150 2074)
4(2149 2225 2226 2150)
4(2225 2301 2302 2226)
4(22 98 99 23)
4(98 174 175 99)
4(174 250 251 175)
4(250 326 327 251)
4(326 402 403 327)
4(402 478 479 403)
4(478 554 555 479)
4(554 630 631 555)
4(630 706 707 631)
4(706 782 783 707)
4(782 858 859 783)
4(858 934 935 859)
4(934 1010 1011 935)
4(1010 1086 1087 1011)
4(1086 1162 1163 1087)
4(1162 1238 1239 1163)
4(1238 1314 1315 1239)
4(1314 1390 1391 1315)
4(1390 1466 1467 1391)
4(1466 1542 1543 1467)
4(1542 1618 1619 1543)
4(1618 1694 1695 1619)
4(1694 1770 1771 1695)
4(1770 1846 1847 1771)
4(1846 1922 1923 1847)
4(1922 1998 1999 1923)
4(1998 2074 2075 1999)
4(2074 2150 2151 2075)
4(2150 2226 2227 2151)
4(2226 2302 2303 2227)
4(23 99 100 24)
4(99 175 176 100)
4(175 251 252 176)
4(251 327 328 252)
4(327 403 404 328)
4(403 479 480 404)
4(479 555 556 480)
4(555 631 632 556)
4(631 707 708 632)
4(707 783 784 708)
4(783 859 860 784)
4(859 935 936 860)
4(935 1011 1012 936)
4(1011 1087 1088 1012)
4(1087 1163 1164 1088)
4(1163 1239 1240 1164)
4(1239 1315 1316 1240)
4(1315 1391 1392 1316)
4(1391 1467 1468 1392)
4(1467 1543 1544 1468)
4(1543 1619 1620 1544)
4(1619 1695 1696 1620)
4(1695 1771 1772 1696)
4(1771 1847 1848 1772)
4(1847 1923 1924 1848)
4(1923 1999 2000 1924)
4(1999 2075 2076 2000)
4(2075 2151 2152 2076)
4(2151 2227 2228 2152)
4(2227 2303 2304 2228)
4(24 100 101 25)
4(100 176 177 101)
4(176 252 253 177)
4(252 328 329 253)
4(328 404 405 329)
4(404 480 481 405)
4(480 556 557 481)
4(556 632 633 557)
4(632 708 709 633)
4(708 784 785 709)
4(784 860 861 785)
4(860 936 937 861)
4(936 1012 1013 937)
4(1012 1088 1089 1013)
4(1088 1164 1165 1089)
4(1164 1240 1241 1165)
4(1240 1316 1317 1241)
4(1316 1392 1393 1317)
4(1392 1468 1469 1393)
4(1468 1544 1545 1469)
4(1544 1620 1621 1545)
4(1620 1696 1697 1621)
4(1696 1772 1773 1697)
4(1772 1848 1849 1773)
4(1848 1924 1925 1849)
4(1924 2000 2001 1925)
4(2000 2076 2077 2001)
4(2076 2152 2153 2077)
4(2152 2228 2229 2153)
4(2228 2304 2305 2229)
4(25 101 102 26)
4(101 177 178 102)
4(177 253 254 178)
4(253 329 330 254)
4(329 405 406 330)
4(405 481 482 406)
4(481 557 558 482)
4(557 633 634 558)
4(633 709 710 634)
4(709 785 786 710)
4(785 861 862 786)
4(861 937 938 862)
4(937 1013 1014 938)
4(1013 1089 1090 1014)
4(1089 1165 1166 1090)
4(1165 1241 1242 1166)
4(1241 1317 1318 1242)
4(1317 1393 1394 1318)
4(1393 1469 1470 1394)
4(1469 1545 1546 1470)
4(1545 1621 1622 1546)
4(1621 1697 1698 1622)
4(1697 1773 1774 1698)
4(1773 1849 1850 1774)
4(1849 1925 1926 1850)
4(1925 2001 2002 1926)
4(2001 2077 2078 2002)
4(2077 2153 2154 2078)
4(2153 2229 2230 2154)
4(2229 2305 2306 2230)
4(26 102 103 27)
4(102 178 179 103)
4(178 254 255 179)
4(254 330 331 255)
4(330 406 407 331)
4(406 482 483 407)
4(482 558 559 483)
4(558 634 635 559)
4(634 710 711 635)
4(710 786 787 711)
4(786 862 863 787)
4(862 938 939 863)
4(938 1014 1015 939)
4(1014 1090 1091 1015)
4(1090 1166 1167 1091)
4(1166 1242 1243 1167)
4(1242 1318 1319 1243)
4(1318 1394 1395 1319)
4(1394 1470 1471 1395)
4(1470 1546 1547 1471)
4(1546 1622 1623 1547)
4(1622 1698 1699 1623)
4(1698 1774 1775 1699)
4(1774 1850 1851 1775)
4(1850 1926 1927 1851)
4(1926 2002 2003 1927)
4(2002 2078 2079 2003)
4(2078 2154 2155 2079)
4(2154 2230 2231 2155)
4(2230 2306 2307 2231)
4(27 103 104 28)
4(103 179 180 104)
4(179 255 256 180)
4(255 331 332 256)
4(331 407 408 332)
4(407 483 484 408)
4(483 559 560 484)
4(559 635 636 560)
4(635 711 712 636)
4(711 787 788 712)
4(787 863 864 788)
4(863 939 940 864)
4(939 1015 1016 940)
4(1015 1091 1092 1016)
4(1091 1167 1168 1092)
4(1167 1243 1244 1168)
4(1243 1319 1320 1244)
4(1319 1395 1396 1320)
4(1395 1471 1472 1396)
4(1471 1547 1548 1472)
4(1547 1623 1624 1548)
4(1623 1699 1700 1624)
4(1699 1775 1776 1700)
4(1775 1851 1852 1776)
4(1851 1927 1928 1852)
4(1927 2003 2004 1928)
4(2003 2079 2080 2004)
4(2079 2155 2156 2080)
4(2155 2231 2232 2156)
4(2231 2307 2308 2232)
4(28 104 105 29)
4(104 180 181 105)
4(180 256 257 181)
4(256 332 333 257)
4(332 408 409 333)
4(408 484 485 409)
4(484 560 561 485)
4(560 636 637 561)
4(636 712 713 637)
4(712 788 789 713)
4(788 864 865 789)
4(864 940 941 865)
4(940 1016 1017 941)
4(1016 1092 1093 1017)
4(1092 1168 1169 1093)
4(1168 1244 1245 1169)
4(1244 1320 1321 1245)
4(1320 1396 1397 1321)
4(1396 1472 1473 1397)
4(1472 1548 1549 1473)
4(1548 1624 1625 1549)
4(1624 1700 1701 1625)
4(1700 1776 1777 1701)
4(1776 1852 1853 1777)
4(1852 1928 1929 1853)
4(1928 2004 2005 1929)
4(2004 2080 2081 2005)
4(2080 2156 2157 2081)
4(2156 2232 2233 2157)
4(2232 2308 2309 2233)
4(29 105 106 30)
4(105 181 182 106)
4(181 257 258 182)
4(257 333 334 258)
4(333 409 410 334)
4(409 485 486 410)
4(485 561 562 486)
4(561 637 638 562)
4(637 713 714 638)
4(713 789 790 714)
4(789 865 866 790)
4(865 941 942 866)
4(941 1017 1018 942)
4(1017 1093 1094 1018)
4(1093 1169 1170 1094)
4(1169 1245 1246 1170)
4(1245 1321 1322 1246)
4(1321 1397 1398 1322)
4(1397 1473 1474 1398)
4(1473 1549 1550 1474)
4(1549 1625 1626 1550)
4(1625 1701 1702 1626)
4(1701 1777 1778 1702)
4(1777 1853 1854 1778)
4(1853 1929 1930 1854)
4(1929 2005 2006 1930)
4(2005 2081 2082 2006)
4(2081 2157 2158 2082)
4(2157 2233 2234 2158)
4(2233 2309 2310 2234)
4(30 106 107 31)
4(106 182 183 107)
4(182 258 259 183)
4(258 334 335 259)
4(334 410 411 335)
4(410 486 487 411)
4(486 562 563 487)
4(562 638 639 563)
4(638 714 715 639)
4(714 790 791 715)
4(790 866 867 791)
4(866 942 943 867)
4(942 1018 1019 943)
4(1018 1094 1095 1019)
4(1094 1170 1171 1095)
4(1170 1246 1247 1171)
4(1246 1322 1323 1247)
4(1322 1398 1399 1323)
4(1398 1474 1475 1399)
4(1474 1550 1551 1475)
4(1550 1626 1627 1551)
4(1626 1702 1703 1627)
4(1702 1778 1779 1703)
4(1778 1854 1855 1779)
4(1854 1930 1931 1855)
4(1930 2006 2007 1931)
4(2006 2082 2083 2007)
4(2082 2158 2159 2083)
4(2158 2234 2235 2159)
4(2234 2310 2311 2235)
4(31 107 108 32)
4(107 183 184 108)
4(183 259 260 184)
4(259 335 336 260)
4(335 411 412 336)
4(411 487 488 412)
4(487 563 564 488)
4(563 639 640 564)
4(639 715 716 640)
4(715 791 792 716)
4(791 867 868 792)
4(867 943 944 868)
4(943 1019 1020 944)
4(1019 1095 1096 1020)
4(1095 1171 1172 1096)
4(1171 1247 1248 1172)
4(1247 1323 1324 1248)
4(1323 1399 1400 1324)
4(1399 1475 1476 1400)
4(1475 1551 1552 1476)
4(1551 1627 1628 1552)
4(1627 1703 1704 1628)
4(1703 1779 1780 1704)
4(1779 1855 1856 1780)
4(1855 1931 1932 1856)
4(1931 2007 2008 1932)
4(2007 2083 2084 2008)
4(2083 2159 2160 2084)
4(2159 2235 2236 2160)
4(2235 2311 2312 2236)
4(32 108 109 33)
4(108 184 185 109)
4(184 260 261 185)
4(260 336 337 261)
4(336 412 413 337)
4(412 488 489 413)
4(488 564 565 489)
4(564 640 641 565)
4(640 716 717 641)
4(716 792 793 717)
4(792 868 869 793)
4(868 944 945 869)
4(944 1020 1021 945)
4(1020 1096 1097 1021)
4(1096 1172 1173 1097)
4(1172 1248 1249 1173)
4(1248 1324 1325 1249)
4(1324 1400 1401 1325)
4(1400 1476 1477 1401)
4(1476 1552 1553 1477)
4(1552 1628 1629 1553)
4(1628 1704 1705 1629)
4(1704 1780 1781 1705)
4(1780 1856 1857 1781)
4(1856 1932 1933 1857)
4(1932 2008 2009 1933)
4(2008 2084 2085 2009)
4(2084 2160 2161 2085)
4(2160 2236 2237 2161)
4(2236 2312 2313 2237)
4(33 109 110 34)
4(109 185 186 110)
4(185 261 262 186)
4(261 337 338 262)
4(337 413 414 338)
4(413 489 490 414)
4(489 565 566 490)
4(565 641 642 566)
4(641 717 718 642)
4(717 793 794 718)
4(793 869 870 794)
4(869 945 946 870)
4(945 1021 1022 946)
4(1021 1097 1098 1022)
4(1097 1173 1174 1098)
4(1173 1249 1250 1174)
4(1249 1325 1326 1250)
4(1325 1401 1402 1326)
4(1401 1477 1478 1402)
4(1477 1553 1554 1478)
4(1553 1629 1630 1554)
4(1629 1705 1706 1630)
4(1705 1781 1782 1706)
4(1781 1857 1858 1782)
4(1857 1933 1934 1858)
4(1933 2009 2010 1934)
4(2009 2085 2086 2010)
4(2085 2161 2162 2086)
4(2161 2237 2238 2162)
4(2237 2313 2314 2238)
4(34 110 111 35)
4(110 186 187 111)
4(186 262 263 187)
4(262 338 339 263)
4(338 414 415 339)
4(414 490 491 415)
4(490 566 567 491)
4(566 642 643 567)
4(642 718 719 643)
4(718 794 795 719)
4(794 870 871 795)
4(870 946 947 871)
4(946 1022 1023 947)
4(1022 1098 1099 1023)
4(1098 1174 1175 1099)
4(1174 1250 1251 1175)
4(1250 1326 1327 1251)
4(1326 1402 1403 1327)
4(1402 1478 1479 1403)
4(1478 1554 1555 1479)
4(1554 1630 1631 1555)
4(1630 1706 1707 1631)
4(1706 1782 1783 1707)
4(1782 1858 1859 1783)
4(1858 1934 1935 1859)
4(1934 2010 2011 1935)
4(2010 2086 2087 2011)
4(2086 2162 2163 2087)
4(2162 2238 2239 2163)
4(2238 2314 2315 2239)
4(35 111 112 36)
4(111 187 188 112)
4(187 263 264 188)
4(263 339 340 264)
4(339 415 416 340)
4(415 491 492 416)
4(491 567 568 492)
4(567 643 644 568)
4(643 719 720 644)
4(719 795 796 720)
4(795 871 872 796)
4(871 947 948 872)
4(947 1023 1024 948)
4(1023 1099 1100 1024)
4(1099 1175 1176 1100)
4(1175 1251 1252 1176)
4(1251 1327 1328 1252)
4(1327 1403 1404 1328)
4(1403 1479 1480 1404)
4(1479 1555 1556 1480)
4(1555 1631 1632 1556)
4(1631 1707 1708 1632)
4(1707 1783 1784 1708)
4(1783 1859 1860 1784)
4(1859 1935 1936 1860)
4(1935 2011 2012 1936)
4(2011 2087 2088 2012)
4(2087 2163 2164 2088)
4(2163 2239 2240 2164)
4(2239 2315 2316 2240)
4(36 112 113 37)
4(112 188 189 113)
4(188 264 265 189)
4(264 340 341 265)
4(340 416 417 341)
4(416 492 493 417)
4(492 568 569 493)
4(568 644 645 569)
4(644 720 721 645)
4(720 796 797 721)
4(796 872 873 797)
4(872 948 949 873)
4(948 1024 1025 949)
4(1024 1100 1101 1025)
4(1100 1176 1177 1101)
4(1176 1252 1253 1177)
4(1252 1328 1329 1253)
4(1328 1404 1405 1329)
4(1404 1480 1481 1405)
4(1480 1556 1557 1481)
4(1556 1632 1633 1557)
4(1632 1708 1709 1633)
4(1708 1784 1785 1709)
4(1784 1860 1861 1785)
4(1860 1936 1937 1861)
4(1936 2012 2013 1937)
4(2012 2088 2089 2013)
4(2088 2164 2165 2089)
4(2164 2240 2241 2165)
4(2240 2316 2317 2241)
4(37 113 114 38)
4(113 189 190 114)
4(189 265 266 190)
4(265 341 342 266)
4(341 417 418 342)
4(417 493 494 418)
4(493 569 570 494)
4(569 645 646 570)
4(645 721 722 646)
4(721 797 798 722)
4(797 873 874 798)
4(873 949 950 874)
4(949 1025 1026 950)
4(1025 1101 1102 1026)
4(1101 1177 1178 1102)
4(1177 1253 1254 1178)
4(1253 1329 1330 1254)
4(1329 1405 1406 1330)
4(1405 1481 1482 1406)
4(1481 1557 1558 1482)
4(1557 1633 1634 1558)
4(1633 1709 1710 1634)
4(1709 1785 1786 1710)
4(1785 1861 1862 1786)
4(1861 1937 1938 1862)
4(1937 2013 2014 1938)
4(2013 2089 2090 2014)
4(2089 2165 2166 2090)
4(2165 2241 2242 2166)
4(2241 2317 2318 2242)
4(38 114 115 39)
4(114 190 191 115)
4(190 266 267 191)
4(266 342 343 267)
4(342 418 419 343)
4(418 494 495 419)
4(494 570 571 495)
4(570 646 647 571)
4(646 722 723 647)
4(722 798 799 723)
4(798 874 875 799)
4(874 950 951 875)
4(950 1026 1027 951)
4(1026 1102 1103 1027)
4(1102 1178 1179 1103)
4(1178 1254 1255 1179)
4(1254 1330 1331 1255)
4(1330 1406 1407 1331)
4(1406 1482 1483 1407)
4(1482 1558 1559 1483)
4(1558 1634 1635 1559)
4(1634 1710 1711 1635)
4(1710 1786 1787 1711)
4(1786 1862 1863 1787)
4(1862 1938 1939 1863)
4(1938 2014 2015 1939)
4(2014 2090 2091 2015)
4(2090 2166 2167 2091)
4(2166 2242 2243 2167)
4(2242 2318 2319 2243)
4(39 115 116 40)
4(115 191 192 116)
4(191 267 268 192)
4(267 343 344 268)
4(343 419 420 344)
4(419 495 496 420)
4(495 571 572 496)
4(571 647 648 572)
4(647 723 724 648)
4(723 799 800 724)
4(799 875 876 800)
4(875 951 952 876)
4(951 1027 1028 952)
4(1027 1103 1104 1028)
4(1103 1179 1180 1104)
4(1179 1255 1256 1180)
4(1255 1331 1332 1256)
4(1331 1407 1408 1332)
4(1407 1483 1484 1408)
4(1483 1559 1560 1484)
4(1559 1635 1636 1560)
4(1635 1711 1712 1636)
4(1711 1787 1788 1712)
4(1787 1863 1864 1788)
4(1863 1939 1940 1864)
4(1939 2015 2016 1940)
4(2015 2091 2092 2016)
4(2091 2167 2168 2092)
4(2167 2243 2244 2168)
4(2243 2319 2320 2244)
4(40 116 117 41)
4(116 192 193 117)
4(192 268 269 193)
4(268 344 345 269)
4(344 420 421 345)
4(420 496 497 421)
4(496 572 573 497)
4(572 648 649 573)
4(648 724 725 649)
4(724 800 801 725)
4(800 876 877 801)
4(876 952 953 877)
4(952 1028 1029 953)
4(1028 1104 1105 1029)
4(1104 1180 1181 1105)
4(1180 1256 1257 1181)
4(1256 1332 1333 1257)
4(1332 1408 1409 1333)
4(1408 1484 1485 1409)
4(1484 1560 1561 1485)
4(1560 1636 1637 1561)
4(1636 1712 1713 1637)
4(1712 1788 1789 1713)
4(1788 1864 1865 1789)
4(1864 1940 1941 1865)
4(1940 2016 2017 1941)
4(2016 2092 2093 2017)
4(2092 2168 2169 2093)
4(2168 2244 2245 2169)
4(2244 2320 2321 2245)
4(41 117 118 42)
4(117 193 194 118)
4(193 269 270 194)
4(269 345 346 270)
4(345 421 422 346)
4(421 497 498 422)
4(497 573 574 498)
4(573 649 650 574)
4(649 725 726 650)
4(725 801 802 726)
4(801 877 878 802)
4(877 953 954 878)
4(953 1029 1030 954)
4(1029 1105 1106 1030)
4(1105 1181 1182 1106)
4(1181 1257 1258 1182)
4(1257 1333 1334 1258)
4(1333 1409 1410 1334)
4(1409 1485 1486 1410)
4(1485 1561 1562 1486)
4(1561 1637 1638 1562)
4(1637 1713 1714 1638)
4(1713 1789 1790 1714)
4(1789 1865 1866 1790)
4(1865 1941 1942 1866)
4(1941 2017 2018 1942)
4(2017 2093 2094 2018)
4(2093 2169 2170 2094)
4(2169 2245 2246 2170)
4(2245 2321 2322 2246)
4(42 118 119 43)
4(118 194 195 119)
4(194 270 271 195)
4(270 346 347 271)
4(346 422 423 347)
4(422 498 499 423)
4(498 574 575 499)
4(574 650 651 575)
4(650 726 727 651)
4(726 802 803 727)
4(802 878 879 803)
4(878 954 955 879)
4(954 1030 1031 955)
4(1030 1106 1107 1031)
4(1106 1182 1183 1107)
4(1182 1258 1259 1183)
4(1258 1334 1335 1259)
4(1334 1410 1411 1335)
4(1410 1486 1487 1411)
4(1486 1562 1563 1487)
4(1562 1638 1639 1563)
4(1638 1714 1715 1639)
4(1714 1790 1791 1715)
4(1790 1866 1867 1791)
4(1866 1942 1943 1867)
4(1942 2018 2019 1943)
4(2018 2094 2095 2019)
4(2094 2170 2171 2095)
4(2170 2246 2247 2171)
4(2246 2322 2323 2247)
4(43 119 120 44)
4(119 195 196 120)
4(195 271 272 196)
4(271 347 348 272)
4(347 423 424 348)
4(423 499 500 424)
4(499 575 576 500)
4(575 651 652 576)
4(651 727 728 652)
4(727 803 804 728)
4(803 879 880 804)
4(879 955 956 880)
4(955 1031 1032 956)
4(1031 1107 1108 1032)
4(1107 1183 1184 1108)
4(1183 1259 1260 1184)
4(1259 1335 1336 1260)
4(1335 1411 1412 1336)
4(1411 1487 1488 1412)
4(1487 1563 1564 1488)
4(1563 1639 1640 1564)
4(1639 1715 1716 1640)
4(1715 1791 1792 1716)
4(1791 1867 1868 1792)
4(1867 1943 1944 1868)
4(1943 2019 2020 1944)
4(2019 2095 2096 2020)
4(2095 2171 2172 2096)
4(2171 2247 2248 2172)
4(2247 2323 2324 2248)
4(44 120 121 45)
4(120 196 197 121)
4(196 272 273 197)
4(272 348 349 273)
4(348 424 425 349)
4(424 500 501 425)
4(500 576 577 501)
4(576 652 653 577)
4(652 728 729 653)
4(728 804 805 729)
4(804 880 881 805)
4(880 956 957 881)
4(956 1032 1033 957)
4(1032 1108 1109 1033)
4(1108 1184 1185 1109)
4(1184 1260 1261 1185)
4(1260 1336 1337 1261)
4(1336 1412 1413 1337)
4(1412 1488 1489 1413)
4(1488 1564 1565 1489)
4(1564 1640 1641 1565)
4(1640 1716 1717 1641)
4(1716 1792 1793 1717)
4(1792 1868 1869 1793)
4(1868 1944 1945 1869)
4(1944 2020 2021 1945)
4(2020 2096 2097 2021)
4(2096 2172 2173 2097)
4(2172 2248 2249 2173)
4(2248 2324 2325 2249)
4(45 121 122 46)
4(121 197 198 122)
4(197 273 274 198)
4(273 349 350 274)
4(349 425 426 350)
4(425 501 502 426)
4(501 577 578 502)
4(577 653 654 578)
4(653 729 730 654)
4(729 805 806 730)
4(805 881 882 806)
4(881 957 958 882)
4(957 1033 1034 958)
4(1033 1109 1110 1034)
4(1109 1185 1186 1110)
4(1185 1261 1262 1186)
4(1261 1337 1338 1262)
4(1337 1413 1414 1338)
4(1413 1489 1490 1414)
4(1489 1565 1566 1490)
4(1565 1641 1642 1566)
4(1641 1717 1718 1642)
4(1717 1793 1794 1718)
4(1793 1869 1870 1794)
4(1869 1945 1946 1870)
4(1945 2021 2022 1946)
4(2021 2097 2098 2022)
4(2097 2173 2174 2098)
4(2173 2249 2250 2174)
4(2249 2325 2326 2250)
4(46 122 123 47)
4(122 198 199 123)
4(198 274 275 199)
4(274 350 351 275)
4(350 426 427 351)
4(426 502 503 427)
4(502 578 579 503)
4(578 654 655 579)
4(654 730 731 655)
4(730 806 807 731)
4(806 882 883 807)
4(882 958 959 883)
4(958 1034 1035 959)
4(1034 1110 1111 1035)
4(1110 1186 1187 1111)
4(1186 1262 1263 1187)
4(1262 1338 1339 1263)
4(1338 1414 1415 1339)
4(1414 1490 1491 1415)
4(1490 1566 1567 1491)
4(1566 1642 1643 1567)
4(1642 1718 1719 1643)
4(1718 1794 1795 1719)
4(1794 1870 1871 1795)
4(1870 1946 1947 1871)
4(1946 2022 2023 1947)
4(2022 2098 2099 2023)
4(2098 2174 2175 2099)
4(2174 2250 2251 2175)
4(2250 2326 2327 2251)
4(47 123 124 48)
4(123 199 200 124)
4(199 275 276 200)
4(275 351 352 276)
4(351 427 428 352)
4(427 503 504 428)
4(503 579 580 504)
4(579 655 656 580)
4(655 731 732 656)
4(731 807 808 732)
4(807 883 884 808)
4(883 959 960 884)
4(959 1035 1036 960)
4(1035 1111 1112 1036)
4(1111 1187 1188 1112)
4(1187 1263 1264 1188)
4(1263 1339 1340 1264)
4(1339 1415 1416 1340)
4(1415 1491 1492 1416)
4(1491 1567 1568 1492)
4(1567 1643 1644 1568)
4(1643 1719 1720 1644)
4(1719 1795 1796 1720)
4(1795 1871 1872 1796)
4(1871 1947 1948 1872)
4(1947 2023 2024 1948)
4(2023 2099 2100 2024)
4(2099 2175 2176 2100)
4(2175 2251 2252 2176)
4(2251 2327 2328 2252)
4(48 124 125 49)
4(124 200 201 125)
4(200 276 277 201)
4(276 352 353 277)
4(352 428 429 353)
4(428 504 505 429)
4(504 580 581 505)
4(580 656 657 581)
4(656 732 733 657)
4(732 808 809 733)
4(808 884 885 809)
4(884 960 961 885)
4(960 1036 1037 961)
4(1036 1112 1113 1037)
4(1112 1188 1189 1113)
4(1188 1264 1265 1189)
4(1264 1340 1341 1265)
4(1340 1416 1417 1341)
4(1416 1492 1493 1417)
4(1492 1568 1569 1493)
4(1568 1644 1645 1569)
4(1644 1720 1721 1645)
4(1720 1796 1797 1721)
4(1796 1872 1873 1797)
4(1872 1948 1949 1873)
4(1948 2024 2025 1949)
4(2024 2100 2101 2025)
4(2100 2176 2177 2101)
4(2176 2252 2253 2177)
4(2252 2328 2329 2253)
4(49 125 126 50)
4(125 201 202 126)
4(201 277 278 202)
4(277 353 354 278)
4(353 429 430 354)
4(429 505 506 430)
4(505 581 582 506)
4(581 657 658 582)
4(657 733 734 658)
4(733 809 810 734)
4(809 885 886 810)
4(885 961 962 886)
4(961 1037 1038 962)
4(1037 1113 1114 1038)
4(1113 1189 1190 1114)
4(1189 1265 1266 1190)
4(1265 1341 1342 1266)
4(1341 1417 1418 1342)
4(1417 1493 1494 1418)
4(1493 1569 1570 1494)
4(1569 1645 1646 1570)
4(1645 1721 1722 1646)
4(1721 1797 1798 1722)
4(1797 1873 1874 1798)
4(1873 1949 1950 1874)
4(1949 2025 2026 1950)
4(2025 2101 2102 2026)
4(2101 2177 2178 2102)
4(2177 2253 2254 2178)
4(2253 2329 2330 2254)
4(50 126 127 51)
4(126 202 203 127)
4(202 278 279 203)
4(278 354 355 279)
4(354 430 431 355)
4(430 506 507 431)
4(506 582 583 507)
4(582 658 659 583)
4(658 734 735 659)
4(734 810 811 735)
4(810 886 887 811)
4(886 962 963 887)
4(962 1038 1039 963)
4(1038 1114 1115 1039)
4(1114 1190 1191 1115)
4(1190 1266 1267 1191)
4(1266 1342 1343 1267)
4(1342 1418 1419 1343)
4(1418 1494 1495 1419)
4(1494 1570 1571 1495)
4(1570 1646 1647 1571)
4(1646 1722 1723 1647)
4(1722 1798 1799 1723)
4(1798 1874 1875 1799)
4(1874 1950 1951 1875)
4(1950 2026 2027 1951)
4(2026 2102 2103 2027)
4(2102 2178 2179 2103)
4(2178 2254 2255 2179)
4(2254 2330 2331 2255)
4(51 127 128 52)
4(127 203 204 128)
4(203 279 280 204)
4(279 355 356 280)
4(355 431 432 356)
4(431 507 508 432)
4(507 583 584 508)
4(583 659 660 584)
4(659 735 736 660)
4(735 811 812 736)
4(811 887 888 812)
4(887 963 964 888)
4(963 1039 1040 964)
4(1039 1115 1116 1040)
4(1115 1191 1192 1116)
4(1191 1267 1268 1192)
4(1267 1343 1344 1268)
4(1343 1419 1420 1344)
4(1419 1495 1496 1420)
4(1495 1571 1572 1496)
4(1571 1647 1648 1572)
4(1647 1723 1724 1648)
4(1723 1799 1800 1724)
4(1799 1875 1876 1800)
4(1875 1951 1952 1876)
4(1951 2027 2028 1952)
4(2027 2103 2104 2028)
4(2103 2179 2180 2104)
4(2179 2255 2256 2180)
4(2255 2331 2332 2256)
4(52 128 129 53)
4(128 204 205 129)
4(204 280 281 205)
4(280 356 357 281)
4(356 432 433 357)
4(432 508 509 433)
4(508 584 585 509)
4(584 660 661 585)
4(660 736 737 661)
4(736 812 813 737)
4(812 888 889 813)
4(888 964 965 889)
4(964 1040 1041 965)
4(1040 1116 1117 1041)
4(1116 1192 1193 1117)
4(1192 1268 1269 1193)
4(1268 1344 1345 1269)
4(1344 1420 1421 1345)
4(1420 1496 1497 1421)
4(1496 1572 1573 1497)
4(1572 1648 1649 1573)
4(1648 1724 1725 1649)
4(1724 1800 1801 1725)
4(1800 1876 1877 1801)
4(1876 1952 1953 1877)
4(1952 2028 2029 1953)
4(2028 2104 2105 2029)
4(2104 2180 2181 2105)
4(2180 2256 2257 2181)
4(2256 2332 2333 2257)
4(53 129 130 54)
4(129 205 206 130)
4(205 281 282 206)
4(281 357 358 282)
4(357 433 434 358)
4(433 509 510 434)
4(509 585 586 510)
4(585 661 662 586)
4(661 737 738 662)
4(737 813 814 738)
4(813 889 890 814)
4(889 965 966 890)
4(965 1041 1042 966)
4(1041 1117 1118 1042)
4(1117 1193 1194 1118)
4(1193 1269 1270 1194)
4(1269 1345 1346 1270)
4(1345 1421 1422 1346)
4(1421 1497 1498 1422)
4(1497 1573 1574 1498)
4(1573 1649 1650 1574)
4(1649 1725 1726 1650)
4(1725 1801 1802 1726)
4(1801 1877 1878 1802)
4(1877 1953 1954 1878)
4(1953 2029 2030 1954)
4(2029 2105 2106 2030)
4(2105 2181 2182 2106)
4(2181 2257 2258 2182)
4(2257 2333 2334 2258)
4(54 130 131 55)
4(130 206 207 131)
4(206 282 283 207)
4(282 358 359 283)
4(358 434 435 359)
4(434 510 511 435)
4(510 586 587 511)
4(586 662 663 587)
4(662 738 739 663)
4(738 814 815 739)
4(814 890 891 815)
4(890 966 967 891)
4(966 1042 1043 967)
4(1042 1118 1119 1043)
4(1118 1194 1195 1119)
4(1194 1270 1271 1195)
4(1270 1346 1347 1271)
4(1346 1422 1423 1347)
4(1422 1498 1499 1423)
4(1498 1574 1575 1499)
4(1574 1650 1651 1575)
4(1650 1726 1727 1651)
4(1726 1802 1803 1727)
4(1802 1878 1879 1803)
4(1878 1954 1955 1879)
4(1954 2030 2031 1955)
4(2030 2106 2107 2031)
4(2106 2182 2183 2107)
4(2182 2258 2259 2183)
4(2258 2334 2335 2259)
4(55 131 132 56)
4(131 207 208 132)
4(207 283 284 208)
4(283 359 360 284)
4(359 435 436 360)
4(435 511 512 436)
4(511 587 588 512)
4(587 663 664 588)
4(663 739 740 664)
4(739 815 816 740)
4(815 891 892 816)
4(891 967 968 892)
4(967 1043 1044 968)
4(1043 1119 1120 1044)
4(1119 1195 1196 1120)
4(1195 1271 1272 1196)
4(1271 1347 1348 1272)
4(1347 1423 1424 1348)
4(1423 1499 1500 1424)
4(1499 1575 1576 1500)
4(1575 1651 1652 1576)
4(1651 1727 1728 1652)
4(1727 1803 1804 1728)
4(1803 1879 1880 1804)
4(1879 1955 1956 1880)
4(1955 2031 2032 1956)
4(2031 2107 2108 2032)
4(2107 2183 2184 2108)
4(2183 2259 2260 2184)
4(2259 2335 2336 2260)
4(56 132 133 57)
4(132 208 209 133)
4(208 284 285 209)
4(284 360 361 285)
4(360 436 437 361)
4(436 512 513 437)
4(512 588 589 513)
4(588 664 665 589)
4(664 740 741 665)
4(740 816 817 741)
4(816 892 893 817)
4(892 968 969 893)
4(968 1044 1045 969)
4(1044 1120 1121 1045)
4(1120 1196 1197 1121)
4(1196 1272 1273 1197)
4(1272 1348 1349 1273)
4(1348 1424 1425 1349)
4(1424 1500 1501 1425)
4(1500 1576 1577 1501)
4(1576 1652 1653 1577)
4(1652 1728 1729 1653)
4(1728 1804 1805 1729)
4(1804 1880 1881 1805)
4(1880 1956 1957 1881)
4(1956 2032 2033 1957)
4(2032 2108 2109 2033)
4(2108 2184 2185 2109)
4(2184 2260 2261 2185)
4(2260 2336 2337 2261)
4(57 133 134 58)
4(133 209 210 134)
4(209 285 286 210)
4(285 361 362 286)
4(361 437 438 362)
4(437 513 514 438)
4(513 589 590 514)
4(589 665 666 590)
4(665 741 742 666)
4(741 817 818 742)
4(817 893 894 818)
4(893 969 970 894)
4(969 1045 1046 970)
4(1045 1121 1122 1046)
4(1121 1197 1198 1122)
4(1197 1273 1274 1198)
4(1273 1349 1350 1274)
4(1349 1425 1426 1350)
4(1425 1501 1502 1426)
4(1501 1577 1578 1502)
4(1577 1653 1654 1578)
4(1653 1729 1730 1654)
4(1729 1805 1806 1730)
4(1805 1881 1882 1806)
4(1881 1957 1958 1882)
4(1957 2033 2034 1958)
4(2033 2109 2110 2034)
4(2109 2185 2186 2110)
4(2185 2261 2262 2186)
4(2261 2337 2338 2262)
4(58 134 135 59)
4(134 210 211 135)
4(210 286 287 211)
4(286 362 363 287)
4(362 438 439 363)
4(438 514 515 439)
4(514 590 591 515)
4(590 666 667 591)
4(666 742 743 667)
4(742 818 819 743)
4(818 894 895 819)
4(894 970 971 895)
4(970 1046 1047 971)
4(1046 1122 1123 1047)
4(1122 1198 1199 1123)
4(1198 1274 1275 1199)
4(1274 1350 1351 1275)
4(1350 1426 1427 1351)
4(1426 1502 1503 1427)
4(1502 1578 1579 1503)
4(1578 1654 1655 1579)
4(1654 1730 1731 1655)
4(1730 1806 1807 1731)
4(1806 1882 1883 1807)
4(1882 1958 1959 1883)
4(1958 2034 2035 1959)
4(2034 2110 2111 2035)
4(2110 2186 2187 2111)
4(2186 2262 2263 2187)
4(2262 2338 2339 2263)
4(59 135 136 60)
4(135 211 212 136)
4(211 287 288 212)
4(287 363 364 288)
4(363 439 440 364)
4(439 515 516 440)
4(515 591 592 516)
4(591 667 668 592)
4(667 743 744 668)
4(743 819 820 744)
4(819 895 896 820)
4(895 971 972 896)
4(971 1047 1048 972)
4(1047 1123 1124 1048)
4(1123 1199 1200 1124)
4(1199 1275 1276 1200)
4(1275 1351 1352 1276)
4(1351 1427 1428 1352)
4(1427 1503 1504 1428)
4(1503 1579 1580 1504)
4(1579 1655 1656 1580)
4(1655 1731 1732 1656)
4(1731 1807 1808 1732)
4(1807 1883 1884 1808)
4(1883 1959 1960 1884)
4(1959 2035 2036 1960)
4(2035 2111 2112 2036)
4(2111 2187 2188 2112)
4(2187 2263 2264 2188)
4(2263 2339 2340 2264)
4(60 136 137 61)
4(136 212 213 137)
4(212 288 289 213)
4(288 364 365 289)
4(364 440 441 365)
4(440 516 517 441)
4(516 592 593 517)
4(592 668 669 593)
4(668 744 745 669)
4(744 820 821 745)
4(820 896 897 821)
4(896 972 973 897)
4(972 1048 1049 973)
4(1048 1124 1125 1049)
4(1124 1200 1201 1125)
4(1200 1276 1277 1201)
4(1276 1352 1353 1277)
4(1352 1428 1429 1353)
4(1428 1504 1505 1429)
4(1504 1580 1581 1505)
4(1580 1656 1657 1581)
4(1656 1732 1733 1657)
4(1732 1808 1809 1733)
4(1808 1884 1885 1809)
4(1884 1960 1961 1885)
4(1960 2036 2037 1961)
4(2036 2112 2113 2037)
4(2112 2188 2189 2113)
4(2188 2264 2265 2189)
4(2264 2340 2341 2265)
4(61 137 138 62)
4(137 213 214 138)
4(213 289 290 214)
4(289 365 366 290)
4(365 441 442 366)
4(441 517 518 442)
4(517 593 594 518)
4(593 669 670 594)
4(669 745 746 670)
4(745 821 822 746)
4(821 897 898 822)
4(897 973 974 898)
4(973 1049 1050 974)
4(1049 1125 1126 1050)
4(1125 1201 1202 1126)
4(1201 1277 1278 1202)
4(1277 1353 1354 1278)
4(1353 1429 1430 1354)
4(1429 1505 1506 1430)
4(1505 1581 1582 1506)
4(1581 1657 1658 1582)
4(1657 1733 1734 1658)
4(1733 1809 1810 1734)
4(1809 1885 1886 1810)
4(1885 1961 1962 1886)
4(1961 2037 2038 1962)
4(2037 2113 2114 2038)
4(2113 2189 2190 2114)
4(2189 2265 2266 2190)
4(2265 2341 2342 2266)
4(62 138 139 63)
4(138 214 215 139)
4(214 290 291 215)
4(290 366 367 291)
4(366 442 443 367)
4(442 518 519 443)
4(518 594 595 519)
4(594 670 671 595)
4(670 746 747 671)
4(746 822 823 747)
4(822 898 899 823)
4(898 974 975 899)
4(974 1050 1051 975)
4(1050 1126 1127 1051)
4(1126 1202 1203 1127)
4(1202 1278 1279 1203)
4(1278 1354 1355 1279)
4(1354 1430 1431 1355)
4(1430 1506 1507 1431)
4(1506 1582 1583 1507)
4(1582 1658 1659 1583)
4(1658 1734 1735 1659)
4(1734 1810 1811 1735)
4(1810 1886 1887 1811)
4(1886 1962 1963 1887)
4(1962 2038 2039 1963)
4(2038 2114 2115 2039)
4(2114 2190 2191 2115)
4(2190 2266 2267 2191)
4(2266 2342 2343 2267)
4(63 139 140 64)
4(139 215 216 140)
4(215 291 292 216)
4(291 367 368 292)
4(367 443 444 368)
4(443 519 520 444)
4(519 595 596 520)
4(595 671 672 596)
4(671 747 748 672)
4(747 823 824 748)
4(823 899 900 824)
4(899 975 976 900)
4(975 1051 1052 976)
4(1051 1127 1128 1052)
4(1127 1203 1204 1128)
4(1203 1279 1280 1204)
4(1279 1355 1356 1280)
4(1355 1431 1432 1356)
4(1431 1507 1508 1432)
4(1507 1583 1584 1508)
4(1583 1659 1660 1584)
4(1659 1735 1736 1660)
4(1735 1811 1812 1736)
4(1811 1887 1888 1812)
4(1887 1963 1964 1888)
4(1963 2039 2040 1964)
4(2039 2115 2116 2040)
4(2115 2191 2192 2116)
4(2191 2267 2268 2192)
4(2267 2343 2344 2268)
4(64 140 141 65)
4(140 216 217 141)
4(216 292 293 217)
4(292 368 369 293)
4(368 444 445 369)
4(444 520 521 445)
4(520 596 597 521)
4(596 672 673 597)
4(672 748 749 673)
4(748 824 825 749)
4(824 900 901 825)
4(900 976 977 901)
4(976 1052 1053 977)
4(1052 1128 1129 1053)
4(1128 1204 1205 1129)
4(1204 1280 1281 1205)
4(1280 1356 1357 1281)
4(1356 1432 1433 1357)
4(1432 1508 1509 1433)
4(1508 1584 1585 1509)
4(1584 1660 1661 1585)
4(1660 1736 1737 1661)
4(1736 1812 1813 1737)
4(1812 1888 1889 1813)
4(1888 1964 1965 1889)
4(1964 2040 2041 1965)
4(2040 2116 2117 2041)
4(2116 2192 2193 2117)
4(2192 2268 2269 2193)
4(2268 2344 2345 2269)
4(65 141 142 66)
4(141 217 218 142)
4(217 293 294 218)
4(293 369 370 294)
4(369 445 446 370)
4(445 521 522 446)
4(521 597 598 522)
4(597 673 674 598)
4(673 749 750 674)
4(749 825 826 750)
4(825 901 902 826)
4(901 977 978 902)
4(977 1053 1054 978)
4(1053 1129 1130 1054)
4(1129 1205 1206 1130)
4(1205 1281 1282 1206)
4(1281 1357 1358 1282)
4(1357 1433 1434 1358)
4(1433 1509 1510 1434)
4(1509 1585 1586 1510)
4(1585 1661 1662 1586)
4(1661 1737 1738 1662)
4(1737 1813 1814 1738)
4(1813 1889 1890 1814)
4(1889 1965 1966 1890)
4(1965 2041 2042 1966)
4(2041 2117 2118 2042)
4(2117 2193 2194 2118)
4(2193 2269 2270 2194)
4(2269 2345 2346 2270)
4(66 142 143 67)
4(142 218 219 143)
4(218 294 295 219)
4(294 370 371 295)
4(370 446 447 371)
4(446 522 523 447)
4(522 598 599 523)
4(598 674 675 599)
4(674 750 751 675)
4(750 826 827 751)
4(826 902 903 827)
4(902 978 979 903)
4(978 1054 1055 979)
4(1054 1130 1131 1055)
4(1130 1206 1207 1131)
4(1206 1282 1283 1207)
4(1282 1358 1359 1283)
4(1358 1434 1435 1359)
4(1434 1510 1511 1435)
4(1510 1586 1587 1511)
4(1586 1662 1663 1587)
4(1662 1738 1739 1663)
4(1738 1814 1815 1739)
4(1814 1890 1891 1815)
4(1890 1966 1967 1891)
4(1966 2042 2043 1967)
4(2042 2118 2119 2043)
4(2118 2194 2195 2119)
4(2194 2270 2271 2195)
4(2270 2346 2347 2271)
4(67 143 144 68)
4(143 219 220 144)
4(219 295 296 220)
4(295 371 372 296)
4(371 447 448 372)
4(447 523 524 448)
4(523 599 600 524)
4(599 675 676 600)
4(675 751 752 676)
4(751 827 828 752)
4(827 903 904 828)
4(903 979 980 904)
4(979 1055 1056 980)
4(1055 1131 1132 1056)
4(1131 1207 1208 1132)
4(1207 1283 1284 1208)
4(1283 1359 1360 1284)
4(1359 1435 1436 1360)
4(1435 1511 1512 1436)
4(1511 1587 1588 1512)
4(1587 1663 1664 1588)
4(1663 1739 1740 1664)
4(1739 1815 1816 1740)
4(1815 1891 1892 1816)
4(1891 1967 1968 1892)
4(1967 2043 2044 1968)
4(2043 2119 2120 2044)
4(2119 2195 2196 2120)
4(2195 2271 2272 2196)
4(2271 2347 2348 2272)
4(68 144 145 69)
4(144 220 221 145)
4(220 296 297 221)
4(296 372 373 297)
4(372 448 449 373)
4(448 524 525 449)
4(524 600 601 525)
4(600 676 677 601)
4(676 752 753 677)
4(752 828 829 753)
4(828 904 905 829)
4(904 980 981 905)
4(980 1056 1057 981)
4(1056 1132 1133 1057)
4(1132 1208 1209 1133)
4(1208 1284 1285 1209)
4(1284 1360 1361 1285)
4(1360 1436 1437 1361)
4(1436 1512 1513 1437)
4(1512 1588 1589 1513)
4(1588 1664 1665 1589)
4(1664 1740 1741 1665)
4(1740 1816 1817 1741)
4(1816 1892 1893 1817)
4(1892 1968 1969 1893)
4(1968 2044 2045 1969)
4(2044 2120 2121 2045)
4(2120 2196 2197 2121)
4(2196 2272 2273 2197)
4(2272 2348 2349 2273)
4(69 145 146 70)
4(145 221 222 146)
4(221 297 298 222)
4(297 373 374 298)
4(373 449 450 374)
4(449 525 526 450)
4(525 601 602 526)
4(601 677 678 602)
4(677 753 754 678)
4(753 829 830 754)
4(829 905 906 830)
4(905 981 982 906)
4(981 1057 1058 982)
4(1057 1133 1134 1058)
4(1133 1209 1210 1134)
4(1209 1285 1286 1210)
4(1285 1361 1362 1286)
4(1361 1437 1438 1362)
4(1437 1513 1514 1438)
4(1513 1589 1590 1514)
4(1589 1665 1666 1590)
4(1665 1741 1742 1666)
4(1741 1817 1818 1742)
4(1817 1893 1894 1818)
4(1893 1969 1970 1894)
4(1969 2045 2046 1970)
4(2045 2121 2122 2046)
4(2121 2197 2198 2122)
4(2197 2273 2274 2198)
4(2273 2349 2350 2274)
4(70 146 147 71)
4(146 222 223 147)
4(222 298 299 223)
4(298 374 375 299)
4(374 450 451 375)
4(450 526 527 451)
4(526 602 603 527)
4(602 678 679 603)
4(678 754 755 679)
4(754 830 831 755)
4(830 906 907 831)
4(906 982 983 907)
4(982 1058 1059 983)
4(1058 1134 1135 1059)
4(1134 1210 1211 1135)
4(1210 1286 1287 1211)
4(1286 1362 1363 1287)
4(1362 1438 1439 1363)
4(1438 1514 1515 1439)
4(1514 1590 1591 1515)
4(1590 1666 1667 1591)
4(1666 1742 1743 1667)
4(1742 1818 1819 1743)
4(1818 1894 1895 1819)
4(1894 1970 1971 1895)
4(1970 2046 2047 1971)
4(2046 2122 2123 2047)
4(2122 2198 2199 2123)
4(2198 2274 2275 2199)
4(2274 2350 2351 2275)
4(71 147 148 72)
4(147 223 224 148)
4(223 299 300 224)
4(299 375 376 300)
4(375 451 452 376)
4(451 527 528 452)
4(527 603 604 528)
4(603 679 680 604)
4(679 755 756 680)
4(755 831 832 756)
4(831 907 908 832)
4(907 983 984 908)
4(983 1059 1060 984)
4(1059 1135 1136 1060)
4(1135 1211 1212 1136)
4(1211 1287 1288 1212)
4(1287 1363 1364 1288)
4(1363 1439 1440 1364)
4(1439 1515 1516 1440)
4(1515 1591 1592 1516)
4(1591 1667 1668 1592)
4(1667 1743 1744 1668)
4(1743 1819 1820 1744)
4(1819 1895 1896 1820)
4(1895 1971 1972 1896)
4(1971 2047 2048 1972)
4(2047 2123 2124 2048)
4(2123 2199 2200 2124)
4(2199 2275 2276 2200)
4(2275 2351 2352 2276)
4(72 148 149 73)
4(148 224 225 149)
4(224 300 301 225)
4(300 376 377 301)
4(376 452 453 377)
4(452 528 529 453)
4(528 604 605 529)
4(604 680 681 605)
4(680 756 757 681)
4(756 832 833 757)
4(832 908 909 833)
4(908 984 985 909)
4(984 1060 1061 985)
4(1060 1136 1137 1061)
4(1136 1212 1213 1137)
4(1212 1288 1289 1213)
4(1288 1364 1365 1289)
4(1364 1440 1441 1365)
4(1440 1516 1517 1441)
4(1516 1592 1593 1517)
4(1592 1668 1669 1593)
4(1668 1744 1745 1669)
4(1744 1820 1821 1745)
4(1820 1896 1897 1821)
4(1896 1972 1973 1897)
4(1972 2048 2049 1973)
4(2048 2124 2125 2049)
4(2124 2200 2201 2125)
4(2200 2276 2277 2201)
4(2276 2352 2353 2277)
4(73 149 150 74)
4(149 225 226 150)
4(225 301 302 226)
4(301 377 378 302)
4(377 453 454 378)
4(453 529 530 454)
4(529 605 606 530)
4(605 681 682 606)
4(681 757 758 682)
4(757 833 834 758)
4(833 909 910 834)
4(909 985 986 910)
4(985 1061 1062 986)
4(1061 1137 1138 1062)
4(1137 1213 1214 1138)
4(1213 1289 1290 1214)
4(1289 1365 1366 1290)
4(1365 1441 1442 1366)
4(1441 1517 1518 1442)
4(1517 1593 1594 1518)
4(1593 1669 1670 1594)
4(1669 1745 1746 1670)
4(1745 1821 1822 1746)
4(1821 1897 1898 1822)
4(1897 1973 1974 1898)
4(1973 2049 2050 1974)
4(2049 2125 2126 2050)
4(2125 2201 2202 2126)
4(2201 2277 2278 2202)
4(2277 2353 2354 2278)
4(74 150 151 75)
4(150 226 227 151)
4(226 302 303 227)
4(302 378 379 303)
4(378 454 455 379)
4(454 530 531 455)
4(530 606 607 531)
4(606 682 683 607)
4(682 758 759 683)
4(758 834 835 759)
4(834 910 911 835)
4(910 986 987 911)
4(986 1062 1063 987)
4(1062 1138 1139 1063)
4(1138 1214 1215 1139)
4(1214 1290 1291 1215)
4(1290 1366 1367 1291)
4(1366 1442 1443 1367)
4(1442 1518 1519 1443)
4(1518 1594 1595 1519)
4(1594 1670 1671 1595)
4(1670 1746 1747 1671)
4(1746 1822 1823 1747)
4(1822 1898 1899 1823)
4(1898 1974 1975 1899)
4(1974 2050 2051 1975)
4(2050 2126 2127 2051)
4(2126 2202 2203 2127)
4(2202 2278 2279 2203)
4(2278 2354 2355 2279)
4(2356 2357 2433 2432)
4(2432 2433 2509 2508)
4(2508 2509 2585 2584)
4(2584 2585 2661 2660)
4(2660 2661 2737 2736)
4(2736 2737 2813 2812)
4(2812 2813 2889 2888)
4(2888 2889 2965 2964)
4(2964 2965 3041 3040)
4(3040 3041 3117 3116)
4(3116 3117 3193 3192)
4(3192 3193 3269 3268)
4(3268 3269 3345 3344)
4(3344 3345 3421 3420)
4(3420 3421 3497 3496)
4(3496 3497 3573 3572)
4(3572 3573 3649 3648)
4(3648 3649 3725 3724)
4(3724 3725 3801 3800)
4(3800 3801 3877 3876)
4(3876 3877 3953 3952)
4(3952 3953 4029 4028)
4(4028 4029 4105 4104)
4(4104 4105 4181 4180)
4(4180 4181 4257 4256)
4(4256 4257 4333 4332)
4(4332 4333 4409 4408)
4(4408 4409 4485 4484)
4(4484 4485 4561 4560)
4(4560 4561 4637 4636)
4(2357 2358 2434 2433)
4(2433 2434 2510 2509)
4(2509 2510 2586 2585)
4(2585 2586 2662 2661)
4(2661 2662 2738 2737)
4(2737 2738 2814 2813)
4(2813 2814 2890 2889)
4(2889 2890 2966 2965)
4(2965 2966 3042 3041)
4(3041 3042 3118 3117)
4(3117 3118 3194 3193)
4(3193 3194 3270 3269)
4(3269 3270 3346 3345)
4(3345 3346 3422 3421)
4(3421 3422 3498 3497)
4(3497 3498 3574 3573)
4(3573 3574 3650 3649)
4(3649 3650 3726 3725)
4(3725 3726 3802 3801)
4(3801 3802 3878 3877)
4(3877 3878 3954 3953)
4(3953 3954 4030 4029)
4(4029 4030 4106 4105)
4(4105 4106 4182 4181)
4(4181 4182 4258 4257)
4(4257 4258 4334 4333)
4(4333 4334 4410 4409)
4(4409 4410 4486 4485)
4(4485 4486 4562 4561)
4(4561 4562 4638 4637)
4(2358 2359 2435 2434)
4(2434 2435 2511 2510)
4(2510 2511 2587 2586)
4(2586 2587 2663 2662)
4(2662 2663 2739 2738)
4(2738 2739 2815 2814)
4(2814 2815 2891 2890)
4(2890 2891 2967 2966)
4(2966 2967 3043 3042)
4(3042 3043 3119 3118)
4(3118 3119 3195 3194)
4(3194 3195 3271 3270)
4(3270 3271 3347 3346)
4(3346 3347 3423 3422)
4(3422 3423 3499 3498)
4(3498 3499 3575 3574)
4(3574 3575 3651 3650)
4(3650 3651 3727 3726)
4(3726 3727 3803 3802)
4(3802 3803 3879 3878)
4(3878 3879 3955 3954)
4(3954 3955 4031 4030)
4(4030 4031 4107 4106)
4(4106 4107 4183 4182)
4(4182 4183 4259 4258)
4(4258 4259 4335 4334)
4(4334 4335 4411 4410)
4(4410 4411 4487 4486)
4(4486 4487 4563 4562)
4(4562 4563 4639 4638)
4(2359 2360 2436 2435)
4(2435 2436 2512 2511)
4(2511 2512 2588 2587)
4(2587 2588 2664 2663)
4(2663 2664 2740 2739)
4(2739 2740 2816 2815)
4(2815 2816 2892 2891)
4(2891 2892 2968 2967)
4(2967 2968 3044 3043)
4(3043 3044 3120 3119)
4(3119 3120 3196 3195)
4(3195 3196 3272 3271)
4(3271 3272 3348 3347)
4(3347 3348 3424 3423)
4(3423 3424 3500 3499)
4(3499 3500 3576 3575)
4(3575 3576 3652 3651)
4(3651 3652 3728 3727)
4(3727 3728 3804 3803)
4(3803 3804 3880 3879)
4(3879 3880 3956 3955)
4(3955 3956 4032 4031)
4(4031 4032 4108 4107)
4(4107 4108 4184 4183)
4(4183 4184 4260 4259)
4(4259 4260 4336 4335)
4(4335 4336 4412 4411)
4(4411 4412 4488 4487)
4(4487 4488 4564 4563)
4(4563 4564 4640 4639)
4(2360 2361 2437 2436)
4(2436 2437 2513 2512)
4(2512 2513 2589 2588)
4(2588 2589 2665 2664)
4(2664 2665 2741 2740)
4(2740 2741 2817 2816)
4(2816 2817 2893 2892)
4(2892 2893 2969 2968)
4(2968 2969 3045 3044)
4(3044 3045 3121 3120)
4(3120 3121 3197 3196)
4(3196 3197 3273 3272)
4(3272 3273 3349 3348)
4(3348 3349 3425 3424)
4(3424 3425 3501 3500)
4(3500 3501 3577 3576)
4(3576 3577 3653 3652)
4(3652 3653 3729 3728)
4(3728 3729 3805 3804)
4(3804 3805 3881 3880)
4(3880 3881 3957 3956)
4(3956 3957 4033 4032)
4(4032 4033 4109 4108)
4(4108 4109 4185 4184)
4(4184 4185 4261 4260)
4(4260 4261 4337 4336)
4(4336 4337 4413 4412)
4(4412 4413 4489 4488)
4(4488 4489 4565 4564)
4(4564 4565 4641 4640)
4(2361 2362 2438 2437)
4(2437 2438 2514 2513)
4(2513 2514 2590 2589)
4(2589 2590 2666 2665)
4(2665 2666 2742 2741)
4(2741 2742 2818 2817)
4(2817 2818 2894 2893)
4(2893 2894 2970 2969)
4(2969 2970 3046 3045)
4(3045 3046 3122 3121)
4(3121 3122 3198 3197)
4(3197 3198 3274 3273)
4(3273 3274 3350 3349)
4(3349 3350 3426 3425)
4(3425 3426 3502 3501)
4(3501 3502 3578 3577)
4(3577 3578 3654 3653)
4(3653 3654 3730 3729)
4(3729 3730 3806 3805)
4(3805 3806 3882 3881)
4(3881 3882 3958 3957)
4(3957 3958 4034 4033)
4(4033 4034 4110 4109)
4(4109 4110 4186 4185)
4(4185 4186 4262 4261)
4(4261 4262 4338 4337)
4(4337 4338 4414 4413)
4(4413 4414 4490 4489)
4(4489 4490 4566 4565)
4(4565 4566 4642 4641)
4(2362 2363 2439 2438)
4(2438 2439 2515 2514)
4(2514 2515 2591 2590)
4(2590 2591 2667 2666)
4(2666 2667 2743 2742)
4(2742 2743 2819 2818)
4(2818 2819 2895 2894)
4(2894 2895 2971 2970)
4(2970 2971 3047 3046)
4(3046 3047 3123 3122)
4(3122 3123 3199 3198)
4(3198 3199 3275 3274)
4(3274 3275 3351 3350)
4(3350 3351 3427 3426)
4(3426 3427 3503 3502)
4(3502 3503 3579 3578)
4(3578 3579 3655 3654)
4(3654 3655 3731 3730)
4(3730 3731 3807 3806)
4(3806 3807 3883 3882)
4(3882 3883 3959 3958)
4(3958 3959 4035 4034)
4(4034 4035 4111 4110)
4(4110 4111 4187 4186)
4(4186 4187 4263 4262)
4(4262 4263 4339 4338)
4(4338 4339 4415 4414)
4(4414 4415 4491 4490)
4(4490 4491 4567 4566)
4(4566 4567 4643 4642)
4(2363 2364 2440 2439)
4(2439 2440 2516 2515)
4(2515 2516 2592 2591)
4(2591 2592 2668 2667)
4(2667 2668 2744 2743)
4(2743 2744 2820 2819)
4(2819 2820 2896 2895)
4(2895 2896 2972 2971)
4(2971 2972 3048 3047)
4(3047 3048 3124 3123)
4(3123 3124 3200 3199)
4(3199 3200 3276 3275)
4(3275 3276 3352 3351)
4(3351 3352 3428 3427)
4(3427 3428 3504 3503)
4(3503 3504 3580 3579)
4(3579 3580 3656 3655)
4(3655 3656 3732 3731)
4(3731 3732 3808 3807)
4(3807 3808 3884 3883)
4(3883 3884 3960 3959)
4(3959 3960 4036 4035)
4(4035 4036 4112 4111)
4(4111 4112 4188 4187)
4(4187 4188 4264 4263)
4(4263 4264 4340 4339)
4(4339 4340 4416 4415)
4(4415 4416 4492 4491)
4(4491 4492 4568 4567)
4(4567 4568 4644 4643)
4(2364 2365 2441 2440)
4(2440 2441 2517 2516)
4(2516 2517 2593 2592)
4(2592 2593 2669 2668)
4(2668 2669 2745 2744)
4(2744 2745 2821 2820)
4(2820 2821 2897 2896)
4(2896 2897 2973 2972)
4(2972 2973 3049 3048)
4(3048 3049 3125 3124)
4(3124 3125 3201 3200)
4(3200 3201 3277 3276)
4(3276 3277 3353 3352)
4(3352 3353 3429 3428)
4(3428 3429 3505 3504)
4(3504 3505 3581 3580)
4(3580 3581 3657 3656)
4(3656 3657 3733 3732)
4(3732 3733 3809 3808)
4(3808 3809 3885 3884)
4(3884 3885 3961 3960)
4(3960 3961 4037 4036)
4(4036 4037 4113 4112)
4(4112 4113 4189 4188)
4(4188 4189 4265 4264)
4(4264 4265 4341 4340)
4(4340 4341 4417 4416)
4(4416 4417 4493 4492)
4(4492 4493 4569 4568)
4(4568 4569 4645 4644)
4(2365 2366 2442 2441)
4(2441 2442 2518 2517)
4(2517 2518 2594 2593)
4(2593 2594 2670 2669)
4(2669 2670 2746 2745)
4(2745 2746 2822 2821)
4(2821 2822 2898 2897)
4(2897 2898 2974 2973)
4(2973 2974 3050 3049)
4(3049 3050 3126 3125)
4(3125 3126 3202 3201)
4(3201 3202 3278 3277)
4(3277 3278 3354 3353)
4(3353 3354 3430 3429)
4(3429 3430 3506 3505)
4(3505 3506 3582 3581)
4(3581 3582 3658 3657)
4(3657 3658 3734 3733)
4(3733 3734 3810 3809)
4(3809 3810 3886 3885)
4(3885 3886 3962 3961)
4(3961 3962 4038 4037)
4(4037 4038 4114 4113)
4(4113 4114 4190 4189)
4(4189 4190 4266 4265)
4(4265 4266 4342 4341)
4(4341 4342 4418 4417)
4(4417 4418 4494 4493)
4(4493 4494 4570 4569)
4(4569 4570 4646 4645)
4(2366 2367 2443 2442)
4(2442 2443 2519 2518)
4(2518 2519 2595 2594)
4(2594 2595 2671 2670)
4(2670 2671 2747 2746)
4(2746 2747 2823 2822)
4(2822 2823 2899 2898)
4(2898 2899 2975 2974)
4(2974 2975 3051 3050)
4(3050 3051 3127 3126)
4(3126 3127 3203 3202)
4(3202 3203 3279 3278)
4(3278 3279 3355 3354)
4(3354 3355 3431 3430)
4(3430 3431 3507 3506)
4(3506 3507 3583 3582)
4(3582 3583 3659 3658)
4(3658 3659 3735 3734)
4(3734 3735 3811 3810)
4(3810 3811 3887 3886)
4(3886 3887 3963 3962)
4(3962 3963 4039 4038)
4(4038 4039 4115 4114)
4(4114 4115 4191 4190)
4(4190 4191 4267 4266)
4(4266 4267 4343 4342)
4(4342 4343 4419 4418)
4(4418 4419 4495 4494)
4(4494 4495 4571 4570)
4(4570 4571 4647 4646)
4(2367 2368 2444 2443)
4(2443 2444 2520 2519)
4(2519 2520 2596 2595)
4(2595 2596 2672 2671)
4(2671 2672 2748 2747)
4(2747 2748 2824 2823)
4(2823 2824 2900 2899)
4(2899 2900 2976 2975)
4(2975 2976 3052 3051)
4(3051 3052 3128 3127)
4(3127 3128 3204 3203)
4(3203 3204 3280 3279)
4(3279 3280 3356 3355)
4(3355 3356 3432 3431)
4(3431 3432 3508 3507)
4(3507 3508 3584 3583)
4(3583 3584 3660 3659)
4(3659 3660 3736 3735)
4(3735 3736 3812 3811)
4(3811 3812 3888 3887)
4(3887 3888 3964 3963)
4(3963 3964 4040 4039)
4(4039 4040 4116 4115)
4(4115 4116 4192 4191)
4(4191 4192 4268 4267)
4(4267 4268 4344 4343)
4(4343 4344 4420 4419)
4(4419 4420 4496 4495)
4(4495 4496 4572 4571)
4(4571 4572 4648 4647)
4(2368 2369 2445 2444)
4(2444 2445 2521 2520)
4(2520 2521 2597 2596)
4(2596 2597 2673 2672)
4(2672 2673 2749 2748)
4(2748 2749 2825 2824)
4(2824 2825 2901 2900)
4(2900 2901 2977 2976)
4(2976 2977 3053 3052)
4(3052 3053 3129 3128)
4(3128 3129 3205 3204)
4(3204 3205 3281 3280)
4(3280 3281 3357 3356)
4(3356 3357 3433 3432)
4(3432 3433 3509 3508)
4(3508 3509 3585 3584)
4(3584 3585 3661 3660)
4(3660 3661 3737 3736)
4(3736 3737 3813 3812)
4(3812 3813 3889 3888)
4(3888 3889 3965 3964)
4(3964 3965 4041 4040)
4(4040 4041 4117 4116)
4(4116 4117 4193 4192)
4(4192 4193 4269 4268)
4(4268 4269 4345 4344)
4(4344 4345 4421 4420)
4(4420 4421 4497 4496)
4(4496 4497 4573 4572)
4(4572 4573 4649 4648)
4(2369 2370 2446 2445)
4(2445 2446 2522 2521)
4(2521 2522 2598 2597)
4(2597 2598 2674 2673)
4(2673 2674 2750 2749)
4(2749 2750 2826 2825)
4(2825 2826 2902 2901)
4(2901 2902 2978 2977)
4(2977 2978 3054 3053)
4(3053 3054 3130 3129)
4(3129 3130 3206 3205)
4(3205 3206 3282 3281)
4(3281 3282 3358 3357)
4(3357 3358 3434 3433)
4(3433 3434 3510 3509)
4(3509 3510 3586 3585)
4(3585 3586 3662 3661)
4(3661 3662 3738 3737)
4(3737 3738 3814 3813)
4(3813 3814 3890 3889)
4(3889 3890 3966 3965)
4(3965 3966 4042 4041)
4(4041 4042 4118 4117)
4(4117 4118 4194 4193)
4(4193 4194 4270 4269)
4(4269 4270 4346 4345)
4(4345 4346 4422 4421)
4(4421 4422 4498 4497)
4(4497 4498 4574 4573)
4(4573 4574 4650 4649)
4(2370 2371 2447 2446)
4(2446 2447 2523 2522)
4(2522 2523 2599 2598)
4(2598 2599 2675 2674)
4(2674 2675 2751 2750)
4(2750 2751 2827 2826)
4(2826 2827 2903 2902)
4(2902 2903 2979 2978)
4(2978 2979 3055 3054)
4(3054 3055 3131 3130)
4(3130 3131 3207 3206)
4(3206 3207 3283 3282)
4(3282 3283 3359 3358)
4(3358 3359 3435 3434)
4(3434 3435 3511 3510)
4(3510 3511 3587 3586)
4(3586 3587 3663 3662)
4(3662 3663 3739 3738)
4(3738 3739 3815 3814)
4(3814 3815 3891 3890)
4(3890 3891 3967 3966)
4(3966 3967 4043 4042)
4(4042 4043 4119 4118)
4(4118 4119 4195 4194)
4(4194 4195 4271 4270)
4(4270 4271 4347 4346)
4(4346 4347 4423 4422)
4(4422 4423 4499 4498)
4(4498 4499 4575 4574)
4(4574 4575 4651 4650)
4(2371 2372 2448 2447)
4(2447 2448 2524 2523)
4(2523 2524 2600 2599)
4(2599 2600 2676 2675)
4(2675 2676 2752 2751)
4(2751 2752 2828 2827)
4(2827 2828 2904 2903)
4(2903 2904 2980 2979)
4(2979 2980 3056 3055)
4(3055 3056 3132 3131)
4(3131 3132 3208 3207)
4(3207 3208 3284 3283)
4(3283 3284 3360 3359)
4(3359 3360 3436 3435)
4(3435 3436 3512 3511)
4(3511 3512 3588 3587)
4(3587 3588 3664 3663)
4(3663 3664 3740 3739)
4(3739 3740 3816 3815)
4(3815 3816 3892 3891)
4(3891 3892 3968 3967)
4(3967 3968 4044 4043)
4(4043 4044 4120 4119)
4(4119 4120 4196 4195)
4(4195 4196 4272 4271)
4(4271 4272 4348 4347)
4(4347 4348 4424 4423)
4(4423 4424 4500 4499)
4(4499 4500 4576 4575)
4(4575 4576 4652 4651)
4(2372 2373 2449 2448)
4(2448 2449 2525 2524)
4(2524 2525 2601 2600)
4(2600 2601 2677 2676)
4(2676 2677 2753 2752)
4(2752 2753 2829 2828)
4(2828 2829 2905 2904)
4(2904 2905 2981 2980)
4(2980 2981 3057 3056)
4(3056 3057 3133 3132)
4(3132 3133 3209 3208)
4(3208 3209 3285 3284)
4(3284 3285 3361 3360)
4(3360 3361 3437 3436)
4(3436 3437 3513 3512)
4(3512 3513 3589 3588)
4(3588 3589 3665 3664)
4(3664 3665 3741 3740)
4(3740 3741 3817 3816)
4(3816 3817 3893 3892)
4(3892 3893 3969 3968)
4(3968 3969 4045 4044)
4(4044 4045 4121 4120)
4(4120 4121 4197 4196)
4(4196 4197 4273 4272)
4(4272 4273 4349 4348)
4(4348 4349 4425 4424)
4(4424 4425 4501 4500)
4(4500 4501 4577 4576)
4(4576 4577 4653 4652)
4(2373 2374 2450 2449)
4(2449 2450 2526 2525)
4(2525 2526 2602 2601)
4(2601 2602 2678 2677)
4(2677 2678 2754 2753)
4(2753 2754 2830 2829)
4(2829 2830 2906 2905)
4(2905 2906 2982 2981)
4(2981 2982 3058 3057)
4(3057 3058 3134 3133)
4(3133 3134 3210 3209)
4(3209 3210 3286 3285)
4(3285 3286 3362 3361)
4(3361 3362 3438 3437)
4(3437 3438 3514 3513)
4(3513 3514 3590 3589)
4(3589 3590 3666 3665)
4(3665 3666 3742 3741)
4(3741 3742 3818 3817)
4(3817 3818 3894 3893)
4(3893 3894 3970 3969)
4(3969 3970 4046 4045)
4(4045 4046 4122 4121)
4(4121 4122 4198 4197)
4(4197 4198 4274 4273)
4(4273 4274 4350 4349)
4(4349 4350 4426 4425)
4(4425 4426 4502 4501)
4(4501 4502 4578 4577)
4(4577 4578 4654 4653)
4(2374 2375 2451 2450)
4(2450 2451 2527 2526)
4(2526 2527 2603 2602)
4(2602 2603 2679 2678)
4(2678 2679 2755 2754)
4(2754 2755 2831 2830)
4(2830 2831 2907 2906)
4(2906 2907 2983 2982)
4(2982 2983 3059 3058)
4(3058 3059 3135 3134)
4(3134 3135 3211 3210)
4(3210 3211 3287 3286)
4(3286 3287 3363 3362)
4(3362 3363 3439 3438)
4(3438 3439 3515 3514)
4(3514 3515 3591 3590)
4(3590 3591 3667 3666)
4(3666 3667 3743 3742)
4(3742 3743 3819 3818)
4(3818 3819 3895 3894)
4(3894 3895 3971 3970)
4(3970 3971 4047 4046)
4(4046 4047 4123 4122)
4(4122 4123 4199 4198)
4(4198 4199 4275 4274)
4(4274 4275 4351 4350)
4(4350 4351 4427 4426)
4(4426 4427 4503 4502)
4(4502 4503 4579 4578)
4(4578 4579 4655 4654)
4(2375 2376 2452 2451)
4(2451 2452 2528 2527)
4(2527 2528 2604 2603)
4(2603 2604 2680 2679)
4(2679 2680 2756 2755)
4(2755 2756 2832 2831)
4(2831 2832 2908 2907)
4(2907 2908 2984 2983)
4(2983 2984 3060 3059)
4(3059 3060 3136 3135)
4(3135 3136 3212 3211)
4(3211 3212 3288 3287)
4(3287 3288 3364 3363)
4(3363 3364 3440 3439)
4(3439 3440 3516 3515)
4(3515 3516 3592 3591)
4(3591 3592 3668 3667)
4(3667 3668 3744 3743)
4(3743 3744 3820 3819)
4(3819 3820 3896 3895)
4(3895 3896 3972 3971)
4(3971 3972 4048 4047)
4(4047 4048 4124 4123)
4(4123 4124 4200 4199)
4(4199 4200 4276 4275)
4(4275 4276 4352 4351)
4(4351 4352 4428 4427)
4(4427 4428 4504 4503)
4(4503 4504 4580 4579)
4(4579 4580 4656 4655)
4(2376 2377 2453 2452)
4(2452 2453 2529 2528)
4(2528 2529 2605 2604)
4(2604 2605 2681 2680)
4(2680 2681 2757 2756)
4(2756 2757 2833 2832)
4(2832 2833 2909 2908)
4(2908 2909 2985 2984)
4(2984 2985 3061 3060)
4(3060 3061 3137 3136)
4(3136 3137 3213 3212)
4(3212 3213 3289 3288)
4(3288 3289 3365 3364)
4(3364 3365 3441 3440)
4(3440 3441 3517 3516)
4(3516 3517 3593 3592)
4(3592 3593 3669 3668)
4(3668 3669 3745 3744)
4(3744 3745 3821 3820)
4(3820 3821 3897 3896)
4(3896 3897 3973 3972)
4(3972 3973 4049 4048)
4(4048 4049 4125 4124)
4(4124 4125 4201 4200)
4(4200 4201 4277 4276)
4(4276 4277 4353 4352)
4(4352 4353 4429 4428)
4(4428 4429 4505 4504)
4(4504 4505 4581 4580)
4(4580 4581 4657 4656)
4(2377 2378 2454 2453)
4(2453 2454 2530 2529)
4(2529 2530 2606 2605)
4(2605 2606 2682 2681)
4(2681 2682 2758 2757)
4(2757 2758 2834 2833)
4(2833 2834 2910 2909)
4(2909 2910 2986 2985)
4(2985 2986 3062 3061)
4(3061 3062 3138 3137)
4(3137 3138 3214 3213)
4(3213 3214 3290 3289)
4(3289 3290 3366 3365)
4(3365 3366 3442 3441)
4(3441 3442 3518 3517)
4(3517 3518 3594 3593)
4(3593 3594 3670 3669)
4(3669 3670 3746 3745)
4(3745 3746 3822 3821)
4(3821 3822 3898 3897)
4(3897 3898 3974 3973)
4(3973 3974 4050 4049)
4(4049 4050 4126 4125)
4(4125 4126 4202 4201)
4(4201 4202 4278 4277)
4(4277 4278 4354 4353)
4(4353 4354 4430 4429)
4(4429 4430 4506 4505)
4(4505 4506 4582 4581)
4(4581 4582 4658 4657)
4(2378 2379 2455 2454)
4(2454 2455 2531 2530)
4(2530 2531 2607 2606)
4(2606 2607 2683 2682)
4(2682 2683 2759 2758)
4(2758 2759 2835 2834)
4(2834 2835 2911 2910)
4(2910 2911 2987 2986)
4(2986 2987 3063 3062)
4(3062 3063 3139 3138)
4(3138 3139 3215 3214)
4(3214 3215 3291 3290)
4(3290 3291 3367 3366)
4(3366 3367 3443 3442)
4(3442 3443 3519 3518)
4(3518 3519 3595 3594)
4(3594 3595 3671 3670)
4(3670 3671 3747 3746)
4(3746 3747 3823 3822)
4(3822 3823 3899 3898)
4(3898 3899 3975 3974)
4(3974 3975 4051 4050)
4(4050 4051 4127 4126)
4(4126 4127 4203 4202)
4(4202 4203 4279 4278)
4(4278 4279 4355 4354)
4(4354 4355 4431 4430)
4(4430 4431 4507 4506)
4(4506 4507 4583 4582)
4(4582 4583 4659 4658)
4(2379 2380 2456 2455)
4(2455 2456 2532 2531)
4(2531 2532 2608 2607)
4(2607 2608 2684 2683)
4(2683 2684 2760 2759)
4(2759 2760 2836 2835)
4(2835 2836 2912 2911)
4(2911 2912 2988 2987)
4(2987 2988 3064 3063)
4(3063 3064 3140 3139)
4(3139 3140 3216 3215)
4(3215 3216 3292 3291)
4(3291 3292 3368 3367)
4(3367 3368 3444 3443)
4(3443 3444 3520 3519)
4(3519 3520 3596 3595)
4(3595 3596 3672 3671)
4(3671 3672 3748 3747)
4(3747 3748 3824 3823)
4(3823 3824 3900 3899)
4(3899 3900 3976 3975)
4(3975 3976 4052 4051)
4(4051 4052 4128 4127)
4(4127 4128 4204 4203)
4(4203 4204 4280 4279)
4(4279 4280 4356 4355)
4(4355 4356 4432 4431)
4(4431 4432 4508 4507)
4(4507 4508 4584 4583)
4(4583 4584 4660 4659)
4(2380 2381 2457 2456)
4(2456 2457 2533 2532)
4(2532 2533 2609 2608)
4(2608 2609 2685 2684)
4(2684 2685 2761 2760)
4(2760 2761 2837 2836)
4(2836 2837 2913 2912)
4(2912 2913 2989 2988)
4(2988 2989 3065 3064)
4(3064 3065 3141 3140)
4(3140 3141 3217 3216)
4(3216 3217 3293 3292)
4(3292 3293 3369 3368)
4(3368 3369 3445 3444)
4(3444 3445 3521 3520)
4(3520 3521 3597 3596)
4(3596 3597 3673 3672)
4(3672 3673 3749 3748)
4(3748 3749 3825 3824)
4(3824 3825 3901 3900)
4(3900 3901 3977 3976)
4(3976 3977 4053 4052)
4(4052 4053 4129 4128)
4(4128 4129 4205 4204)
4(4204 4205 4281 4280)
4(4280 4281 4357 4356)
4(4356 4357 4433 4432)
4(4432 4433 4509 4508)
4(4508 4509 4585 4584)
4(4584 4585 4661 4660)
4(2381 2382 2458 2457)
4(2457 2458 2534 2533)
4(2533 2534 2610 2609)
4(2609 2610 2686 2685)
4(2685 2686 2762 2761)
4(2761 2762 2838 2837)
4(2837 2838 2914 2913)
4(2913 2914 2990 2989)
4(2989 2990 3066 3065)
4(3065 3066 3142 3141)
4(3141 3142 3218 3217)
4(3217 3218 3294 3293)
4(3293 3294 3370 3369)
4(3369 3370 3446 3445)
4(3445 3446 3522 3521)
4(3521 3522 3598 3597)
4(3597 3598 3674 3673)
4(3673 3674 3750 3749)
4(3749 3750 3826 3825)
4(3825 3826 3902 3901)
4(3901 3902 3978 3977)
4(3977 3978 4054 4053)
4(4053 4054 4130 4129)
4(4129 4130 4206 4205)
4(4205 4206 4282 4281)
4(4281 4282 4358 4357)
4(4357 4358 4434 4433)
4(4433 4434 4510 4509)
4(4509 4510 4586 4585)
4(4585 4586 4662 4661)
4(2382 2383 2459 2458)
4(2458 2459 2535 2534)
4(2534 2535 2611 2610)
4(2610 2611 2687 2686)
4(2686 2687 2763 2762)
4(2762 2763 2839 2838)
4(2838 2839 2915 2914)
4(2914 2915 2991 2990)
4(2990 2991 3067 3066)
4(3066 3067 3143 3142)
4(3142 3143 3219 3218)
4(3218 3219 3295 3294)
4(3294 3295 3371 3370)
4(3370 3371 3447 3446)
4(3446 3447 3523 3522)
4(3522 3523 3599 3598)
4(3598 3599 3675 3674)
4(3674 3675 3751 3750)
4(3750 3751 3827 3826)
4(3826 3827 3903 3902)
4(3902 3903 3979 3978)
4(3978 3979 4055 4054)
4(4054 4055 4131 4130)
4(4130 4131 4207 4206)
4(4206 4207 4283 4282)
4(4282 4283 4359 4358)
4(4358 4359 4435 4434)
4(4434 4435 4511 4510)
4(4510 4511 4587 4586)
4(4586 4587 4663 4662)
4(2383 2384 2460 2459)
4(2459 2460 2536 2535)
4(2535 2536 2612 2611)
4(2611 2612 2688 2687)
4(2687 2688 2764 2763)
4(2763 2764 2840 2839)
4(2839 2840 2916 2915)
4(2915 2916 2992 2991)
4(2991 2992 3068 3067)
4(3067 3068 3144 3143)
4(3143 3144 3220 3219)
4(3219 3220 3296 3295)
4(3295 3296 3372 3371)
4(3371 3372 3448 3447)
4(3447 3448 3524 3523)
4(3523 3524 3600 3599)
4(3599 3600 3676 3675)
4(3675 3676 3752 3751)
4(3751 3752 3828 3827)
4(3827 3828 3904 3903)
4(3903 3904 3980 3979)
4(3979 3980 4056 4055)
4(4055 4056 4132 4131)
4(4131 4132 4208 4207)
4(4207 4208 4284 4283)
4(4283 4284 4360 4359)
4(4359 4360 4436 4435)
4(4435 4436 4512 4511)
4(4511 4512 4588 4587)
4(4587 4588 4664 4663)
4(2384 2385 2461 2460)
4(2460 2461 2537 2536)
4(2536 2537 2613 2612)
4(2612 2613 2689 2688)
4(2688 2689 2765 2764)
4(2764 2765 2841 2840)
4(2840 2841 2917 2916)
4(2916 2917 2993 2992)
4(2992 2993 3069 3068)
4(3068 3069 3145 3144)
4(3144 3145 3221 3220)
4(3220 3221 3297 3296)
4(3296 3297 3373 3372)
4(3372 3373 3449 3448)
4(3448 3449 3525 3524)
4(3524 3525 3601 3600)
4(3600 3601 3677 3676)
4(3676 3677 3753 3752)
4(3752 3753 3829 3828)
4(3828 3829 3905 3904)
4(3904 3905 3981 3980)
4(3980 3981 4057 4056)
4(4056 4057 4133 4132)
4(4132 4133 4209 4208)
4(4208 4209 4285 4284)
4(4284 4285 4361 4360)
4(4360 4361 4437 4436)
4(4436 4437 4513 4512)
4(4512 4513 4589 4588)
4(4588 4589 4665 4664)
4(2385 2386 2462 2461)
4(2461 2462 2538 2537)
4(2537 2538 2614 2613)
4(2613 2614 2690 2689)
4(2689 2690 2766 2765)
4(2765 2766 2842 2841)
4(2841 2842 2918 2917)
4(2917 2918 2994 2993)
4(2993 2994 3070 3069)
4(3069 3070 3146 3145)
4(3145 3146 3222 3221)
4(3221 3222 3298 3297)
4(3297 3298 3374 3373)
4(3373 3374 3450 3449)
4(3449 3450 3526 3525)
4(3525 3526 3602 3601)
4(3601 3602 3678 3677)
4(3677 3678 3754 3753)
4(3753 3754 3830 3829)
4(3829 3830 3906 3905)
4(3905 3906 3982 3981)
4(3981 3982 4058 4057)
4(4057 4058 4134 4133)
4(4133 4134 4210 4209)
4(4209 4210 4286 4285)
4(4285 4286 4362 4361)
4(4361 4362 4438 4437)
4(4437 4438 4514 4513)
4(4513 4514 4590 4589)
4(4589 4590 4666 4665)
4(2386 2387 2463 2462)
4(2462 2463 2539 2538)
4(2538 2539 2615 2614)
4(2614 2615 2691 2690)
4(2690 2691 2767 2766)
4(2766 2767 2843 2842)
4(2842 2843 2919 2918)
4(2918 2919 2995 2994)
4(2994 2995 3071 3070)
4(3070 3071 3147 3146)
4(3146 3147 3223 3222)
4(3222 3223 3299 3298)
4(3298 3299 3375 3374)
4(3374 3375 3451 3450)
4(3450 3451 3527 3526)
4(3526 3527 3603 3602)
4(3602 3603 3679 3678)
4(3678 3679 3755 3754)
4(3754 3755 3831 3830)
4(3830 3831 3907 3906)
4(3906 3907 3983 3982)
4(3982 3983 4059 4058)
4(4058 4059 4135 4134)
4(4134 4135 4211 4210)
4(4210 4211 4287 4286)
4(4286 4287 4363 4362)
4(4362 4363 4439 4438)
4(4438 4439 4515 4514)
4(4514 4515 4591 4590)
4(4590 4591 4667 4666)
4(2387 2388 2464 2463)
4(2463 2464 2540 2539)
4(2539 2540 2616 2615)
4(2615 2616 2692 2691)
4(2691 2692 2768 2767)
4(2767 2768 2844 2843)
4(2843 2844 2920 2919)
4(2919 2920 2996 2995)
4(2995 2996 3072 3071)
4(3071 3072 3148 3147)
4(3147 3148 3224 3223)
4(3223 3224 3300 3299)
4(3299 3300 3376 3375)
4(3375 3376 3452 3451)
4(3451 3452 3528 3527)
4(3527 3528 3604 3603)
4(3603 3604 3680 3679)
4(3679 3680 3756 3755)
4(3755 3756 3832 3831)
4(3831 3832 3908 3907)
4(3907 3908 3984 3983)
4(3983 3984 4060 4059)
4(4059 4060 4136 4135)
4(4135 4136 4212 4211)
4(4211 4212 4288 4287)
4(4287 4288 4364 4363)
4(4363 4364 4440 4439)
4(4439 4440 4516 4515)
4(4515 4516 4592 4591)
4(4591 4592 4668 4667)
4(2388 2389 2465 2464)
4(2464 2465 2541 2540)
4(2540 2541 2617 2616)
4(2616 2617 2693 2692)
4(2692 2693 2769 2768)
4(2768 2769 2845 2844)
4(2844 2845 2921 2920)
4(2920 2921 2997 2996)
4(2996 2997 3073 3072)
4(3072 3073 3149 3148)
4(3148 3149 3225 3224)
4(3224 3225 3301 3300)
4(3300 3301 3377 3376)
4(3376 3377 3453 3452)
4(3452 3453 3529 3528)
4(3528 3529 3605 3604)
4(3604 3605 3681 3680)
4(3680 3681 3757 3756)
4(3756 3757 3833 3832)
4(3832 3833 3909 3908)
4(3908 3909 3985 3984)
4(3984 3985 4061 4060)
4(4060 4061 4137 4136)
4(4136 4137 4213 4212)
4(4212 4213 4289 4288)
4(4288 4289 4365 4364)
4(4364 4365 4441 4440)
4(4440 4441 4517 4516)
4(4516 4517 4593 4592)
4(4592 4593 4669 4668)
4(2389 2390 2466 2465)
4(2465 2466 2542 2541)
4(2541 2542 2618 2617)
4(2617 2618 2694 2693)
4(2693 2694 2770 2769)
4(2769 2770 2846 2845)
4(2845 2846 2922 2921)
4(2921 2922 2998 2997)
4(2997 2998 3074 3073)
4(3073 3074 3150 3149)
4(3149 3150 3226 3225)
4(3225 3226 3302 3301)
4(3301 3302 3378 3377)
4(3377 3378 3454 3453)
4(3453 3454 3530 3529)
4(3529 3530 3606 3605)
4(3605 3606 3682 3681)
4(3681 3682 3758 3757)
4(3757 3758 3834 3833)
4(3833 3834 3910 3909)
4(3909 3910 3986 3985)
4(3985 3986 4062 4061)
4(4061 4062 4138 4137)
4(4137 4138 4214 4213)
4(4213 4214 4290 4289)
4(4289 4290 4366 4365)
4(4365 4366 4442 4441)
4(4441 4442 4518 4517)
4(4517 4518 4594 4593)
4(4593 4594 4670 4669)
4(2390 2391 2467 2466)
4(2466 2467 2543 2542)
4(2542 2543 2619 2618)
4(2618 2619 2695 2694)
4(2694 2695 2771 2770)
4(2770 2771 2847 2846)
4(2846 2847 2923 2922)
4(2922 2923 2999 2998)
4(2998 2999 3075 3074)
4(3074 3075 3151 3150)
4(3150 3151 3227 3226)
4(3226 3227 3303 3302)
4(3302 3303 3379 3378)
4(3378 3379 3455 3454)
4(3454 3455 3531 3530)
4(3530 3531 3607 3606)
4(3606 3607 3683 3682)
4(3682 3683 3759 3758)
4(3758 3759 3835 3834)
4(3834 3835 3911 3910)
4(3910 3911 3987 3986)
4(3986 3987 4063 4062)
4(4062 4063 4139 4138)
4(4138 4139 4215 4214)
4(4214 4215 4291 4290)
4(4290 4291 4367 4366)
4(4366 4367 4443 4442)
4(4442 4443 4519 4518)
4(4518 4519 4595 4594)
4(4594 4595 4671 4670)
4(2391 2392 2468 2467)
4(2467 2468 2544 2543)
4(2543 2544 2620 2619)
4(2619 2620 2696 2695)
4(2695 2696 2772 2771)
4(2771 2772 2848 2847)
4(2847 2848 2924 2923)
4(2923 2924 3000 2999)
4(2999 3000 3076 3075)
4(3075 3076 3152 3151)
4(3151 3152 3228 3227)
4(3227 3228 3304 3303)
4(3303 3304 3380 3379)
4(3379 3380 3456 3455)
4(3455 3456 3532 3531)
4(3531 3532 3608 3607)
4(3607 3608 3684 3683)
4(3683 3684 3760 3759)
4(3759 3760 3836 3835)
4(3835 3836 3912 3911)
4(3911 3912 3988 3987)
4(3987 3988 4064 4063)
4(4063 4064 4140 4139)
4(4139 4140 4216 4215)
4(4215 4216 4292 4291)
4(4291 4292 4368 4367)
4(4367 4368 4444 4443)
4(4443 4444 4520 4519)
4(4519 4520 4596 4595)
4(4595 4596 4672 4671)
4(2392 2393 2469 2468)
4(2468 2469 2545 2544)
4(2544 2545 2621 2620)
4(2620 2621 2697 2696)
4(2696 2697 2773 2772)
4(2772 2773 2849 2848)
4(2848 2849 2925 2924)
4(2924 2925 3001 3000)
4(3000 3001 3077 3076)
4(3076 3077 3153 3152)
4(3152 3153 3229 3228)
4(3228 3229 3305 3304)
4(3304 3305 3381 3380)
4(3380 3381 3457 3456)
4(3456 3457 3533 3532)
4(3532 3533 3609 3608)
4(3608 3609 3685 3684)
4(3684 3685 3761 3760)
4(3760 3761 3837 3836)
4(3836 3837 3913 3912)
4(3912 3913 3989 3988)
4(3988 3989 4065 4064)
4(4064 4065 4141 4140)
4(4140 4141 4217 4216)
4(4216 4217 4293 4292)
4(4292 4293 4369 4368)
4(4368 4369 4445 4444)
4(4444 4445 4521 4520)
4(4520 4521 4597 4596)
4(4596 4597 4673 4672)
4(2393 2394 2470 2469)
4(2469 2470 2546 2545)
4(2545 2546 2622 2621)
4(2621 2622 2698 2697)
4(2697 2698 2774 2773)
4(2773 2774 2850 2849)
4(2849 2850 2926 2925)
4(2925 2926 3002 3001)
4(3001 3002 3078 3077)
4(3077 3078 3154 3153)
4(3153 3154 3230 3229)
4(3229 3230 3306 3305)
4(3305 3306 3382 3381)
4(3381 3382 3458 3457)
4(3457 3458 3534 3533)
4(3533 3534 3610 3609)
4(3609 3610 3686 3685)
4(3685 3686 3762 3761)
4(3761 3762 3838 3837)
4(3837 3838 3914 3913)
4(3913 3914 3990 3989)
4(3989 3990 4066 4065)
4(4065 4066 4142 4141)
4(4141 4142 4218 4217)
4(4217 4218 4294 4293)
4(4293 4294 4370 4369)
4(4369 4370 4446 4445)
4(4445 4446 4522 4521)
4(4521 4522 4598 4597)
4(4597 4598 4674 4673)
4(2394 2395 2471 2470)
4(2470 2471 2547 2546)
4(2546 2547 2623 2622)
4(2622 2623 2699 2698)
4(2698 2699 2775 2774)
4(2774 2775 2851 2850)
4(2850 2851 2927 2926)
4(2926 2927 3003 3002)
4(3002 3003 3079 3078)
4(3078 3079 3155 3154)
4(3154 3155 3231 3230)
4(3230 3231 3307 3306)
4(3306 3307 3383 3382)
4(3382 3383 3459 3458)
4(3458 3459 3535 3534)
4(3534 3535 3611 3610)
4(3610 3611 3687 3686)
4(3686 3687 3763 3762)
4(3762 3763 3839 3838)
4(3838 3839 3915 3914)
4(3914 3915 3991 3990)
4(3990 3991 4067 4066)
4(4066 4067 4143 4142)
4(4142 4143 4219 4218)
4(4218 4219 4295 4294)
4(4294 4295 4371 4370)
4(4370 4371 4447 4446)
4(4446 4447 4523 4522)
4(4522 4523 4599 4598)
4(4598 4599 4675 4674)
4(2395 2396 2472 2471)
4(2471 2472 2548 2547)
4(2547 2548 2624 2623)
4(2623 2624 2700 2699)
4(2699 2700 2776 2775)
4(2775 2776 2852 2851)
4(2851 2852 2928 2927)
4(2927 2928 3004 3003)
4(3003 3004 3080 3079)
4(3079 3080 3156 3155)
4(3155 3156 3232 3231)
4(3231 3232 3308 3307)
4(3307 3308 3384 3383)
4(3383 3384 3460 3459)
4(3459 3460 3536 3535)
4(3535 3536 3612 3611)
4(3611 3612 3688 3687)
4(3687 3688 3764 3763)
4(3763 3764 3840 3839)
4(3839 3840 3916 3915)
4(3915 3916 3992 3991)
4(3991 3992 4068 4067)
4(4067 4068 4144 4143)
4(4143 4144 4220 4219)
4(4219 4220 4296 4295)
4(4295 4296 4372 4371)
4(4371 4372 4448 4447)
4(4447 4448 4524 4523)
4(4523 4524 4600 4599)
4(4599 4600 4676 4675)
4(2396 2397 2473 2472)
4(2472 2473 2549 2548)
4(2548 2549 2625 2624)
4(2624 2625 2701 2700)
4(2700 2701 2777 2776)
4(2776 2777 2853 2852)
4(2852 2853 2929 2928)
4(2928 2929 3005 3004)
4(3004 3005 3081 3080)
4(3080 3081 3157 3156)
4(3156 3157 3233 3232)
4(3232 3233 3309 3308)
4(3308 3309 3385 3384)
4(3384 3385 3461 3460)
4(3460 3461 3537 3536)
4(3536 3537 3613 3612)
4(3612 3613 3689 3688)
4(3688 3689 3765 3764)
4(3764 3765 3841 3840)
4(3840 3841 3917 3916)
4(3916 3917 3993 3992)
4(3992 3993 4069 4068)
4(4068 4069 4145 4144)
4(4144 4145 4221 4220)
4(4220 4221 4297 4296)
4(4296 4297 4373 4372)
4(4372 4373 4449 4448)
4(4448 4449 4525 4524)
4(4524 4525 4601 4600)
4(4600 4601 4677 4676)
4(2397 2398 2474 2473)
4(2473 2474 2550 2549)
4(2549 2550 2626 2625)
4(2625 2626 2702 2701)
4(2701 2702 2778 2777)
4(2777 2778 2854 2853)
4(2853 2854 2930 2929)
4(2929 2930 3006 3005)
4(3005 3006 3082 3081)
4(3081 3082 3158 3157)
4(3157 3158 3234 3233)
4(3233 3234 3310 3309)
4(3309 3310 3386 3385)
4(3385 3386 3462 3461)
4(3461 3462 3538 3537)
4(3537 3538 3614 3613)
4(3613 3614 3690 3689)
4(3689 3690 3766 3765)
4(3765 3766 3842 3841)
4(3841 3842 3918 3917)
4(3917 3918 3994 3993)
4(3993 3994 4070 4069)
4(4069 4070 4146 4145)
4(4145 4146 4222 4221)
4(4221 4222 4298 4297)
4(4297 4298 4374 4373)
4(4373 4374 4450 4449)
4(4449 4450 4526 4525)
4(4525 4526 4602 4601)
4(4601 4602 4678 4677)
4(2398 2399 2475 2474)
4(2474 2475 2551 2550)
4(2550 2551 2627 2626)
4(2626 2627 2703 2702)
4(2702 2703 2779 2778)
4(2778 2779 2855 2854)
4(2854 2855 2931 2930)
4(2930 2931 3007 3006)
4(3006 3007 3083 3082)
4(3082 3083 3159 3158)
4(3158 3159 3235 3234)
4(3234 3235 3311 3310)
4(3310 3311 3387 3386)
4(3386 3387 3463 3462)
4(3462 3463 3539 3538)
4(3538 3539 3615 3614)
4(3614 3615 3691 3690)
4(3690 3691 3767 3766)
4(3766 3767 3843 3842)
4(3842 3843 3919 3918)
4(3918 3919 3995 3994)
4(3994 3995 4071 4070)
4(4070 4071 4147 4146)
4(4146 4147 4223 4222)
4(4222 4223 4299 4298)
4(4298 4299 4375 4374)
4(4374 4375 4451 4450)
4(4450 4451 4527 4526)
4(4526 4527 4603 4602)
4(4602 4603 4679 4678)
4(2399 2400 2476 2475)
4(2475 2476 2552 2551)
4(2551 2552 2628 2627)
4(2627 2628 2704 2703)
4(2703 2704 2780 2779)
4(2779 2780 2856 2855)
4(2855 2856 2932 2931)
4(2931 2932 3008 3007)
4(3007 3008 3084 3083)
4(3083 3084 3160 3159)
4(3159 3160 3236 3235)
4(3235 3236 3312 3311)
4(3311 3312 3388 3387)
4(3387 3388 3464 3463)
4(3463 3464 3540 3539)
4(3539 3540 3616 3615)
4(3615 3616 3692 3691)
4(3691 3692 3768 3767)
4(3767 3768 3844 3843)
4(3843 3844 3920 3919)
4(3919 3920 3996 3995)
4(3995 3996 4072 4071)
4(4071 4072 4148 4147)
4(4147 4148 4224 4223)
4(4223 4224 4300 4299)
4(4299 4300 4376 4375)
4(4375 4376 4452 4451)
4(4451 4452 4528 4527)
4(4527 4528 4604 4603)
4(4603 4604 4680 4679)
4(2400 2401 2477 2476)
4(2476 2477 2553 2552)
4(2552 2553 2629 2628)
4(2628 2629 2705 2704)
4(2704 2705 2781 2780)
4(2780 2781 2857 2856)
4(2856 2857 2933 2932)
4(2932 2933 3009 3008)
4(3008 3009 3085 3084)
4(3084 3085 3161 3160)
4(3160 3161 3237 3236)
4(3236 3237 3313 3312)
4(3312 3313 3389 3388)
4(3388 3389 3465 3464)
4(3464 3465 3541 3540)
4(3540 3541 3617 3616)
4(3616 3617 3693 3692)
4(3692 3693 3769 3768)
4(3768 3769 3845 3844)
4(3844 3845 3921 3920)
4(3920 3921 3997 3996)
4(3996 3997 4073 4072)
4(4072 4073 4149 4148)
4(4148 4149 4225 4224)
4(4224 4225 4301 4300)
4(4300 4301 4377 4376)
4(4376 4377 4453 4452)
4(4452 4453 4529 4528)
4(4528 4529 4605 4604)
4(4604 4605 4681 4680)
4(2401 2402 2478 2477)
4(2477 2478 2554 2553)
4(2553 2554 2630 2629)
4(2629 2630 2706 2705)
4(2705 2706 2782 2781)
4(2781 2782 2858 2857)
4(2857 2858 2934 2933)
4(2933 2934 3010 3009)
4(3009 3010 3086 3085)
4(3085 3086 3162 3161)
4(3161 3162 3238 3237)
4(3237 3238 3314 3313)
4(3313 3314 3390 3389)
4(3389 3390 3466 3465)
4(3465 3466 3542 3541)
4(3541 3542 3618 3617)
4(3617 3618 3694 3693)
4(3693 3694 3770 3769)
4(3769 3770 3846 3845)
4(3845 3846 3922 3921)
4(3921 3922 3998 3997)
4(3997 3998 4074 4073)
4(4073 4074 4150 4149)
4(4149 4150 4226 4225)
4(4225 4226 4302 4301)
4(4301 4302 4378 4377)
4(4377 4378 4454 4453)
4(4453 4454 4530 4529)
4(4529 4530 4606 4605)
4(4605 4606 4682 4681)
4(2402 2403 2479 2478)
4(2478 2479 2555 2554)
4(2554 2555 2631 2630)
4(2630 2631 2707 2706)
4(2706 2707 2783 2782)
4(2782 2783 2859 2858)
4(2858 2859 2935 2934)
4(2934 2935 3011 3010)
4(3010 3011 3087 3086)
4(3086 3087 3163 3162)
4(3162 3163 3239 3238)
4(3238 3239 3315 3314)
4(3314 3315 3391 3390)
4(3390 3391 3467 3466)
4(3466 3467 3543 3542)
4(3542 3543 3619 3618)
4(3618 3619 3695 3694)
4(3694 3695 3771 3770)
4(3770 3771 3847 3846)
4(3846 3847 3923 3922)
4(3922 3923 3999 3998)
4(3998 3999 4075 4074)
4(4074 4075 4151 4150)
4(4150 4151 4227 4226)
4(4226 4227 4303 4302)
4(4302 4303 4379 4378)
4(4378 4379 4455 4454)
4(4454 4455 4531 4530)
4(4530 4531 4607 4606)
4(4606 4607 4683 4682)
4(2403 2404 2480 2479)
4(2479 2480 2556 2555)
4(2555 2556 2632 2631)
4(2631 2632 2708 2707)
4(2707 2708 2784 2783)
4(2783 2784 2860 2859)
4(2859 2860 2936 2935)
4(2935 2936 3012 3011)
4(3011 3012 3088 3087)
4(3087 3088 3164 3163)
4(3163 3164 3240 3239)
4(3239 3240 3316 3315)
4(3315 3316 3392 3391)
4(3391 3392 3468 3467)
4(3467 3468 3544 3543)
4(3543 3544 3620 3619)
4(3619 3620 3696 3695)
4(3695 3696 3772 3771)
4(3771 3772 3848 3847)
4(3847 3848 3924 3923)
4(3923 3924 4000 3999)
4(3999 4000 4076 4075)
4(4075 4076 4152 4151)
4(4151 4152 4228 4227)
4(4227 4228 4304 4303)
4(4303 4304 4380 4379)
4(4379 4380 4456 4455)
4(4455 4456 4532 4531)
4(4531 4532 4608 4607)
4(4607 4608 4684 4683)
4(2404 2405 2481 2480)
4(2480 2481 2557 2556)
4(2556 2557 2633 2632)
4(2632 2633 2709 2708)
4(2708 2709 2785 2784)
4(2784 2785 2861 2860)
4(2860 2861 2937 2936)
4(2936 2937 3013 3012)
4(3012 3013 3089 3088)
4(3088 3089 3165 3164)
4(3164 3165 3241 3240)
4(3240 3241 3317 3316)
4(3316 3317 3393 3392)
4(3392 3393 3469 3468)
4(3468 3469 3545 3544)
4(3544 3545 3621 3620)
4(3620 3621 3697 3696)
4(3696 3697 3773 3772)
4(3772 3773 3849 3848)
4(3848 3849 3925 3924)
4(3924 3925 4001 4000)
4(4000 4001 4077 4076)
4(4076 4077 4153 4152)
4(4152 4153 4229 4228)
4(4228 4229 4305 4304)
4(4304 4305 4381 4380)
4(4380 4381 4457 4456)
4(4456 4457 4533 4532)
4(4532 4533 4609 4608)
4(4608 4609 4685 4684)
4(2405 2406 2482 2481)
4(2481 2482 2558 2557)
4(2557 2558 2634 2633)
4(2633 2634 2710 2709)
4(2709 2710 2786 2785)
4(2785 2786 2862 2861)
4(2861 2862 2938 2937)
4(2937 2938 3014 3013)
4(3013 3014 3090 3089)
4(3089 3090 3166 3165)
4(3165 3166 3242 3241)
4(3241 3242 3318 3317)
4(3317 3318 3394 3393)
4(3393 3394 3470 3469)
4(3469 3470 3546 3545)
4(3545 3546 3622 3621)
4(3621 3622 3698 3697)
4(3697 3698 3774 3773)
4(3773 3774 3850 3849)
4(3849 3850 3926 3925)
4(3925 3926 4002 4001)
4(4001 4002 4078 4077)
4(4077 4078 4154 4153)
4(4153 4154 4230 4229)
4(4229 4230 4306 4305)
4(4305 4306 4382 4381)
4(4381 4382 4458 4457)
4(4457 4458 4534 4533)
4(4533 4534 4610 4609)
4(4609 4610 4686 4685)
4(2406 2407 2483 2482)
4(2482 2483 2559 2558)
4(2558 2559 2635 2634)
4(2634 2635 2711 2710)
4(2710 2711 2787 2786)
4(2786 2787 2863 2862)
4(2862 2863 2939 2938)
4(2938 2939 3015 3014)
4(3014 3015 3091 3090)
4(3090 3091 3167 3166)
4(3166 3167 3243 3242)
4(3242 3243 3319 3318)
4(3318 3319 3395 3394)
4(3394 3395 3471 3470)
4(3470 3471 3547 3546)
4(3546 3547 3623 3622)
4(3622 3623 3699 3698)
4(3698 3699 3775 3774)
4(3774 3775 3851 3850)
4(3850 3851 3927 3926)
4(3926 3927 4003 4002)
4(4002 4003 4079 4078)
4(4078 4079 4155 4154)
4(4154 4155 4231 4230)
4(4230 4231 4307 4306)
4(4306 4307 4383 4382)
4(4382 4383 4459 4458)
4(4458 4459 4535 4534)
4(4534 4535 4611 4610)
4(4610 4611 4687 4686)
4(2407 2408 2484 2483)
4(2483 2484 2560 2559)
4(2559 2560 2636 2635)
4(2635 2636 2712 2711)
4(2711 2712 2788 2787)
4(2787 2788 2864 2863)
4(2863 2864 2940 2939)
4(2939 2940 3016 3015)
4(3015 3016 3092 3091)
4(3091 3092 3168 3167)
4(3167 3168 3244 3243)
4(3243 3244 3320 3319)
4(3319 3320 3396 3395)
4(3395 3396 3472 3471)
4(3471 3472 3548 3547)
4(3547 3548 3624 3623)
4(3623 3624 3700 3699)
4(3699 3700 3776 3775)
4(3775 3776 3852 3851)
4(3851 3852 3928 3927)
4(3927 3928 4004 4003)
4(4003 4004 4080 4079)
4(4079 4080 4156 4155)
4(4155 4156 4232 4231)
4(4231 4232 4308 4307)
4(4307 4308 4384 4383)
4(4383 4384 4460 4459)
4(4459 4460 4536 4535)
4(4535 4536 4612 4611)
4(4611 4612 4688 4687)
4(2408 2409 2485 2484)
4(2484 2485 2561 2560)
4(2560 2561 2637 2636)
4(2636 2637 2713 2712)
4(2712 2713 2789 2788)
4(2788 2789 2865 2864)
4(2864 2865 2941 2940)
4(2940 2941 3017 3016)
4(3016 3017 3093 3092)
4(3092 3093 3169 3168)
4(3168 3169 3245 3244)
4(3244 3245 3321 3320)
4(3320 3321 3397 3396)
4(3396 3397 3473 3472)
4(3472 3473 3549 3548)
4(3548 3549 3625 3624)
4(3624 3625 3701 3700)
4(3700 3701 3777 3776)
4(3776 3777 3853 3852)
4(3852 3853 3929 3928)
4(3928 3929 4005 4004)
4(4004 4005 4081 4080)
4(4080 4081 4157 4156)
4(4156 4157 4233 4232)
4(4232 4233 4309 4308)
4(4308 4309 4385 4384)
4(4384 4385 4461 4460)
4(4460 4461 4537 4536)
4(4536 4537 4613 4612)
4(4612 4613 4689 4688)
4(2409 2410 2486 2485)
4(2485 2486 2562 2561)
4(2561 2562 2638 2637)
4(2637 2638 2714 2713)
4(2713 2714 2790 2789)
4(2789 2790 2866 2865)
4(2865 2866 2942 2941)
4(2941 2942 3018 3017)
4(3017 3018 3094 3093)
4(3093 3094 3170 3169)
4(3169 3170 3246 3245)
4(3245 3246 3322 3321)
4(3321 3322 3398 3397)
4(3397 3398 3474 3473)
4(3473 3474 3550 3549)
4(3549 3550 3626 3625)
4(3625 3626 3702 3701)
4(3701 3702 3778 3777)
4(3777 3778 3854 3853)
4(3853 3854 3930 3929)
4(3929 3930 4006 4005)
4(4005 4006 4082 4081)
4(4081 4082 4158 4157)
4(4157 4158 4234 4233)
4(4233 4234 4310 4309)
4(4309 4310 4386 4385)
4(4385 4386 4462 4461)
4(4461 4462 4538 4537)
4(4537 4538 4614 4613)
4(4613 4614 4690 4689)
4(2410 2411 2487 2486)
4(2486 2487 2563 2562)
4(2562 2563 2639 2638)
4(2638 2639 2715 2714)
4(2714 2715 2791 2790)
4(2790 2791 2867 2866)
4(2866 2867 2943 2942)
4(2942 2943 3019 3018)
4(3018 3019 3095 3094)
4(3094 3095 3171 3170)
4(3170 3171 3247 3246)
4(3246 3247 3323 3322)
4(3322 3323 3399 3398)
4(3398 3399 3475 3474)
4(3474 3475 3551 3550)
4(3550 3551 3627 3626)
4(3626 3627 3703 3702)
4(3702 3703 3779 3778)
4(3778 3779 3855 3854)
4(3854 3855 3931 3930)
4(3930 3931 4007 4006)
4(4006 4007 4083 4082)
4(4082 4083 4159 4158)
4(4158 4159 4235 4234)
4(4234 4235 4311 4310)
4(4310 4311 4387 4386)
4(4386 4387 4463 4462)
4(4462 4463 4539 4538)
4(4538 4539 4615 4614)
4(4614 4615 4691 4690)
4(2411 2412 2488 2487)
4(2487 2488 2564 2563)
4(2563 2564 2640 2639)
4(2639 2640 2716 2715)
4(2715 2716 2792 2791)
4(2791 2792 2868 2867)
4(2867 2868 2944 2943)
4(2943 2944 3020 3019)
4(3019 3020 3096 3095)
4(3095 3096 3172 3171)
4(3171 3172 3248 3247)
4(3247 3248 3324 3323)
4(3323 3324 3400 3399)
4(3399 3400 3476 3475)
4(3475 3476 3552 3551)
4(3551 3552 3628 3627)
4(3627 3628 3704 3703)
4(3703 3704 3780 3779)
4(3779 3780 3856 3855)
4(3855 3856 3932 3931)
4(3931 3932 4008 4007)
4(4007 4008 4084 4083)
4(4083 4084 4160 4159)
4(4159 4160 4236 4235)
4(4235 4236 4312 4311)
4(4311 4312 4388 4387)
4(4387 4388 4464 4463)
4(4463 4464 4540 4539)
4(4539 4540 4616 4615)
4(4615 4616 4692 4691)
4(2412 2413 2489 2488)
4(2488 2489 2565 2564)
4(2564 2565 2641 2640)
4(2640 2641 2717 2716)
4(2716 2717 2793 2792)
4(2792 2793 2869 2868)
4(2868 2869 2945 2944)
4(2944 2945 3021 3020)
4(3020 3021 3097 3096)
4(3096 3097 3173 3172)
4(3172 3173 3249 3248)
4(3248 3249 3325 3324)
4(3324 3325 3401 3400)
4(3400 3401 3477 3476)
4(3476 3477 3553 3552)
4(3552 3553 3629 3628)
4(3628 3629 3705 3704)
4(3704 3705 3781 3780)
4(3780 3781 3857 3856)
4(3856 3857 3933 3932)
4(3932 3933 4009 4008)
4(4008 4009 4085 4084)
4(4084 4085 4161 4160)
4(4160 4161 4237 4236)
4(4236 4237 4313 4312)
4(4312 4313 4389 4388)
4(4388 4389 4465 4464)
4(4464 4465 4541 4540)
4(4540 4541 4617 4616)
4(4616 4617 4693 4692)
4(2413 2414 2490 2489)
4(2489 2490 2566 2565)
4(2565 2566 2642 2641)
4(2641 2642 2718 2717)
4(2717 2718 2794 2793)
4(2793 2794 2870 2869)
4(2869 2870 2946 2945)
4(2945 2946 3022 3021)
4(3021 3022 3098 3097)
4(3097 3098 3174 3173)
4(3173 3174 3250 3249)
4(3249 3250 3326 3325)
4(3325 3326 3402 3401)
4(3401 3402 3478 3477)
4(3477 3478 3554 3553)
4(3553 3554 3630 3629)
4(3629 3630 3706 3705)
4(3705 3706 3782 3781)
4(3781 3782 3858 3857)
4(3857 3858 3934 3933)
4(3933 3934 4010 4009)
4(4009 4010 4086 4085)
4(4085 4086 4162 4161)
4(4161 4162 4238 4237)
4(4237 4238 4314 4313)
4(4313 4314 4390 4389)
4(4389 4390 4466 4465)
4(4465 4466 4542 4541)
4(4541 4542 4618 4617)
4(4617 4618 4694 4693)
4(2414 2415 2491 2490)
4(2490 2491 2567 2566)
4(2566 2567 2643 2642)
4(2642 2643 2719 2718)
4(2718 2719 2795 2794)
4(2794 2795 2871 2870)
4(2870 2871 2947 2946)
4(2946 2947 3023 3022)
4(3022 3023 3099 3098)
4(3098 3099 3175 3174)
4(3174 3175 3251 3250)
4(3250 3251 3327 3326)
4(3326 3327 3403 3402)
4(3402 3403 3479 3478)
4(3478 3479 3555 3554)
4(3554 3555 3631 3630)
4(3630 3631 3707 3706)
4(3706 3707 3783 3782)
4(3782 3783 3859 3858)
4(3858 3859 3935 3934)
4(3934 3935 4011 4010)
4(4010 4011 4087 4086)
4(4086 4087 4163 4162)
4(4162 4163 4239 4238)
4(4238 4239 4315 4314)
4(4314 4315 4391 4390)
4(4390 4391 4467 4466)
4(4466 4467 4543 4542)
4(4542 4543 4619 4618)
4(4618 4619 4695 4694)
4(2415 2416 2492 2491)
4(2491 2492 2568 2567)
4(2567 2568 2644 2643)
4(2643 2644 2720 2719)
4(2719 2720 2796 2795)
4(2795 2796 2872 2871)
4(2871 2872 2948 2947)
4(2947 2948 3024 3023)
4(3023 3024 3100 3099)
4(3099 3100 3176 3175)
4(3175 3176 3252 3251)
4(3251 3252 3328 3327)
4(3327 3328 3404 3403)
4(3403 3404 3480 3479)
4(3479 3480 3556 3555)
4(3555 3556 3632 3631)
4(3631 3632 3708 3707)
4(3707 3708 3784 3783)
4(3783 3784 3860 3859)
4(3859 3860 3936 3935)
4(3935 3936 4012 4011)
4(4011 4012 4088 4087)
4(4087 4088 4164 4163)
4(4163 4164 4240 4239)
4(4239 4240 4316 4315)
4(4315 4316 4392 4391)
4(4391 4392 4468 4467)
4(4467 4468 4544 4543)
4(4543 4544 4620 4619)
4(4619 4620 4696 4695)
4(2416 2417 2493 2492)
4(2492 2493 2569 2568)
4(2568 2569 2645 2644)
4(2644 2645 2721 2720)
4(2720 2721 2797 2796)
4(2796 2797 2873 2872)
4(2872 2873 2949 2948)
4(2948 2949 3025 3024)
4(3024 3025 3101 3100)
4(3100 3101 3177 3176)
4(3176 3177 3253 3252)
4(3252 3253 3329 3328)
4(3328 3329 3405 3404)
4(3404 3405 3481 3480)
4(3480 3481 3557 3556)
4(3556 3557 3633 3632)
4(3632 3633 3709 3708)
4(3708 3709 3785 3784)
4(3784 3785 3861 3860)
4(3860 3861 3937 3936)
4(3936 3937 4013 4012)
4(4012 4013 4089 4088)
4(4088 4089 4165 4164)
4(4164 4165 4241 4240)
4(4240 4241 4317 4316)
4(4316 4317 4393 4392)
4(4392 4393 4469 4468)
4(4468 4469 4545 4544)
4(4544 4545 4621 4620)
4(4620 4621 4697 4696)
4(2417 2418 2494 2493)
4(2493 2494 2570 2569)
4(2569 2570 2646 2645)
4(2645 2646 2722 2721)
4(2721 2722 2798 2797)
4(2797 2798 2874 2873)
4(2873 2874 2950 2949)
4(2949 2950 3026 3025)
4(3025 3026 3102 3101)
4(3101 3102 3178 3177)
4(3177 3178 3254 3253)
4(3253 3254 3330 3329)
4(3329 3330 3406 3405)
4(3405 3406 3482 3481)
4(3481 3482 3558 3557)
4(3557 3558 3634 3633)
4(3633 3634 3710 3709)
4(3709 3710 3786 3785)
4(3785 3786 3862 3861)
4(3861 3862 3938 3937)
4(3937 3938 4014 4013)
4(4013 4014 4090 4089)
4(4089 4090 4166 4165)
4(4165 4166 4242 4241)
4(4241 4242 4318 4317)
4(4317 4318 4394 4393)
4(4393 4394 4470 4469)
4(4469 4470 4546 4545)
4(4545 4546 4622 4621)
4(4621 4622 4698 4697)
4(2418 2419 2495 2494)
4(2494 2495 2571 2570)
4(2570 2571 2647 2646)
4(2646 2647 2723 2722)
4(2722 2723 2799 2798)
4(2798 2799 2875 2874)
4(2874 2875 2951 2950)
4(2950 2951 3027 3026)
4(3026 3027 3103 3102)
4(3102 3103 3179 3178)
4(3178 3179 3255 3254)
4(3254 3255 3331 3330)
4(3330 3331 3407 3406)
4(3406 3407 3483 3482)
4(3482 3483 3559 3558)
4(3558 3559 3635 3634)
4(3634 3635 3711 3710)
4(3710 3711 3787 3786)
4(3786 3787 3863 3862)
4(3862 3863 3939 3938)
4(3938 3939 4015 4014)
4(4014 4015 4091 4090)
4(4090 4091 4167 4166)
4(4166 4167 4243 4242)
4(4242 4243 4319 4318)
4(4318 4319 4395 4394)
4(4394 4395 4471 4470)
4(4470 4471 4547 4546)
4(4546 4547 4623 4622)
4(4622 4623 4699 4698)
4(2419 2420 2496 2495)
4(2495 2496 2572 2571)
4(2571 2572 2648 2647)
4(2647 2648 2724 2723)
4(2723 2724 2800 2799)
4(2799 2800 2876 2875)
4(2875 2876 2952 2951)
4(2951 2952 3028 3027)
4(3027 3028 3104 3103)
4(3103 3104 3180 3179)
4(3179 3180 3256 3255)
4(3255 3256 3332 3331)
4(3331 3332 3408 3407)
4(3407 3408 3484 3483)
4(3483 3484 3560 3559)
4(3559 3560 3636 3635)
4(3635 3636 3712 3711)
4(3711 3712 3788 3787)
4(3787 3788 3864 3863)
4(3863 3864 3940 3939)
4(3939 3940 4016 4015)
4(4015 4016 4092 4091)
4(4091 4092 4168 4167)
4(4167 4168 4244 4243)
4(4243 4244 4320 4319)
4(4319 4320 4396 4395)
4(4395 4396 4472 4471)
4(4471 4472 4548 4547)
4(4547 4548 4624 4623)
4(4623 4624 4700 4699)
4(2420 2421 2497 2496)
4(2496 2497 2573 2572)
4(2572 2573 2649 2648)
4(2648 2649 2725 2724)
4(2724 2725 2801 2800)
4(2800 2801 2877 2876)
4(2876 2877 2953 2952)
4(2952 2953 3029 3028)
4(3028 3029 3105 3104)
4(3104 3105 3181 3180)
4(3180 3181 3257 3256)
4(3256 3257 3333 3332)
4(3332 3333 3409 3408)
4(3408 3409 3485 3484)
4(3484 3485 3561 3560)
4(3560 3561 3637 3636)
4(3636 3637 3713 3712)
4(3712 3713 3789 3788)
4(3788 3789 3865 3864)
4(3864 3865 3941 3940)
4(3940 3941 4017 4016)
4(4016 4017 4093 4092)
4(4092 4093 4169 4168)
4(4168 4169 4245 4244)
4(4244 4245 4321 4320)
4(4320 4321 4397 4396)
4(4396 4397 4473 4472)
4(4472 4473 4549 4548)
4(4548 4549 4625 4624)
4(4624 4625 4701 4700)
4(2421 2422 2498 2497)
4(2497 2498 2574 2573)
4(2573 2574 2650 2649)
4(2649 2650 2726 2725)
4(2725 2726 2802 2801)
4(2801 2802 2878 2877)
4(2877 2878 2954 2953)
4(2953 2954 3030 3029)
4(3029 3030 3106 3105)
4(3105 3106 3182 3181)
4(3181 3182 3258 3257)
4(3257 3258 3334 3333)
4(3333 3334 3410 3409)
4(3409 3410 3486 3485)
4(3485 3486 3562 3561)
4(3561 3562 3638 3637)
4(3637 3638 3714 3713)
4(3713 3714 3790 3789)
4(3789 3790 3866 3865)
4(3865 3866 3942 3941)
4(3941 3942 4018 4017)
4(4017 4018 4094 4093)
4(4093 4094 4170 4169)
4(4169 4170 4246 4245)
4(4245 4246 4322 4321)
4(4321 4322 4398 4397)
4(4397 4398 4474 4473)
4(4473 4474 4550 4549)
4(4549 4550 4626 4625)
4(4625 4626 4702 4701)
4(2422 2423 2499 2498)
4(2498 2499 2575 2574)
4(2574 2575 2651 2650)
4(2650 2651 2727 2726)
4(2726 2727 2803 2802)
4(2802 2803 2879 2878)
4(2878 2879 2955 2954)
4(2954 2955 3031 3030)
4(3030 3031 3107 3106)
4(3106 3107 3183 3182)
4(3182 3183 3259 3258)
4(3258 3259 3335 3334)
4(3334 3335 3411 3410)
4(3410 3411 3487 3486)
4(3486 3487 3563 3562)
4(3562 3563 3639 3638)
4(3638 3639 3715 3714)
4(3714 3715 3791 3790)
4(3790 3791 3867 3866)
4(3866 3867 3943 3942)
4(3942 3943 4019 4018)
4(4018 4019 4095 4094)
4(4094 4095 4171 4170)
4(4170 4171 4247 4246)
4(4246 4247 4323 4322)
4(4322 4323 4399 4398)
4(4398 4399 4475 4474)
4(4474 4475 4551 4550)
4(4550 4551 4627 4626)
4(4626 4627 4703 4702)
4(2423 2424 2500 2499)
4(2499 2500 2576 2575)
4(2575 2576 2652 2651)
4(2651 2652 2728 2727)
4(2727 2728 2804 2803)
4(2803 2804 2880 2879)
4(2879 2880 2956 2955)
4(2955 2956 3032 3031)
4(3031 3032 3108 3107)
4(3107 3108 3184 3183)
4(3183 3184 3260 3259)
4(3259 3260 3336 3335)
4(3335 3336 3412 3411)
4(3411 3412 3488 3487)
4(3487 3488 3564 3563)
4(3563 3564 3640 3639)
4(3639 3640 3716 3715)
4(3715 3716 3792 3791)
4(3791 3792 3868 3867)
4(3867 3868 3944 3943)
4(3943 3944 4020 4019)
4(4019 4020 4096 4095)
4(4095 4096 4172 4171)
4(4171 4172 4248 4247)
4(4247 4248 4324 4323)
4(4323 4324 4400 4399)
4(4399 4400 4476 4475)
4(4475 4476 4552 4551)
4(4551 4552 4628 4627)
4(4627 4628 4704 4703)
4(2424 2425 2501 2500)
4(2500 2501 2577 2576)
4(2576 2577 2653 2652)
4(2652 2653 2729 2728)
4(2728 2729 2805 2804)
4(2804 2805 2881 2880)
4(2880 2881 2957 2956)
4(2956 2957 3033 3032)
4(3032 3033 3109 3108)
4(3108 3109 3185 3184)
4(3184 3185 3261 3260)
4(3260 3261 3337 3336)
4(3336 3337 3413 3412)
4(3412 3413 3489 3488)
4(3488 3489 3565 3564)
4(3564 3565 3641 3640)
4(3640 3641 3717 3716)
4(3716 3717 3793 3792)
4(3792 3793 3869 3868)
4(3868 3869 3945 3944)
4(3944 3945 4021 4020)
4(4020 4021 4097 4096)
4(4096 4097 4173 4172)
4(4172 4173 4249 4248)
4(4248 4249 4325 4324)
4(4324 4325 4401 4400)
4(4400 4401 4477 4476)
4(4476 4477 4553 4552)
4(4552 4553 4629 4628)
4(4628 4629 4705 4704)
4(2425 2426 2502 2501)
4(2501 2502 2578 2577)
4(2577 2578 2654 2653)
4(2653 2654 2730 2729)
4(2729 2730 2806 2805)
4(2805 2806 2882 2881)
4(2881 2882 2958 2957)
4(2957 2958 3034 3033)
4(3033 3034 3110 3109)
4(3109 3110 3186 3185)
4(3185 3186 3262 3261)
4(3261 3262 3338 3337)
4(3337 3338 3414 3413)
4(3413 3414 3490 3489)
4(3489 3490 3566 3565)
4(3565 3566 3642 3641)
4(3641 3642 3718 3717)
4(3717 3718 3794 3793)
4(3793 3794 3870 3869)
4(3869 3870 3946 3945)
4(3945 3946 4022 4021)
4(4021 4022 4098 4097)
4(4097 4098 4174 4173)
4(4173 4174 4250 4249)
4(4249 4250 4326 4325)
4(4325 4326 4402 4401)
4(4401 4402 4478 4477)
4(4477 4478 4554 4553)
4(4553 4554 4630 4629)
4(4629 4630 4706 4705)
4(2426 2427 2503 2502)
4(2502 2503 2579 2578)
4(2578 2579 2655 2654)
4(2654 2655 2731 2730)
4(2730 2731 2807 2806)
4(2806 2807 2883 2882)
4(2882 2883 2959 2958)
4(2958 2959 3035 3034)
4(3034 3035 3111 3110)
4(3110 3111 3187 3186)
4(3186 3187 3263 3262)
4(3262 3263 3339 3338)
4(3338 3339 3415 3414)
4(3414 3415 3491 3490)
4(3490 3491 3567 3566)
4(3566 3567 3643 3642)
4(3642 3643 3719 3718)
4(3718 3719 3795 3794)
4(3794 3795 3871 3870)
4(3870 3871 3947 3946)
4(3946 3947 4023 4022)
4(4022 4023 4099 4098)
4(4098 4099 4175 4174)
4(4174 4175 4251 4250)
4(4250 4251 4327 4326)
4(4326 4327 4403 4402)
4(4402 4403 4479 4478)
4(4478 4479 4555 4554)
4(4554 4555 4631 4630)
4(4630 4631 4707 4706)
4(2427 2428 2504 2503)
4(2503 2504 2580 2579)
4(2579 2580 2656 2655)
4(2655 2656 2732 2731)
4(2731 2732 2808 2807)
4(2807 2808 2884 2883)
4(2883 2884 2960 2959)
4(2959 2960 3036 3035)
4(3035 3036 3112 3111)
4(3111 3112 3188 3187)
4(3187 3188 3264 3263)
4(3263 3264 3340 3339)
4(3339 3340 3416 3415)
4(3415 3416 3492 3491)
4(3491 3492 3568 3567)
4(3567 3568 3644 3643)
4(3643 3644 3720 3719)
4(3719 3720 3796 3795)
4(3795 3796 3872 3871)
4(3871 3872 3948 3947)
4(3947 3948 4024 4023)
4(4023 4024 4100 4099)
4(4099 4100 4176 4175)
4(4175 4176 4252 4251)
4(4251 4252 4328 4327)
4(4327 4328 4404 4403)
4(4403 4404 4480 4479)
4(4479 4480 4556 4555)
4(4555 4556 4632 4631)
4(4631 4632 4708 4707)
4(2428 2429 2505 2504)
4(2504 2505 2581 2580)
4(2580 2581 2657 2656)
4(2656 2657 2733 2732)
4(2732 2733 2809 2808)
4(2808 2809 2885 2884)
4(2884 2885 2961 2960)
4(2960 2961 3037 3036)
4(3036 3037 3113 3112)
4(3112 3113 3189 3188)
4(3188 3189 3265 3264)
4(3264 3265 3341 3340)
4(3340 3341 3417 3416)
4(3416 3417 3493 3492)
4(3492 3493 3569 3568)
4(3568 3569 3645 3644)
4(3644 3645 3721 3720)
4(3720 3721 3797 3796)
4(3796 3797 3873 3872)
4(3872 3873 3949 3948)
4(3948 3949 4025 4024)
4(4024 4025 4101 4100)
4(4100 4101 4177 4176)
4(4176 4177 4253 4252)
4(4252 4253 4329 4328)
4(4328 4329 4405 4404)
4(4404 4405 4481 4480)
4(4480 4481 4557 4556)
4(4556 4557 4633 4632)
4(4632 4633 4709 4708)
4(2429 2430 2506 2505)
4(2505 2506 2582 2581)
4(2581 2582 2658 2657)
4(2657 2658 2734 2733)
4(2733 2734 2810 2809)
4(2809 2810 2886 2885)
4(2885 2886 2962 2961)
4(2961 2962 3038 3037)
4(3037 3038 3114 3113)
4(3113 3114 3190 3189)
4(3189 3190 3266 3265)
4(3265 3266 3342 3341)
4(3341 3342 3418 3417)
4(3417 3418 3494 3493)
4(3493 3494 3570 3569)
4(3569 3570 3646 3645)
4(3645 3646 3722 3721)
4(3721 3722 3798 3797)
4(3797 3798 3874 3873)
4(3873 3874 3950 3949)
4(3949 3950 4026 4025)
4(4025 4026 4102 4101)
4(4101 4102 4178 4177)
4(4177 4178 4254 4253)
4(4253 4254 4330 4329)
4(4329 4330 4406 4405)
4(4405 4406 4482 4481)
4(4481 4482 4558 4557)
4(4557 4558 4634 4633)
4(4633 4634 4710 4709)
4(2430 2431 2507 2506)
4(2506 2507 2583 2582)
4(2582 2583 2659 2658)
4(2658 2659 2735 2734)
4(2734 2735 2811 2810)
4(2810 2811 2887 2886)
4(2886 2887 2963 2962)
4(2962 2963 3039 3038)
4(3038 3039 3115 3114)
4(3114 3115 3191 3190)
4(3190 3191 3267 3266)
4(3266 3267 3343 3342)
4(3342 3343 3419 3418)
4(3418 3419 3495 3494)
4(3494 3495 3571 3570)
4(3570 3571 3647 3646)
4(3646 3647 3723 3722)
4(3722 3723 3799 3798)
4(3798 3799 3875 3874)
4(3874 3875 3951 3950)
4(3950 3951 4027 4026)
4(4026 4027 4103 4102)
4(4102 4103 4179 4178)
4(4178 4179 4255 4254)
4(4254 4255 4331 4330)
4(4330 4331 4407 4406)
4(4406 4407 4483 4482)
4(4482 4483 4559 4558)
4(4558 4559 4635 4634)
4(4634 4635 4711 4710)
)


// ************************************************************************* //
