/*--------------------------------*- C++ -*----------------------------------*\
| =========                 |                                                 |
| \\      /  F ield         | foam-extend: Open Source CFD                    |
|  \\    /   O peration     | Version:     4.0                                |
|   \\  /    A nd           | Web:         http://www.foam-extend.org         |
|    \\/     M anipulation  |                                                 |
\*---------------------------------------------------------------------------*/
FoamFile
{
    version     2.0;
    format      ascii;
    class       vectorField;
    location    "constant/polyMesh";
    object      points;
}
// * * * * * * * * * * * * * * * * * * * * * * * * * * * * * * * * * * * * * //


4712
(
(0 0 0)
(2.66666666666667e-05 0 0)
(5.33333333333333e-05 0 0)
(8e-05 0 0)
(0.000106666666666667 0 0)
(0.000133333333333333 0 0)
(0.00016 0 0)
(0.000186666666666667 0 0)
(0.000213333333333333 0 0)
(0.00024 0 0)
(0.000266666666666667 0 0)
(0.000293333333333333 0 0)
(0.00032 0 0)
(0.000346666666666667 0 0)
(0.000373333333333333 0 0)
(0.0004 0 0)
(0.000426666666666667 0 0)
(0.000453333333333333 0 0)
(0.00048 0 0)
(0.000506666666666667 0 0)
(0.000533333333333333 0 0)
(0.00056 0 0)
(0.000586666666666667 0 0)
(0.000613333333333333 0 0)
(0.00064 0 0)
(0.000666666666666667 0 0)
(0.000693333333333333 0 0)
(0.00072 0 0)
(0.000746666666666667 0 0)
(0.000773333333333333 0 0)
(0.0008 0 0)
(0.000826666666666667 0 0)
(0.000853333333333333 0 0)
(0.00088 0 0)
(0.000906666666666667 0 0)
(0.000933333333333333 0 0)
(0.00096 0 0)
(0.000986666666666667 0 0)
(0.00101333333333333 0 0)
(0.00104 0 0)
(0.00106666666666667 0 0)
(0.00109333333333333 0 0)
(0.00112 0 0)
(0.00114666666666667 0 0)
(0.00117333333333333 0 0)
(0.0012 0 0)
(0.00122666666666667 0 0)
(0.00125333333333333 0 0)
(0.00128 0 0)
(0.00130666666666667 0 0)
(0.00133333333333333 0 0)
(0.00136 0 0)
(0.00138666666666667 0 0)
(0.00141333333333333 0 0)
(0.00144 0 0)
(0.00146666666666667 0 0)
(0.00149333333333333 0 0)
(0.00152 0 0)
(0.00154666666666667 0 0)
(0.00157333333333333 0 0)
(0.0016 0 0)
(0.00162666666666667 0 0)
(0.00165333333333333 0 0)
(0.00168 0 0)
(0.00170666666666667 0 0)
(0.00173333333333333 0 0)
(0.00176 0 0)
(0.00178666666666667 0 0)
(0.00181333333333333 0 0)
(0.00184 0 0)
(0.00186666666666667 0 0)
(0.00189333333333333 0 0)
(0.00192 0 0)
(0.00194666666666667 0 0)
(0.00197333333333333 0 0)
(0.002 0 0)
(0 2.66666666666667e-05 0)
(2.66666666666667e-05 2.66666666666667e-05 0)
(5.33333333333333e-05 2.66666666666667e-05 0)
(8e-05 2.66666666666667e-05 0)
(0.000106666666666667 2.66666666666667e-05 0)
(0.000133333333333333 2.66666666666667e-05 0)
(0.00016 2.66666666666667e-05 0)
(0.000186666666666667 2.66666666666667e-05 0)
(0.000213333333333333 2.66666666666667e-05 0)
(0.00024 2.66666666666667e-05 0)
(0.000266666666666667 2.66666666666667e-05 0)
(0.000293333333333333 2.66666666666667e-05 0)
(0.00032 2.66666666666667e-05 0)
(0.000346666666666667 2.66666666666667e-05 0)
(0.000373333333333333 2.66666666666667e-05 0)
(0.0004 2.66666666666667e-05 0)
(0.000426666666666667 2.66666666666667e-05 0)
(0.000453333333333333 2.66666666666667e-05 0)
(0.00048 2.66666666666667e-05 0)
(0.000506666666666667 2.66666666666667e-05 0)
(0.000533333333333333 2.66666666666667e-05 0)
(0.00056 2.66666666666667e-05 0)
(0.000586666666666667 2.66666666666667e-05 0)
(0.000613333333333333 2.66666666666667e-05 0)
(0.00064 2.66666666666667e-05 0)
(0.000666666666666667 2.66666666666667e-05 0)
(0.000693333333333333 2.66666666666667e-05 0)
(0.00072 2.66666666666667e-05 0)
(0.000746666666666667 2.66666666666667e-05 0)
(0.000773333333333333 2.66666666666667e-05 0)
(0.0008 2.66666666666667e-05 0)
(0.000826666666666667 2.66666666666667e-05 0)
(0.000853333333333333 2.66666666666667e-05 0)
(0.00088 2.66666666666667e-05 0)
(0.000906666666666667 2.66666666666667e-05 0)
(0.000933333333333333 2.66666666666667e-05 0)
(0.00096 2.66666666666667e-05 0)
(0.000986666666666667 2.66666666666667e-05 0)
(0.00101333333333333 2.66666666666667e-05 0)
(0.00104 2.66666666666667e-05 0)
(0.00106666666666667 2.66666666666667e-05 0)
(0.00109333333333333 2.66666666666667e-05 0)
(0.00112 2.66666666666667e-05 0)
(0.00114666666666667 2.66666666666667e-05 0)
(0.00117333333333333 2.66666666666667e-05 0)
(0.0012 2.66666666666667e-05 0)
(0.00122666666666667 2.66666666666667e-05 0)
(0.00125333333333333 2.66666666666667e-05 0)
(0.00128 2.66666666666667e-05 0)
(0.00130666666666667 2.66666666666667e-05 0)
(0.00133333333333333 2.66666666666667e-05 0)
(0.00136 2.66666666666667e-05 0)
(0.00138666666666667 2.66666666666667e-05 0)
(0.00141333333333333 2.66666666666667e-05 0)
(0.00144 2.66666666666667e-05 0)
(0.00146666666666667 2.66666666666667e-05 0)
(0.00149333333333333 2.66666666666667e-05 0)
(0.00152 2.66666666666667e-05 0)
(0.00154666666666667 2.66666666666667e-05 0)
(0.00157333333333333 2.66666666666667e-05 0)
(0.0016 2.66666666666667e-05 0)
(0.00162666666666667 2.66666666666667e-05 0)
(0.00165333333333333 2.66666666666667e-05 0)
(0.00168 2.66666666666667e-05 0)
(0.00170666666666667 2.66666666666667e-05 0)
(0.00173333333333333 2.66666666666667e-05 0)
(0.00176 2.66666666666667e-05 0)
(0.00178666666666667 2.66666666666667e-05 0)
(0.00181333333333333 2.66666666666667e-05 0)
(0.00184 2.66666666666667e-05 0)
(0.00186666666666667 2.66666666666667e-05 0)
(0.00189333333333333 2.66666666666667e-05 0)
(0.00192 2.66666666666667e-05 0)
(0.00194666666666667 2.66666666666667e-05 0)
(0.00197333333333333 2.66666666666667e-05 0)
(0.002 2.66666666666667e-05 0)
(0 5.33333333333333e-05 0)
(2.66666666666667e-05 5.33333333333333e-05 0)
(5.33333333333333e-05 5.33333333333333e-05 0)
(8e-05 5.33333333333333e-05 0)
(0.000106666666666667 5.33333333333333e-05 0)
(0.000133333333333333 5.33333333333333e-05 0)
(0.00016 5.33333333333333e-05 0)
(0.000186666666666667 5.33333333333333e-05 0)
(0.000213333333333333 5.33333333333333e-05 0)
(0.00024 5.33333333333333e-05 0)
(0.000266666666666667 5.33333333333333e-05 0)
(0.000293333333333333 5.33333333333333e-05 0)
(0.00032 5.33333333333333e-05 0)
(0.000346666666666667 5.33333333333333e-05 0)
(0.000373333333333333 5.33333333333333e-05 0)
(0.0004 5.33333333333333e-05 0)
(0.000426666666666667 5.33333333333333e-05 0)
(0.000453333333333333 5.33333333333333e-05 0)
(0.00048 5.33333333333333e-05 0)
(0.000506666666666667 5.33333333333333e-05 0)
(0.000533333333333333 5.33333333333333e-05 0)
(0.00056 5.33333333333333e-05 0)
(0.000586666666666667 5.33333333333333e-05 0)
(0.000613333333333333 5.33333333333333e-05 0)
(0.00064 5.33333333333333e-05 0)
(0.000666666666666667 5.33333333333333e-05 0)
(0.000693333333333333 5.33333333333333e-05 0)
(0.00072 5.33333333333333e-05 0)
(0.000746666666666667 5.33333333333333e-05 0)
(0.000773333333333333 5.33333333333333e-05 0)
(0.0008 5.33333333333333e-05 0)
(0.000826666666666667 5.33333333333333e-05 0)
(0.000853333333333333 5.33333333333333e-05 0)
(0.00088 5.33333333333333e-05 0)
(0.000906666666666667 5.33333333333333e-05 0)
(0.000933333333333333 5.33333333333333e-05 0)
(0.00096 5.33333333333333e-05 0)
(0.000986666666666667 5.33333333333333e-05 0)
(0.00101333333333333 5.33333333333333e-05 0)
(0.00104 5.33333333333333e-05 0)
(0.00106666666666667 5.33333333333333e-05 0)
(0.00109333333333333 5.33333333333333e-05 0)
(0.00112 5.33333333333333e-05 0)
(0.00114666666666667 5.33333333333333e-05 0)
(0.00117333333333333 5.33333333333333e-05 0)
(0.0012 5.33333333333333e-05 0)
(0.00122666666666667 5.33333333333333e-05 0)
(0.00125333333333333 5.33333333333333e-05 0)
(0.00128 5.33333333333333e-05 0)
(0.00130666666666667 5.33333333333333e-05 0)
(0.00133333333333333 5.33333333333333e-05 0)
(0.00136 5.33333333333333e-05 0)
(0.00138666666666667 5.33333333333333e-05 0)
(0.00141333333333333 5.33333333333333e-05 0)
(0.00144 5.33333333333333e-05 0)
(0.00146666666666667 5.33333333333333e-05 0)
(0.00149333333333333 5.33333333333333e-05 0)
(0.00152 5.33333333333333e-05 0)
(0.00154666666666667 5.33333333333333e-05 0)
(0.00157333333333333 5.33333333333333e-05 0)
(0.0016 5.33333333333333e-05 0)
(0.00162666666666667 5.33333333333333e-05 0)
(0.00165333333333333 5.33333333333333e-05 0)
(0.00168 5.33333333333333e-05 0)
(0.00170666666666667 5.33333333333333e-05 0)
(0.00173333333333333 5.33333333333333e-05 0)
(0.00176 5.33333333333333e-05 0)
(0.00178666666666667 5.33333333333333e-05 0)
(0.00181333333333333 5.33333333333333e-05 0)
(0.00184 5.33333333333333e-05 0)
(0.00186666666666667 5.33333333333333e-05 0)
(0.00189333333333333 5.33333333333333e-05 0)
(0.00192 5.33333333333333e-05 0)
(0.00194666666666667 5.33333333333333e-05 0)
(0.00197333333333333 5.33333333333333e-05 0)
(0.002 5.33333333333333e-05 0)
(0 8e-05 0)
(2.66666666666667e-05 8e-05 0)
(5.33333333333333e-05 8e-05 0)
(8e-05 8e-05 0)
(0.000106666666666667 8e-05 0)
(0.000133333333333333 8e-05 0)
(0.00016 8e-05 0)
(0.000186666666666667 8e-05 0)
(0.000213333333333333 8e-05 0)
(0.00024 8e-05 0)
(0.000266666666666667 8e-05 0)
(0.000293333333333333 8e-05 0)
(0.00032 8e-05 0)
(0.000346666666666667 8e-05 0)
(0.000373333333333333 8e-05 0)
(0.0004 8e-05 0)
(0.000426666666666667 8e-05 0)
(0.000453333333333333 8e-05 0)
(0.00048 8e-05 0)
(0.000506666666666667 8e-05 0)
(0.000533333333333333 8e-05 0)
(0.00056 8e-05 0)
(0.000586666666666667 8e-05 0)
(0.000613333333333333 8e-05 0)
(0.00064 8e-05 0)
(0.000666666666666667 8e-05 0)
(0.000693333333333333 8e-05 0)
(0.00072 8e-05 0)
(0.000746666666666667 8e-05 0)
(0.000773333333333333 8e-05 0)
(0.0008 8e-05 0)
(0.000826666666666667 8e-05 0)
(0.000853333333333333 8e-05 0)
(0.00088 8e-05 0)
(0.000906666666666667 8e-05 0)
(0.000933333333333333 8e-05 0)
(0.00096 8e-05 0)
(0.000986666666666667 8e-05 0)
(0.00101333333333333 8e-05 0)
(0.00104 8e-05 0)
(0.00106666666666667 8e-05 0)
(0.00109333333333333 8e-05 0)
(0.00112 8e-05 0)
(0.00114666666666667 8e-05 0)
(0.00117333333333333 8e-05 0)
(0.0012 8e-05 0)
(0.00122666666666667 8e-05 0)
(0.00125333333333333 8e-05 0)
(0.00128 8e-05 0)
(0.00130666666666667 8e-05 0)
(0.00133333333333333 8e-05 0)
(0.00136 8e-05 0)
(0.00138666666666667 8e-05 0)
(0.00141333333333333 8e-05 0)
(0.00144 8e-05 0)
(0.00146666666666667 8e-05 0)
(0.00149333333333333 8e-05 0)
(0.00152 8e-05 0)
(0.00154666666666667 8e-05 0)
(0.00157333333333333 8e-05 0)
(0.0016 8e-05 0)
(0.00162666666666667 8e-05 0)
(0.00165333333333333 8e-05 0)
(0.00168 8e-05 0)
(0.00170666666666667 8e-05 0)
(0.00173333333333333 8e-05 0)
(0.00176 8e-05 0)
(0.00178666666666667 8e-05 0)
(0.00181333333333333 8e-05 0)
(0.00184 8e-05 0)
(0.00186666666666667 8e-05 0)
(0.00189333333333333 8e-05 0)
(0.00192 8e-05 0)
(0.00194666666666667 8e-05 0)
(0.00197333333333333 8e-05 0)
(0.002 8e-05 0)
(0 0.000106666666666667 0)
(2.66666666666667e-05 0.000106666666666667 0)
(5.33333333333333e-05 0.000106666666666667 0)
(8e-05 0.000106666666666667 0)
(0.000106666666666667 0.000106666666666667 0)
(0.000133333333333333 0.000106666666666667 0)
(0.00016 0.000106666666666667 0)
(0.000186666666666667 0.000106666666666667 0)
(0.000213333333333333 0.000106666666666667 0)
(0.00024 0.000106666666666667 0)
(0.000266666666666667 0.000106666666666667 0)
(0.000293333333333333 0.000106666666666667 0)
(0.00032 0.000106666666666667 0)
(0.000346666666666667 0.000106666666666667 0)
(0.000373333333333333 0.000106666666666667 0)
(0.0004 0.000106666666666667 0)
(0.000426666666666667 0.000106666666666667 0)
(0.000453333333333333 0.000106666666666667 0)
(0.00048 0.000106666666666667 0)
(0.000506666666666667 0.000106666666666667 0)
(0.000533333333333333 0.000106666666666667 0)
(0.00056 0.000106666666666667 0)
(0.000586666666666667 0.000106666666666667 0)
(0.000613333333333333 0.000106666666666667 0)
(0.00064 0.000106666666666667 0)
(0.000666666666666667 0.000106666666666667 0)
(0.000693333333333333 0.000106666666666667 0)
(0.00072 0.000106666666666667 0)
(0.000746666666666667 0.000106666666666667 0)
(0.000773333333333333 0.000106666666666667 0)
(0.0008 0.000106666666666667 0)
(0.000826666666666667 0.000106666666666667 0)
(0.000853333333333334 0.000106666666666667 0)
(0.00088 0.000106666666666667 0)
(0.000906666666666667 0.000106666666666667 0)
(0.000933333333333333 0.000106666666666667 0)
(0.00096 0.000106666666666667 0)
(0.000986666666666667 0.000106666666666667 0)
(0.00101333333333333 0.000106666666666667 0)
(0.00104 0.000106666666666667 0)
(0.00106666666666667 0.000106666666666667 0)
(0.00109333333333333 0.000106666666666667 0)
(0.00112 0.000106666666666667 0)
(0.00114666666666667 0.000106666666666667 0)
(0.00117333333333333 0.000106666666666667 0)
(0.0012 0.000106666666666667 0)
(0.00122666666666667 0.000106666666666667 0)
(0.00125333333333333 0.000106666666666667 0)
(0.00128 0.000106666666666667 0)
(0.00130666666666667 0.000106666666666667 0)
(0.00133333333333333 0.000106666666666667 0)
(0.00136 0.000106666666666667 0)
(0.00138666666666667 0.000106666666666667 0)
(0.00141333333333333 0.000106666666666667 0)
(0.00144 0.000106666666666667 0)
(0.00146666666666667 0.000106666666666667 0)
(0.00149333333333333 0.000106666666666667 0)
(0.00152 0.000106666666666667 0)
(0.00154666666666667 0.000106666666666667 0)
(0.00157333333333333 0.000106666666666667 0)
(0.0016 0.000106666666666667 0)
(0.00162666666666667 0.000106666666666667 0)
(0.00165333333333333 0.000106666666666667 0)
(0.00168 0.000106666666666667 0)
(0.00170666666666667 0.000106666666666667 0)
(0.00173333333333333 0.000106666666666667 0)
(0.00176 0.000106666666666667 0)
(0.00178666666666667 0.000106666666666667 0)
(0.00181333333333333 0.000106666666666667 0)
(0.00184 0.000106666666666667 0)
(0.00186666666666667 0.000106666666666667 0)
(0.00189333333333333 0.000106666666666667 0)
(0.00192 0.000106666666666667 0)
(0.00194666666666667 0.000106666666666667 0)
(0.00197333333333333 0.000106666666666667 0)
(0.002 0.000106666666666667 0)
(0 0.000133333333333333 0)
(2.66666666666667e-05 0.000133333333333333 0)
(5.33333333333333e-05 0.000133333333333333 0)
(8e-05 0.000133333333333333 0)
(0.000106666666666667 0.000133333333333333 0)
(0.000133333333333333 0.000133333333333333 0)
(0.00016 0.000133333333333333 0)
(0.000186666666666667 0.000133333333333333 0)
(0.000213333333333333 0.000133333333333333 0)
(0.00024 0.000133333333333333 0)
(0.000266666666666667 0.000133333333333333 0)
(0.000293333333333333 0.000133333333333333 0)
(0.00032 0.000133333333333333 0)
(0.000346666666666667 0.000133333333333333 0)
(0.000373333333333333 0.000133333333333333 0)
(0.0004 0.000133333333333333 0)
(0.000426666666666667 0.000133333333333333 0)
(0.000453333333333333 0.000133333333333333 0)
(0.00048 0.000133333333333333 0)
(0.000506666666666667 0.000133333333333333 0)
(0.000533333333333333 0.000133333333333333 0)
(0.00056 0.000133333333333333 0)
(0.000586666666666667 0.000133333333333333 0)
(0.000613333333333333 0.000133333333333333 0)
(0.00064 0.000133333333333333 0)
(0.000666666666666667 0.000133333333333333 0)
(0.000693333333333333 0.000133333333333333 0)
(0.00072 0.000133333333333333 0)
(0.000746666666666667 0.000133333333333333 0)
(0.000773333333333334 0.000133333333333333 0)
(0.0008 0.000133333333333333 0)
(0.000826666666666667 0.000133333333333333 0)
(0.000853333333333334 0.000133333333333333 0)
(0.00088 0.000133333333333333 0)
(0.000906666666666667 0.000133333333333333 0)
(0.000933333333333333 0.000133333333333333 0)
(0.00096 0.000133333333333333 0)
(0.000986666666666667 0.000133333333333333 0)
(0.00101333333333333 0.000133333333333333 0)
(0.00104 0.000133333333333333 0)
(0.00106666666666667 0.000133333333333333 0)
(0.00109333333333333 0.000133333333333333 0)
(0.00112 0.000133333333333333 0)
(0.00114666666666667 0.000133333333333333 0)
(0.00117333333333333 0.000133333333333333 0)
(0.0012 0.000133333333333333 0)
(0.00122666666666667 0.000133333333333333 0)
(0.00125333333333333 0.000133333333333333 0)
(0.00128 0.000133333333333333 0)
(0.00130666666666667 0.000133333333333333 0)
(0.00133333333333333 0.000133333333333333 0)
(0.00136 0.000133333333333333 0)
(0.00138666666666667 0.000133333333333333 0)
(0.00141333333333333 0.000133333333333333 0)
(0.00144 0.000133333333333333 0)
(0.00146666666666667 0.000133333333333333 0)
(0.00149333333333333 0.000133333333333333 0)
(0.00152 0.000133333333333333 0)
(0.00154666666666667 0.000133333333333333 0)
(0.00157333333333333 0.000133333333333333 0)
(0.0016 0.000133333333333333 0)
(0.00162666666666667 0.000133333333333333 0)
(0.00165333333333333 0.000133333333333333 0)
(0.00168 0.000133333333333333 0)
(0.00170666666666667 0.000133333333333333 0)
(0.00173333333333333 0.000133333333333333 0)
(0.00176 0.000133333333333333 0)
(0.00178666666666667 0.000133333333333333 0)
(0.00181333333333333 0.000133333333333333 0)
(0.00184 0.000133333333333333 0)
(0.00186666666666667 0.000133333333333333 0)
(0.00189333333333333 0.000133333333333333 0)
(0.00192 0.000133333333333333 0)
(0.00194666666666667 0.000133333333333333 0)
(0.00197333333333333 0.000133333333333333 0)
(0.002 0.000133333333333333 0)
(0 0.00016 0)
(2.66666666666667e-05 0.00016 0)
(5.33333333333333e-05 0.00016 0)
(8e-05 0.00016 0)
(0.000106666666666667 0.00016 0)
(0.000133333333333333 0.00016 0)
(0.00016 0.00016 0)
(0.000186666666666667 0.00016 0)
(0.000213333333333333 0.00016 0)
(0.00024 0.00016 0)
(0.000266666666666667 0.00016 0)
(0.000293333333333333 0.00016 0)
(0.00032 0.00016 0)
(0.000346666666666667 0.00016 0)
(0.000373333333333333 0.00016 0)
(0.0004 0.00016 0)
(0.000426666666666667 0.00016 0)
(0.000453333333333333 0.00016 0)
(0.00048 0.00016 0)
(0.000506666666666667 0.00016 0)
(0.000533333333333333 0.00016 0)
(0.00056 0.00016 0)
(0.000586666666666667 0.00016 0)
(0.000613333333333333 0.00016 0)
(0.00064 0.00016 0)
(0.000666666666666667 0.00016 0)
(0.000693333333333333 0.00016 0)
(0.00072 0.00016 0)
(0.000746666666666667 0.00016 0)
(0.000773333333333333 0.00016 0)
(0.0008 0.00016 0)
(0.000826666666666667 0.00016 0)
(0.000853333333333334 0.00016 0)
(0.00088 0.00016 0)
(0.000906666666666667 0.00016 0)
(0.000933333333333333 0.00016 0)
(0.00096 0.00016 0)
(0.000986666666666667 0.00016 0)
(0.00101333333333333 0.00016 0)
(0.00104 0.00016 0)
(0.00106666666666667 0.00016 0)
(0.00109333333333333 0.00016 0)
(0.00112 0.00016 0)
(0.00114666666666667 0.00016 0)
(0.00117333333333333 0.00016 0)
(0.0012 0.00016 0)
(0.00122666666666667 0.00016 0)
(0.00125333333333333 0.00016 0)
(0.00128 0.00016 0)
(0.00130666666666667 0.00016 0)
(0.00133333333333333 0.00016 0)
(0.00136 0.00016 0)
(0.00138666666666667 0.00016 0)
(0.00141333333333333 0.00016 0)
(0.00144 0.00016 0)
(0.00146666666666667 0.00016 0)
(0.00149333333333333 0.00016 0)
(0.00152 0.00016 0)
(0.00154666666666667 0.00016 0)
(0.00157333333333333 0.00016 0)
(0.0016 0.00016 0)
(0.00162666666666667 0.00016 0)
(0.00165333333333333 0.00016 0)
(0.00168 0.00016 0)
(0.00170666666666667 0.00016 0)
(0.00173333333333333 0.00016 0)
(0.00176 0.00016 0)
(0.00178666666666667 0.00016 0)
(0.00181333333333333 0.00016 0)
(0.00184 0.00016 0)
(0.00186666666666667 0.00016 0)
(0.00189333333333333 0.00016 0)
(0.00192 0.00016 0)
(0.00194666666666667 0.00016 0)
(0.00197333333333333 0.00016 0)
(0.002 0.00016 0)
(0 0.000186666666666667 0)
(2.66666666666667e-05 0.000186666666666667 0)
(5.33333333333333e-05 0.000186666666666667 0)
(8e-05 0.000186666666666667 0)
(0.000106666666666667 0.000186666666666667 0)
(0.000133333333333333 0.000186666666666667 0)
(0.00016 0.000186666666666667 0)
(0.000186666666666667 0.000186666666666667 0)
(0.000213333333333333 0.000186666666666667 0)
(0.00024 0.000186666666666667 0)
(0.000266666666666667 0.000186666666666667 0)
(0.000293333333333333 0.000186666666666667 0)
(0.00032 0.000186666666666667 0)
(0.000346666666666667 0.000186666666666667 0)
(0.000373333333333333 0.000186666666666667 0)
(0.0004 0.000186666666666667 0)
(0.000426666666666667 0.000186666666666667 0)
(0.000453333333333333 0.000186666666666667 0)
(0.00048 0.000186666666666667 0)
(0.000506666666666667 0.000186666666666667 0)
(0.000533333333333333 0.000186666666666667 0)
(0.00056 0.000186666666666667 0)
(0.000586666666666667 0.000186666666666667 0)
(0.000613333333333333 0.000186666666666667 0)
(0.00064 0.000186666666666667 0)
(0.000666666666666667 0.000186666666666667 0)
(0.000693333333333333 0.000186666666666667 0)
(0.00072 0.000186666666666667 0)
(0.000746666666666667 0.000186666666666667 0)
(0.000773333333333333 0.000186666666666667 0)
(0.0008 0.000186666666666667 0)
(0.000826666666666667 0.000186666666666667 0)
(0.000853333333333333 0.000186666666666667 0)
(0.00088 0.000186666666666667 0)
(0.000906666666666667 0.000186666666666667 0)
(0.000933333333333333 0.000186666666666667 0)
(0.00096 0.000186666666666667 0)
(0.000986666666666667 0.000186666666666667 0)
(0.00101333333333333 0.000186666666666667 0)
(0.00104 0.000186666666666667 0)
(0.00106666666666667 0.000186666666666667 0)
(0.00109333333333333 0.000186666666666667 0)
(0.00112 0.000186666666666667 0)
(0.00114666666666667 0.000186666666666667 0)
(0.00117333333333333 0.000186666666666667 0)
(0.0012 0.000186666666666667 0)
(0.00122666666666667 0.000186666666666667 0)
(0.00125333333333333 0.000186666666666667 0)
(0.00128 0.000186666666666667 0)
(0.00130666666666667 0.000186666666666667 0)
(0.00133333333333333 0.000186666666666667 0)
(0.00136 0.000186666666666667 0)
(0.00138666666666667 0.000186666666666667 0)
(0.00141333333333333 0.000186666666666667 0)
(0.00144 0.000186666666666667 0)
(0.00146666666666667 0.000186666666666667 0)
(0.00149333333333333 0.000186666666666667 0)
(0.00152 0.000186666666666667 0)
(0.00154666666666667 0.000186666666666667 0)
(0.00157333333333333 0.000186666666666667 0)
(0.0016 0.000186666666666667 0)
(0.00162666666666667 0.000186666666666667 0)
(0.00165333333333333 0.000186666666666667 0)
(0.00168 0.000186666666666667 0)
(0.00170666666666667 0.000186666666666667 0)
(0.00173333333333333 0.000186666666666667 0)
(0.00176 0.000186666666666667 0)
(0.00178666666666667 0.000186666666666667 0)
(0.00181333333333333 0.000186666666666667 0)
(0.00184 0.000186666666666667 0)
(0.00186666666666667 0.000186666666666667 0)
(0.00189333333333333 0.000186666666666667 0)
(0.00192 0.000186666666666667 0)
(0.00194666666666667 0.000186666666666667 0)
(0.00197333333333333 0.000186666666666667 0)
(0.002 0.000186666666666667 0)
(0 0.000213333333333333 0)
(2.66666666666667e-05 0.000213333333333333 0)
(5.33333333333333e-05 0.000213333333333333 0)
(8e-05 0.000213333333333333 0)
(0.000106666666666667 0.000213333333333333 0)
(0.000133333333333333 0.000213333333333333 0)
(0.00016 0.000213333333333333 0)
(0.000186666666666667 0.000213333333333333 0)
(0.000213333333333333 0.000213333333333333 0)
(0.00024 0.000213333333333333 0)
(0.000266666666666667 0.000213333333333333 0)
(0.000293333333333333 0.000213333333333333 0)
(0.00032 0.000213333333333333 0)
(0.000346666666666667 0.000213333333333333 0)
(0.000373333333333333 0.000213333333333333 0)
(0.0004 0.000213333333333333 0)
(0.000426666666666667 0.000213333333333333 0)
(0.000453333333333333 0.000213333333333333 0)
(0.00048 0.000213333333333333 0)
(0.000506666666666667 0.000213333333333333 0)
(0.000533333333333333 0.000213333333333333 0)
(0.00056 0.000213333333333333 0)
(0.000586666666666667 0.000213333333333333 0)
(0.000613333333333333 0.000213333333333333 0)
(0.00064 0.000213333333333333 0)
(0.000666666666666667 0.000213333333333333 0)
(0.000693333333333333 0.000213333333333333 0)
(0.00072 0.000213333333333333 0)
(0.000746666666666667 0.000213333333333333 0)
(0.000773333333333333 0.000213333333333333 0)
(0.0008 0.000213333333333333 0)
(0.000826666666666667 0.000213333333333333 0)
(0.000853333333333334 0.000213333333333333 0)
(0.00088 0.000213333333333333 0)
(0.000906666666666666 0.000213333333333333 0)
(0.000933333333333333 0.000213333333333333 0)
(0.00096 0.000213333333333333 0)
(0.000986666666666667 0.000213333333333333 0)
(0.00101333333333333 0.000213333333333333 0)
(0.00104 0.000213333333333333 0)
(0.00106666666666667 0.000213333333333333 0)
(0.00109333333333333 0.000213333333333333 0)
(0.00112 0.000213333333333333 0)
(0.00114666666666667 0.000213333333333333 0)
(0.00117333333333333 0.000213333333333333 0)
(0.0012 0.000213333333333333 0)
(0.00122666666666667 0.000213333333333333 0)
(0.00125333333333333 0.000213333333333333 0)
(0.00128 0.000213333333333333 0)
(0.00130666666666667 0.000213333333333333 0)
(0.00133333333333333 0.000213333333333333 0)
(0.00136 0.000213333333333333 0)
(0.00138666666666667 0.000213333333333333 0)
(0.00141333333333333 0.000213333333333333 0)
(0.00144 0.000213333333333333 0)
(0.00146666666666667 0.000213333333333333 0)
(0.00149333333333333 0.000213333333333333 0)
(0.00152 0.000213333333333333 0)
(0.00154666666666667 0.000213333333333333 0)
(0.00157333333333333 0.000213333333333333 0)
(0.0016 0.000213333333333333 0)
(0.00162666666666667 0.000213333333333333 0)
(0.00165333333333333 0.000213333333333333 0)
(0.00168 0.000213333333333333 0)
(0.00170666666666667 0.000213333333333333 0)
(0.00173333333333333 0.000213333333333333 0)
(0.00176 0.000213333333333333 0)
(0.00178666666666667 0.000213333333333333 0)
(0.00181333333333333 0.000213333333333333 0)
(0.00184 0.000213333333333333 0)
(0.00186666666666667 0.000213333333333333 0)
(0.00189333333333333 0.000213333333333333 0)
(0.00192 0.000213333333333333 0)
(0.00194666666666667 0.000213333333333333 0)
(0.00197333333333333 0.000213333333333333 0)
(0.002 0.000213333333333333 0)
(0 0.00024 0)
(2.66666666666667e-05 0.00024 0)
(5.33333333333333e-05 0.00024 0)
(8e-05 0.00024 0)
(0.000106666666666667 0.00024 0)
(0.000133333333333333 0.00024 0)
(0.00016 0.00024 0)
(0.000186666666666667 0.00024 0)
(0.000213333333333333 0.00024 0)
(0.00024 0.00024 0)
(0.000266666666666667 0.00024 0)
(0.000293333333333333 0.00024 0)
(0.00032 0.00024 0)
(0.000346666666666667 0.00024 0)
(0.000373333333333333 0.00024 0)
(0.0004 0.00024 0)
(0.000426666666666667 0.00024 0)
(0.000453333333333333 0.00024 0)
(0.00048 0.00024 0)
(0.000506666666666667 0.00024 0)
(0.000533333333333333 0.00024 0)
(0.00056 0.00024 0)
(0.000586666666666667 0.00024 0)
(0.000613333333333333 0.00024 0)
(0.00064 0.00024 0)
(0.000666666666666667 0.00024 0)
(0.000693333333333333 0.00024 0)
(0.00072 0.00024 0)
(0.000746666666666667 0.00024 0)
(0.000773333333333333 0.00024 0)
(0.0008 0.00024 0)
(0.000826666666666667 0.00024 0)
(0.000853333333333334 0.00024 0)
(0.00088 0.00024 0)
(0.000906666666666667 0.00024 0)
(0.000933333333333333 0.00024 0)
(0.00096 0.00024 0)
(0.000986666666666667 0.00024 0)
(0.00101333333333333 0.00024 0)
(0.00104 0.00024 0)
(0.00106666666666667 0.00024 0)
(0.00109333333333333 0.00024 0)
(0.00112 0.00024 0)
(0.00114666666666667 0.00024 0)
(0.00117333333333333 0.00024 0)
(0.0012 0.00024 0)
(0.00122666666666667 0.00024 0)
(0.00125333333333333 0.00024 0)
(0.00128 0.00024 0)
(0.00130666666666667 0.00024 0)
(0.00133333333333333 0.00024 0)
(0.00136 0.00024 0)
(0.00138666666666667 0.00024 0)
(0.00141333333333333 0.00024 0)
(0.00144 0.00024 0)
(0.00146666666666667 0.00024 0)
(0.00149333333333333 0.00024 0)
(0.00152 0.00024 0)
(0.00154666666666667 0.00024 0)
(0.00157333333333333 0.00024 0)
(0.0016 0.00024 0)
(0.00162666666666667 0.00024 0)
(0.00165333333333333 0.00024 0)
(0.00168 0.00024 0)
(0.00170666666666667 0.00024 0)
(0.00173333333333333 0.00024 0)
(0.00176 0.00024 0)
(0.00178666666666667 0.00024 0)
(0.00181333333333333 0.00024 0)
(0.00184 0.00024 0)
(0.00186666666666667 0.00024 0)
(0.00189333333333333 0.00024 0)
(0.00192 0.00024 0)
(0.00194666666666667 0.00024 0)
(0.00197333333333333 0.00024 0)
(0.002 0.00024 0)
(0 0.000266666666666667 0)
(2.66666666666667e-05 0.000266666666666667 0)
(5.33333333333333e-05 0.000266666666666667 0)
(8e-05 0.000266666666666667 0)
(0.000106666666666667 0.000266666666666667 0)
(0.000133333333333333 0.000266666666666667 0)
(0.00016 0.000266666666666667 0)
(0.000186666666666667 0.000266666666666667 0)
(0.000213333333333333 0.000266666666666667 0)
(0.00024 0.000266666666666667 0)
(0.000266666666666667 0.000266666666666667 0)
(0.000293333333333333 0.000266666666666667 0)
(0.00032 0.000266666666666667 0)
(0.000346666666666667 0.000266666666666667 0)
(0.000373333333333333 0.000266666666666667 0)
(0.0004 0.000266666666666667 0)
(0.000426666666666667 0.000266666666666667 0)
(0.000453333333333333 0.000266666666666667 0)
(0.00048 0.000266666666666667 0)
(0.000506666666666667 0.000266666666666667 0)
(0.000533333333333333 0.000266666666666667 0)
(0.00056 0.000266666666666667 0)
(0.000586666666666667 0.000266666666666667 0)
(0.000613333333333333 0.000266666666666667 0)
(0.00064 0.000266666666666667 0)
(0.000666666666666667 0.000266666666666667 0)
(0.000693333333333333 0.000266666666666667 0)
(0.00072 0.000266666666666667 0)
(0.000746666666666667 0.000266666666666667 0)
(0.000773333333333333 0.000266666666666667 0)
(0.0008 0.000266666666666667 0)
(0.000826666666666667 0.000266666666666667 0)
(0.000853333333333334 0.000266666666666667 0)
(0.00088 0.000266666666666667 0)
(0.000906666666666667 0.000266666666666667 0)
(0.000933333333333334 0.000266666666666667 0)
(0.00096 0.000266666666666667 0)
(0.000986666666666667 0.000266666666666667 0)
(0.00101333333333333 0.000266666666666667 0)
(0.00104 0.000266666666666667 0)
(0.00106666666666667 0.000266666666666667 0)
(0.00109333333333333 0.000266666666666667 0)
(0.00112 0.000266666666666667 0)
(0.00114666666666667 0.000266666666666667 0)
(0.00117333333333333 0.000266666666666667 0)
(0.0012 0.000266666666666667 0)
(0.00122666666666667 0.000266666666666667 0)
(0.00125333333333333 0.000266666666666667 0)
(0.00128 0.000266666666666667 0)
(0.00130666666666667 0.000266666666666667 0)
(0.00133333333333333 0.000266666666666667 0)
(0.00136 0.000266666666666667 0)
(0.00138666666666667 0.000266666666666667 0)
(0.00141333333333333 0.000266666666666667 0)
(0.00144 0.000266666666666667 0)
(0.00146666666666667 0.000266666666666667 0)
(0.00149333333333333 0.000266666666666667 0)
(0.00152 0.000266666666666667 0)
(0.00154666666666667 0.000266666666666667 0)
(0.00157333333333333 0.000266666666666667 0)
(0.0016 0.000266666666666667 0)
(0.00162666666666667 0.000266666666666667 0)
(0.00165333333333333 0.000266666666666667 0)
(0.00168 0.000266666666666667 0)
(0.00170666666666667 0.000266666666666667 0)
(0.00173333333333333 0.000266666666666667 0)
(0.00176 0.000266666666666667 0)
(0.00178666666666667 0.000266666666666667 0)
(0.00181333333333333 0.000266666666666667 0)
(0.00184 0.000266666666666667 0)
(0.00186666666666667 0.000266666666666667 0)
(0.00189333333333333 0.000266666666666667 0)
(0.00192 0.000266666666666667 0)
(0.00194666666666667 0.000266666666666667 0)
(0.00197333333333333 0.000266666666666667 0)
(0.002 0.000266666666666667 0)
(0 0.000293333333333333 0)
(2.66666666666667e-05 0.000293333333333333 0)
(5.33333333333333e-05 0.000293333333333333 0)
(8e-05 0.000293333333333333 0)
(0.000106666666666667 0.000293333333333333 0)
(0.000133333333333333 0.000293333333333333 0)
(0.00016 0.000293333333333333 0)
(0.000186666666666667 0.000293333333333333 0)
(0.000213333333333333 0.000293333333333333 0)
(0.00024 0.000293333333333333 0)
(0.000266666666666667 0.000293333333333333 0)
(0.000293333333333333 0.000293333333333333 0)
(0.00032 0.000293333333333333 0)
(0.000346666666666667 0.000293333333333333 0)
(0.000373333333333333 0.000293333333333333 0)
(0.0004 0.000293333333333333 0)
(0.000426666666666667 0.000293333333333333 0)
(0.000453333333333333 0.000293333333333333 0)
(0.00048 0.000293333333333333 0)
(0.000506666666666667 0.000293333333333333 0)
(0.000533333333333333 0.000293333333333333 0)
(0.00056 0.000293333333333333 0)
(0.000586666666666667 0.000293333333333333 0)
(0.000613333333333333 0.000293333333333333 0)
(0.00064 0.000293333333333333 0)
(0.000666666666666667 0.000293333333333333 0)
(0.000693333333333333 0.000293333333333333 0)
(0.00072 0.000293333333333333 0)
(0.000746666666666667 0.000293333333333333 0)
(0.000773333333333333 0.000293333333333333 0)
(0.0008 0.000293333333333333 0)
(0.000826666666666667 0.000293333333333333 0)
(0.000853333333333333 0.000293333333333333 0)
(0.00088 0.000293333333333333 0)
(0.000906666666666667 0.000293333333333333 0)
(0.000933333333333333 0.000293333333333333 0)
(0.00096 0.000293333333333333 0)
(0.000986666666666667 0.000293333333333333 0)
(0.00101333333333333 0.000293333333333333 0)
(0.00104 0.000293333333333333 0)
(0.00106666666666667 0.000293333333333333 0)
(0.00109333333333333 0.000293333333333333 0)
(0.00112 0.000293333333333333 0)
(0.00114666666666667 0.000293333333333333 0)
(0.00117333333333333 0.000293333333333333 0)
(0.0012 0.000293333333333333 0)
(0.00122666666666667 0.000293333333333333 0)
(0.00125333333333333 0.000293333333333333 0)
(0.00128 0.000293333333333333 0)
(0.00130666666666667 0.000293333333333333 0)
(0.00133333333333333 0.000293333333333333 0)
(0.00136 0.000293333333333333 0)
(0.00138666666666667 0.000293333333333333 0)
(0.00141333333333333 0.000293333333333333 0)
(0.00144 0.000293333333333333 0)
(0.00146666666666667 0.000293333333333333 0)
(0.00149333333333333 0.000293333333333333 0)
(0.00152 0.000293333333333333 0)
(0.00154666666666667 0.000293333333333333 0)
(0.00157333333333333 0.000293333333333333 0)
(0.0016 0.000293333333333333 0)
(0.00162666666666667 0.000293333333333333 0)
(0.00165333333333333 0.000293333333333333 0)
(0.00168 0.000293333333333333 0)
(0.00170666666666667 0.000293333333333333 0)
(0.00173333333333333 0.000293333333333333 0)
(0.00176 0.000293333333333333 0)
(0.00178666666666667 0.000293333333333333 0)
(0.00181333333333333 0.000293333333333333 0)
(0.00184 0.000293333333333333 0)
(0.00186666666666667 0.000293333333333333 0)
(0.00189333333333333 0.000293333333333333 0)
(0.00192 0.000293333333333333 0)
(0.00194666666666667 0.000293333333333333 0)
(0.00197333333333333 0.000293333333333333 0)
(0.002 0.000293333333333333 0)
(0 0.00032 0)
(2.66666666666667e-05 0.00032 0)
(5.33333333333333e-05 0.00032 0)
(8e-05 0.00032 0)
(0.000106666666666667 0.00032 0)
(0.000133333333333333 0.00032 0)
(0.00016 0.00032 0)
(0.000186666666666667 0.00032 0)
(0.000213333333333333 0.00032 0)
(0.00024 0.00032 0)
(0.000266666666666667 0.00032 0)
(0.000293333333333333 0.00032 0)
(0.00032 0.00032 0)
(0.000346666666666667 0.00032 0)
(0.000373333333333333 0.00032 0)
(0.0004 0.00032 0)
(0.000426666666666667 0.00032 0)
(0.000453333333333333 0.00032 0)
(0.00048 0.00032 0)
(0.000506666666666667 0.00032 0)
(0.000533333333333333 0.00032 0)
(0.00056 0.00032 0)
(0.000586666666666667 0.00032 0)
(0.000613333333333333 0.00032 0)
(0.00064 0.00032 0)
(0.000666666666666667 0.00032 0)
(0.000693333333333333 0.00032 0)
(0.00072 0.00032 0)
(0.000746666666666667 0.00032 0)
(0.000773333333333333 0.00032 0)
(0.0008 0.00032 0)
(0.000826666666666667 0.00032 0)
(0.000853333333333334 0.00032 0)
(0.00088 0.00032 0)
(0.000906666666666667 0.00032 0)
(0.000933333333333333 0.00032 0)
(0.00096 0.00032 0)
(0.000986666666666667 0.00032 0)
(0.00101333333333333 0.00032 0)
(0.00104 0.00032 0)
(0.00106666666666667 0.00032 0)
(0.00109333333333333 0.00032 0)
(0.00112 0.00032 0)
(0.00114666666666667 0.00032 0)
(0.00117333333333333 0.00032 0)
(0.0012 0.00032 0)
(0.00122666666666667 0.00032 0)
(0.00125333333333333 0.00032 0)
(0.00128 0.00032 0)
(0.00130666666666667 0.00032 0)
(0.00133333333333333 0.00032 0)
(0.00136 0.00032 0)
(0.00138666666666667 0.00032 0)
(0.00141333333333333 0.00032 0)
(0.00144 0.00032 0)
(0.00146666666666667 0.00032 0)
(0.00149333333333333 0.00032 0)
(0.00152 0.00032 0)
(0.00154666666666667 0.00032 0)
(0.00157333333333333 0.00032 0)
(0.0016 0.00032 0)
(0.00162666666666667 0.00032 0)
(0.00165333333333333 0.00032 0)
(0.00168 0.00032 0)
(0.00170666666666667 0.00032 0)
(0.00173333333333333 0.00032 0)
(0.00176 0.00032 0)
(0.00178666666666667 0.00032 0)
(0.00181333333333333 0.00032 0)
(0.00184 0.00032 0)
(0.00186666666666667 0.00032 0)
(0.00189333333333333 0.00032 0)
(0.00192 0.00032 0)
(0.00194666666666667 0.00032 0)
(0.00197333333333333 0.00032 0)
(0.002 0.00032 0)
(0 0.000346666666666667 0)
(2.66666666666667e-05 0.000346666666666667 0)
(5.33333333333333e-05 0.000346666666666667 0)
(8e-05 0.000346666666666667 0)
(0.000106666666666667 0.000346666666666667 0)
(0.000133333333333333 0.000346666666666667 0)
(0.00016 0.000346666666666667 0)
(0.000186666666666667 0.000346666666666667 0)
(0.000213333333333333 0.000346666666666667 0)
(0.00024 0.000346666666666667 0)
(0.000266666666666667 0.000346666666666667 0)
(0.000293333333333333 0.000346666666666667 0)
(0.00032 0.000346666666666667 0)
(0.000346666666666667 0.000346666666666667 0)
(0.000373333333333333 0.000346666666666667 0)
(0.0004 0.000346666666666667 0)
(0.000426666666666667 0.000346666666666667 0)
(0.000453333333333333 0.000346666666666667 0)
(0.00048 0.000346666666666667 0)
(0.000506666666666667 0.000346666666666667 0)
(0.000533333333333333 0.000346666666666667 0)
(0.00056 0.000346666666666667 0)
(0.000586666666666667 0.000346666666666667 0)
(0.000613333333333333 0.000346666666666667 0)
(0.00064 0.000346666666666667 0)
(0.000666666666666667 0.000346666666666667 0)
(0.000693333333333333 0.000346666666666667 0)
(0.00072 0.000346666666666667 0)
(0.000746666666666667 0.000346666666666667 0)
(0.000773333333333333 0.000346666666666667 0)
(0.0008 0.000346666666666667 0)
(0.000826666666666667 0.000346666666666667 0)
(0.000853333333333333 0.000346666666666667 0)
(0.00088 0.000346666666666667 0)
(0.000906666666666667 0.000346666666666667 0)
(0.000933333333333333 0.000346666666666667 0)
(0.00096 0.000346666666666667 0)
(0.000986666666666667 0.000346666666666667 0)
(0.00101333333333333 0.000346666666666667 0)
(0.00104 0.000346666666666667 0)
(0.00106666666666667 0.000346666666666667 0)
(0.00109333333333333 0.000346666666666667 0)
(0.00112 0.000346666666666667 0)
(0.00114666666666667 0.000346666666666667 0)
(0.00117333333333333 0.000346666666666667 0)
(0.0012 0.000346666666666667 0)
(0.00122666666666667 0.000346666666666667 0)
(0.00125333333333333 0.000346666666666667 0)
(0.00128 0.000346666666666667 0)
(0.00130666666666667 0.000346666666666667 0)
(0.00133333333333333 0.000346666666666667 0)
(0.00136 0.000346666666666667 0)
(0.00138666666666667 0.000346666666666667 0)
(0.00141333333333333 0.000346666666666667 0)
(0.00144 0.000346666666666667 0)
(0.00146666666666667 0.000346666666666667 0)
(0.00149333333333333 0.000346666666666667 0)
(0.00152 0.000346666666666667 0)
(0.00154666666666667 0.000346666666666667 0)
(0.00157333333333333 0.000346666666666667 0)
(0.0016 0.000346666666666667 0)
(0.00162666666666667 0.000346666666666667 0)
(0.00165333333333333 0.000346666666666667 0)
(0.00168 0.000346666666666667 0)
(0.00170666666666667 0.000346666666666667 0)
(0.00173333333333333 0.000346666666666667 0)
(0.00176 0.000346666666666667 0)
(0.00178666666666667 0.000346666666666667 0)
(0.00181333333333333 0.000346666666666667 0)
(0.00184 0.000346666666666667 0)
(0.00186666666666667 0.000346666666666667 0)
(0.00189333333333333 0.000346666666666667 0)
(0.00192 0.000346666666666667 0)
(0.00194666666666667 0.000346666666666667 0)
(0.00197333333333333 0.000346666666666667 0)
(0.002 0.000346666666666667 0)
(0 0.000373333333333333 0)
(2.66666666666667e-05 0.000373333333333333 0)
(5.33333333333333e-05 0.000373333333333333 0)
(8e-05 0.000373333333333333 0)
(0.000106666666666667 0.000373333333333333 0)
(0.000133333333333333 0.000373333333333333 0)
(0.00016 0.000373333333333333 0)
(0.000186666666666667 0.000373333333333333 0)
(0.000213333333333333 0.000373333333333333 0)
(0.00024 0.000373333333333333 0)
(0.000266666666666667 0.000373333333333333 0)
(0.000293333333333333 0.000373333333333333 0)
(0.00032 0.000373333333333333 0)
(0.000346666666666667 0.000373333333333333 0)
(0.000373333333333333 0.000373333333333333 0)
(0.0004 0.000373333333333333 0)
(0.000426666666666667 0.000373333333333333 0)
(0.000453333333333333 0.000373333333333333 0)
(0.00048 0.000373333333333333 0)
(0.000506666666666667 0.000373333333333333 0)
(0.000533333333333333 0.000373333333333333 0)
(0.00056 0.000373333333333333 0)
(0.000586666666666667 0.000373333333333333 0)
(0.000613333333333333 0.000373333333333333 0)
(0.00064 0.000373333333333333 0)
(0.000666666666666667 0.000373333333333333 0)
(0.000693333333333333 0.000373333333333333 0)
(0.00072 0.000373333333333333 0)
(0.000746666666666667 0.000373333333333333 0)
(0.000773333333333333 0.000373333333333333 0)
(0.0008 0.000373333333333333 0)
(0.000826666666666667 0.000373333333333333 0)
(0.000853333333333334 0.000373333333333333 0)
(0.00088 0.000373333333333333 0)
(0.000906666666666667 0.000373333333333333 0)
(0.000933333333333333 0.000373333333333333 0)
(0.00096 0.000373333333333333 0)
(0.000986666666666667 0.000373333333333333 0)
(0.00101333333333333 0.000373333333333333 0)
(0.00104 0.000373333333333333 0)
(0.00106666666666667 0.000373333333333333 0)
(0.00109333333333333 0.000373333333333333 0)
(0.00112 0.000373333333333333 0)
(0.00114666666666667 0.000373333333333333 0)
(0.00117333333333333 0.000373333333333333 0)
(0.0012 0.000373333333333333 0)
(0.00122666666666667 0.000373333333333333 0)
(0.00125333333333333 0.000373333333333333 0)
(0.00128 0.000373333333333333 0)
(0.00130666666666667 0.000373333333333333 0)
(0.00133333333333333 0.000373333333333333 0)
(0.00136 0.000373333333333333 0)
(0.00138666666666667 0.000373333333333333 0)
(0.00141333333333333 0.000373333333333333 0)
(0.00144 0.000373333333333333 0)
(0.00146666666666667 0.000373333333333333 0)
(0.00149333333333333 0.000373333333333333 0)
(0.00152 0.000373333333333333 0)
(0.00154666666666667 0.000373333333333333 0)
(0.00157333333333333 0.000373333333333333 0)
(0.0016 0.000373333333333333 0)
(0.00162666666666667 0.000373333333333333 0)
(0.00165333333333333 0.000373333333333333 0)
(0.00168 0.000373333333333333 0)
(0.00170666666666667 0.000373333333333333 0)
(0.00173333333333333 0.000373333333333333 0)
(0.00176 0.000373333333333333 0)
(0.00178666666666667 0.000373333333333333 0)
(0.00181333333333333 0.000373333333333333 0)
(0.00184 0.000373333333333333 0)
(0.00186666666666667 0.000373333333333333 0)
(0.00189333333333333 0.000373333333333333 0)
(0.00192 0.000373333333333333 0)
(0.00194666666666667 0.000373333333333333 0)
(0.00197333333333333 0.000373333333333333 0)
(0.002 0.000373333333333333 0)
(0 0.0004 0)
(2.66666666666667e-05 0.0004 0)
(5.33333333333333e-05 0.0004 0)
(8e-05 0.0004 0)
(0.000106666666666667 0.0004 0)
(0.000133333333333333 0.0004 0)
(0.00016 0.0004 0)
(0.000186666666666667 0.0004 0)
(0.000213333333333333 0.0004 0)
(0.00024 0.0004 0)
(0.000266666666666667 0.0004 0)
(0.000293333333333333 0.0004 0)
(0.00032 0.0004 0)
(0.000346666666666667 0.0004 0)
(0.000373333333333333 0.0004 0)
(0.0004 0.0004 0)
(0.000426666666666667 0.0004 0)
(0.000453333333333333 0.0004 0)
(0.00048 0.0004 0)
(0.000506666666666667 0.0004 0)
(0.000533333333333333 0.0004 0)
(0.00056 0.0004 0)
(0.000586666666666667 0.0004 0)
(0.000613333333333333 0.0004 0)
(0.00064 0.0004 0)
(0.000666666666666667 0.0004 0)
(0.000693333333333333 0.0004 0)
(0.00072 0.0004 0)
(0.000746666666666667 0.0004 0)
(0.000773333333333333 0.0004 0)
(0.0008 0.0004 0)
(0.000826666666666667 0.0004 0)
(0.000853333333333333 0.0004 0)
(0.00088 0.0004 0)
(0.000906666666666667 0.0004 0)
(0.000933333333333333 0.0004 0)
(0.00096 0.0004 0)
(0.000986666666666667 0.0004 0)
(0.00101333333333333 0.0004 0)
(0.00104 0.0004 0)
(0.00106666666666667 0.0004 0)
(0.00109333333333333 0.0004 0)
(0.00112 0.0004 0)
(0.00114666666666667 0.0004 0)
(0.00117333333333333 0.0004 0)
(0.0012 0.0004 0)
(0.00122666666666667 0.0004 0)
(0.00125333333333333 0.0004 0)
(0.00128 0.0004 0)
(0.00130666666666667 0.0004 0)
(0.00133333333333333 0.0004 0)
(0.00136 0.0004 0)
(0.00138666666666667 0.0004 0)
(0.00141333333333333 0.0004 0)
(0.00144 0.0004 0)
(0.00146666666666667 0.0004 0)
(0.00149333333333333 0.0004 0)
(0.00152 0.0004 0)
(0.00154666666666667 0.0004 0)
(0.00157333333333333 0.0004 0)
(0.0016 0.0004 0)
(0.00162666666666667 0.0004 0)
(0.00165333333333333 0.0004 0)
(0.00168 0.0004 0)
(0.00170666666666667 0.0004 0)
(0.00173333333333333 0.0004 0)
(0.00176 0.0004 0)
(0.00178666666666667 0.0004 0)
(0.00181333333333333 0.0004 0)
(0.00184 0.0004 0)
(0.00186666666666667 0.0004 0)
(0.00189333333333333 0.0004 0)
(0.00192 0.0004 0)
(0.00194666666666667 0.0004 0)
(0.00197333333333333 0.0004 0)
(0.002 0.0004 0)
(0 0.000426666666666667 0)
(2.66666666666667e-05 0.000426666666666667 0)
(5.33333333333333e-05 0.000426666666666667 0)
(8e-05 0.000426666666666667 0)
(0.000106666666666667 0.000426666666666667 0)
(0.000133333333333333 0.000426666666666667 0)
(0.00016 0.000426666666666667 0)
(0.000186666666666667 0.000426666666666667 0)
(0.000213333333333333 0.000426666666666667 0)
(0.00024 0.000426666666666667 0)
(0.000266666666666667 0.000426666666666667 0)
(0.000293333333333333 0.000426666666666667 0)
(0.00032 0.000426666666666667 0)
(0.000346666666666667 0.000426666666666667 0)
(0.000373333333333333 0.000426666666666667 0)
(0.0004 0.000426666666666667 0)
(0.000426666666666667 0.000426666666666667 0)
(0.000453333333333333 0.000426666666666667 0)
(0.00048 0.000426666666666667 0)
(0.000506666666666667 0.000426666666666667 0)
(0.000533333333333333 0.000426666666666667 0)
(0.00056 0.000426666666666667 0)
(0.000586666666666667 0.000426666666666667 0)
(0.000613333333333333 0.000426666666666667 0)
(0.00064 0.000426666666666667 0)
(0.000666666666666667 0.000426666666666667 0)
(0.000693333333333333 0.000426666666666667 0)
(0.00072 0.000426666666666667 0)
(0.000746666666666667 0.000426666666666667 0)
(0.000773333333333333 0.000426666666666667 0)
(0.0008 0.000426666666666667 0)
(0.000826666666666667 0.000426666666666667 0)
(0.000853333333333334 0.000426666666666667 0)
(0.00088 0.000426666666666667 0)
(0.000906666666666667 0.000426666666666667 0)
(0.000933333333333333 0.000426666666666667 0)
(0.00096 0.000426666666666667 0)
(0.000986666666666667 0.000426666666666667 0)
(0.00101333333333333 0.000426666666666667 0)
(0.00104 0.000426666666666667 0)
(0.00106666666666667 0.000426666666666667 0)
(0.00109333333333333 0.000426666666666667 0)
(0.00112 0.000426666666666667 0)
(0.00114666666666667 0.000426666666666667 0)
(0.00117333333333333 0.000426666666666667 0)
(0.0012 0.000426666666666667 0)
(0.00122666666666667 0.000426666666666667 0)
(0.00125333333333333 0.000426666666666667 0)
(0.00128 0.000426666666666667 0)
(0.00130666666666667 0.000426666666666667 0)
(0.00133333333333333 0.000426666666666667 0)
(0.00136 0.000426666666666667 0)
(0.00138666666666667 0.000426666666666667 0)
(0.00141333333333333 0.000426666666666667 0)
(0.00144 0.000426666666666667 0)
(0.00146666666666667 0.000426666666666667 0)
(0.00149333333333333 0.000426666666666667 0)
(0.00152 0.000426666666666667 0)
(0.00154666666666667 0.000426666666666667 0)
(0.00157333333333333 0.000426666666666667 0)
(0.0016 0.000426666666666667 0)
(0.00162666666666667 0.000426666666666667 0)
(0.00165333333333333 0.000426666666666667 0)
(0.00168 0.000426666666666667 0)
(0.00170666666666667 0.000426666666666667 0)
(0.00173333333333333 0.000426666666666667 0)
(0.00176 0.000426666666666667 0)
(0.00178666666666667 0.000426666666666667 0)
(0.00181333333333333 0.000426666666666667 0)
(0.00184 0.000426666666666667 0)
(0.00186666666666667 0.000426666666666667 0)
(0.00189333333333333 0.000426666666666667 0)
(0.00192 0.000426666666666667 0)
(0.00194666666666667 0.000426666666666667 0)
(0.00197333333333333 0.000426666666666667 0)
(0.002 0.000426666666666667 0)
(0 0.000453333333333333 0)
(2.66666666666667e-05 0.000453333333333333 0)
(5.33333333333333e-05 0.000453333333333333 0)
(8e-05 0.000453333333333333 0)
(0.000106666666666667 0.000453333333333333 0)
(0.000133333333333333 0.000453333333333333 0)
(0.00016 0.000453333333333333 0)
(0.000186666666666667 0.000453333333333333 0)
(0.000213333333333333 0.000453333333333333 0)
(0.00024 0.000453333333333333 0)
(0.000266666666666667 0.000453333333333333 0)
(0.000293333333333333 0.000453333333333333 0)
(0.00032 0.000453333333333333 0)
(0.000346666666666667 0.000453333333333333 0)
(0.000373333333333333 0.000453333333333333 0)
(0.0004 0.000453333333333333 0)
(0.000426666666666667 0.000453333333333333 0)
(0.000453333333333333 0.000453333333333333 0)
(0.00048 0.000453333333333333 0)
(0.000506666666666667 0.000453333333333333 0)
(0.000533333333333333 0.000453333333333333 0)
(0.00056 0.000453333333333333 0)
(0.000586666666666667 0.000453333333333333 0)
(0.000613333333333333 0.000453333333333333 0)
(0.00064 0.000453333333333333 0)
(0.000666666666666667 0.000453333333333333 0)
(0.000693333333333333 0.000453333333333333 0)
(0.00072 0.000453333333333333 0)
(0.000746666666666667 0.000453333333333333 0)
(0.000773333333333333 0.000453333333333333 0)
(0.0008 0.000453333333333333 0)
(0.000826666666666667 0.000453333333333333 0)
(0.000853333333333334 0.000453333333333333 0)
(0.00088 0.000453333333333333 0)
(0.000906666666666667 0.000453333333333333 0)
(0.000933333333333333 0.000453333333333333 0)
(0.00096 0.000453333333333333 0)
(0.000986666666666667 0.000453333333333333 0)
(0.00101333333333333 0.000453333333333333 0)
(0.00104 0.000453333333333333 0)
(0.00106666666666667 0.000453333333333333 0)
(0.00109333333333333 0.000453333333333333 0)
(0.00112 0.000453333333333333 0)
(0.00114666666666667 0.000453333333333333 0)
(0.00117333333333333 0.000453333333333333 0)
(0.0012 0.000453333333333333 0)
(0.00122666666666667 0.000453333333333333 0)
(0.00125333333333333 0.000453333333333333 0)
(0.00128 0.000453333333333333 0)
(0.00130666666666667 0.000453333333333333 0)
(0.00133333333333333 0.000453333333333333 0)
(0.00136 0.000453333333333333 0)
(0.00138666666666667 0.000453333333333333 0)
(0.00141333333333333 0.000453333333333333 0)
(0.00144 0.000453333333333333 0)
(0.00146666666666667 0.000453333333333333 0)
(0.00149333333333333 0.000453333333333333 0)
(0.00152 0.000453333333333333 0)
(0.00154666666666667 0.000453333333333333 0)
(0.00157333333333333 0.000453333333333333 0)
(0.0016 0.000453333333333333 0)
(0.00162666666666667 0.000453333333333333 0)
(0.00165333333333333 0.000453333333333333 0)
(0.00168 0.000453333333333333 0)
(0.00170666666666667 0.000453333333333333 0)
(0.00173333333333333 0.000453333333333333 0)
(0.00176 0.000453333333333333 0)
(0.00178666666666667 0.000453333333333333 0)
(0.00181333333333333 0.000453333333333333 0)
(0.00184 0.000453333333333333 0)
(0.00186666666666667 0.000453333333333333 0)
(0.00189333333333333 0.000453333333333333 0)
(0.00192 0.000453333333333333 0)
(0.00194666666666667 0.000453333333333333 0)
(0.00197333333333333 0.000453333333333333 0)
(0.002 0.000453333333333333 0)
(0 0.00048 0)
(2.66666666666667e-05 0.00048 0)
(5.33333333333333e-05 0.00048 0)
(8e-05 0.00048 0)
(0.000106666666666667 0.00048 0)
(0.000133333333333333 0.00048 0)
(0.00016 0.00048 0)
(0.000186666666666667 0.00048 0)
(0.000213333333333333 0.00048 0)
(0.00024 0.00048 0)
(0.000266666666666667 0.00048 0)
(0.000293333333333333 0.00048 0)
(0.00032 0.00048 0)
(0.000346666666666667 0.00048 0)
(0.000373333333333333 0.00048 0)
(0.0004 0.00048 0)
(0.000426666666666667 0.00048 0)
(0.000453333333333333 0.00048 0)
(0.00048 0.00048 0)
(0.000506666666666667 0.00048 0)
(0.000533333333333333 0.00048 0)
(0.00056 0.00048 0)
(0.000586666666666667 0.00048 0)
(0.000613333333333333 0.00048 0)
(0.00064 0.00048 0)
(0.000666666666666667 0.00048 0)
(0.000693333333333333 0.00048 0)
(0.00072 0.00048 0)
(0.000746666666666667 0.00048 0)
(0.000773333333333333 0.00048 0)
(0.0008 0.00048 0)
(0.000826666666666667 0.00048 0)
(0.000853333333333334 0.00048 0)
(0.00088 0.00048 0)
(0.000906666666666667 0.00048 0)
(0.000933333333333333 0.00048 0)
(0.00096 0.00048 0)
(0.000986666666666667 0.00048 0)
(0.00101333333333333 0.00048 0)
(0.00104 0.00048 0)
(0.00106666666666667 0.00048 0)
(0.00109333333333333 0.00048 0)
(0.00112 0.00048 0)
(0.00114666666666667 0.00048 0)
(0.00117333333333333 0.00048 0)
(0.0012 0.00048 0)
(0.00122666666666667 0.00048 0)
(0.00125333333333333 0.00048 0)
(0.00128 0.00048 0)
(0.00130666666666667 0.00048 0)
(0.00133333333333333 0.00048 0)
(0.00136 0.00048 0)
(0.00138666666666667 0.00048 0)
(0.00141333333333333 0.00048 0)
(0.00144 0.00048 0)
(0.00146666666666667 0.00048 0)
(0.00149333333333333 0.00048 0)
(0.00152 0.00048 0)
(0.00154666666666667 0.00048 0)
(0.00157333333333333 0.00048 0)
(0.0016 0.00048 0)
(0.00162666666666667 0.00048 0)
(0.00165333333333333 0.00048 0)
(0.00168 0.00048 0)
(0.00170666666666667 0.00048 0)
(0.00173333333333333 0.00048 0)
(0.00176 0.00048 0)
(0.00178666666666667 0.00048 0)
(0.00181333333333333 0.00048 0)
(0.00184 0.00048 0)
(0.00186666666666667 0.00048 0)
(0.00189333333333333 0.00048 0)
(0.00192 0.00048 0)
(0.00194666666666667 0.00048 0)
(0.00197333333333333 0.00048 0)
(0.002 0.00048 0)
(0 0.000506666666666667 0)
(2.66666666666667e-05 0.000506666666666667 0)
(5.33333333333333e-05 0.000506666666666667 0)
(8e-05 0.000506666666666667 0)
(0.000106666666666667 0.000506666666666667 0)
(0.000133333333333333 0.000506666666666667 0)
(0.00016 0.000506666666666667 0)
(0.000186666666666667 0.000506666666666667 0)
(0.000213333333333333 0.000506666666666667 0)
(0.00024 0.000506666666666667 0)
(0.000266666666666667 0.000506666666666667 0)
(0.000293333333333333 0.000506666666666667 0)
(0.00032 0.000506666666666667 0)
(0.000346666666666667 0.000506666666666667 0)
(0.000373333333333333 0.000506666666666667 0)
(0.0004 0.000506666666666667 0)
(0.000426666666666667 0.000506666666666667 0)
(0.000453333333333333 0.000506666666666667 0)
(0.00048 0.000506666666666667 0)
(0.000506666666666667 0.000506666666666667 0)
(0.000533333333333333 0.000506666666666667 0)
(0.00056 0.000506666666666667 0)
(0.000586666666666667 0.000506666666666667 0)
(0.000613333333333333 0.000506666666666667 0)
(0.00064 0.000506666666666667 0)
(0.000666666666666667 0.000506666666666667 0)
(0.000693333333333333 0.000506666666666667 0)
(0.00072 0.000506666666666667 0)
(0.000746666666666667 0.000506666666666667 0)
(0.000773333333333333 0.000506666666666667 0)
(0.0008 0.000506666666666667 0)
(0.000826666666666667 0.000506666666666667 0)
(0.000853333333333334 0.000506666666666667 0)
(0.00088 0.000506666666666667 0)
(0.000906666666666667 0.000506666666666667 0)
(0.000933333333333333 0.000506666666666667 0)
(0.00096 0.000506666666666667 0)
(0.000986666666666667 0.000506666666666667 0)
(0.00101333333333333 0.000506666666666667 0)
(0.00104 0.000506666666666667 0)
(0.00106666666666667 0.000506666666666667 0)
(0.00109333333333333 0.000506666666666667 0)
(0.00112 0.000506666666666667 0)
(0.00114666666666667 0.000506666666666667 0)
(0.00117333333333333 0.000506666666666667 0)
(0.0012 0.000506666666666667 0)
(0.00122666666666667 0.000506666666666667 0)
(0.00125333333333333 0.000506666666666667 0)
(0.00128 0.000506666666666667 0)
(0.00130666666666667 0.000506666666666667 0)
(0.00133333333333333 0.000506666666666667 0)
(0.00136 0.000506666666666667 0)
(0.00138666666666667 0.000506666666666667 0)
(0.00141333333333333 0.000506666666666667 0)
(0.00144 0.000506666666666667 0)
(0.00146666666666667 0.000506666666666667 0)
(0.00149333333333333 0.000506666666666667 0)
(0.00152 0.000506666666666667 0)
(0.00154666666666667 0.000506666666666667 0)
(0.00157333333333333 0.000506666666666667 0)
(0.0016 0.000506666666666667 0)
(0.00162666666666667 0.000506666666666667 0)
(0.00165333333333333 0.000506666666666667 0)
(0.00168 0.000506666666666667 0)
(0.00170666666666667 0.000506666666666667 0)
(0.00173333333333333 0.000506666666666667 0)
(0.00176 0.000506666666666667 0)
(0.00178666666666667 0.000506666666666667 0)
(0.00181333333333333 0.000506666666666667 0)
(0.00184 0.000506666666666667 0)
(0.00186666666666667 0.000506666666666667 0)
(0.00189333333333333 0.000506666666666667 0)
(0.00192 0.000506666666666667 0)
(0.00194666666666667 0.000506666666666667 0)
(0.00197333333333333 0.000506666666666667 0)
(0.002 0.000506666666666667 0)
(0 0.000533333333333333 0)
(2.66666666666667e-05 0.000533333333333333 0)
(5.33333333333333e-05 0.000533333333333333 0)
(8e-05 0.000533333333333333 0)
(0.000106666666666667 0.000533333333333333 0)
(0.000133333333333333 0.000533333333333333 0)
(0.00016 0.000533333333333333 0)
(0.000186666666666667 0.000533333333333333 0)
(0.000213333333333333 0.000533333333333333 0)
(0.00024 0.000533333333333333 0)
(0.000266666666666667 0.000533333333333333 0)
(0.000293333333333333 0.000533333333333333 0)
(0.00032 0.000533333333333333 0)
(0.000346666666666667 0.000533333333333333 0)
(0.000373333333333333 0.000533333333333333 0)
(0.0004 0.000533333333333333 0)
(0.000426666666666667 0.000533333333333333 0)
(0.000453333333333333 0.000533333333333333 0)
(0.00048 0.000533333333333333 0)
(0.000506666666666667 0.000533333333333333 0)
(0.000533333333333333 0.000533333333333333 0)
(0.00056 0.000533333333333333 0)
(0.000586666666666667 0.000533333333333333 0)
(0.000613333333333333 0.000533333333333333 0)
(0.00064 0.000533333333333333 0)
(0.000666666666666667 0.000533333333333333 0)
(0.000693333333333333 0.000533333333333333 0)
(0.00072 0.000533333333333333 0)
(0.000746666666666667 0.000533333333333333 0)
(0.000773333333333333 0.000533333333333333 0)
(0.0008 0.000533333333333333 0)
(0.000826666666666667 0.000533333333333333 0)
(0.000853333333333334 0.000533333333333333 0)
(0.00088 0.000533333333333333 0)
(0.000906666666666667 0.000533333333333333 0)
(0.000933333333333333 0.000533333333333333 0)
(0.00096 0.000533333333333333 0)
(0.000986666666666667 0.000533333333333333 0)
(0.00101333333333333 0.000533333333333333 0)
(0.00104 0.000533333333333333 0)
(0.00106666666666667 0.000533333333333333 0)
(0.00109333333333333 0.000533333333333333 0)
(0.00112 0.000533333333333333 0)
(0.00114666666666667 0.000533333333333333 0)
(0.00117333333333333 0.000533333333333333 0)
(0.0012 0.000533333333333333 0)
(0.00122666666666667 0.000533333333333333 0)
(0.00125333333333333 0.000533333333333333 0)
(0.00128 0.000533333333333333 0)
(0.00130666666666667 0.000533333333333333 0)
(0.00133333333333333 0.000533333333333333 0)
(0.00136 0.000533333333333333 0)
(0.00138666666666667 0.000533333333333333 0)
(0.00141333333333333 0.000533333333333333 0)
(0.00144 0.000533333333333333 0)
(0.00146666666666667 0.000533333333333333 0)
(0.00149333333333333 0.000533333333333333 0)
(0.00152 0.000533333333333333 0)
(0.00154666666666667 0.000533333333333333 0)
(0.00157333333333333 0.000533333333333333 0)
(0.0016 0.000533333333333333 0)
(0.00162666666666667 0.000533333333333333 0)
(0.00165333333333333 0.000533333333333333 0)
(0.00168 0.000533333333333333 0)
(0.00170666666666667 0.000533333333333333 0)
(0.00173333333333333 0.000533333333333333 0)
(0.00176 0.000533333333333333 0)
(0.00178666666666667 0.000533333333333333 0)
(0.00181333333333333 0.000533333333333333 0)
(0.00184 0.000533333333333333 0)
(0.00186666666666667 0.000533333333333333 0)
(0.00189333333333333 0.000533333333333333 0)
(0.00192 0.000533333333333333 0)
(0.00194666666666667 0.000533333333333333 0)
(0.00197333333333333 0.000533333333333333 0)
(0.002 0.000533333333333333 0)
(0 0.00056 0)
(2.66666666666667e-05 0.00056 0)
(5.33333333333333e-05 0.00056 0)
(8e-05 0.00056 0)
(0.000106666666666667 0.00056 0)
(0.000133333333333333 0.00056 0)
(0.00016 0.00056 0)
(0.000186666666666667 0.00056 0)
(0.000213333333333333 0.00056 0)
(0.00024 0.00056 0)
(0.000266666666666667 0.00056 0)
(0.000293333333333333 0.00056 0)
(0.00032 0.00056 0)
(0.000346666666666667 0.00056 0)
(0.000373333333333333 0.00056 0)
(0.0004 0.00056 0)
(0.000426666666666667 0.00056 0)
(0.000453333333333333 0.00056 0)
(0.00048 0.00056 0)
(0.000506666666666667 0.00056 0)
(0.000533333333333333 0.00056 0)
(0.00056 0.00056 0)
(0.000586666666666667 0.00056 0)
(0.000613333333333333 0.00056 0)
(0.00064 0.00056 0)
(0.000666666666666667 0.00056 0)
(0.000693333333333333 0.00056 0)
(0.00072 0.00056 0)
(0.000746666666666667 0.00056 0)
(0.000773333333333333 0.00056 0)
(0.0008 0.00056 0)
(0.000826666666666667 0.00056 0)
(0.000853333333333334 0.00056 0)
(0.00088 0.00056 0)
(0.000906666666666667 0.00056 0)
(0.000933333333333333 0.00056 0)
(0.00096 0.00056 0)
(0.000986666666666667 0.00056 0)
(0.00101333333333333 0.00056 0)
(0.00104 0.00056 0)
(0.00106666666666667 0.00056 0)
(0.00109333333333333 0.00056 0)
(0.00112 0.00056 0)
(0.00114666666666667 0.00056 0)
(0.00117333333333333 0.00056 0)
(0.0012 0.00056 0)
(0.00122666666666667 0.00056 0)
(0.00125333333333333 0.00056 0)
(0.00128 0.00056 0)
(0.00130666666666667 0.00056 0)
(0.00133333333333333 0.00056 0)
(0.00136 0.00056 0)
(0.00138666666666667 0.00056 0)
(0.00141333333333333 0.00056 0)
(0.00144 0.00056 0)
(0.00146666666666667 0.00056 0)
(0.00149333333333333 0.00056 0)
(0.00152 0.00056 0)
(0.00154666666666667 0.00056 0)
(0.00157333333333333 0.00056 0)
(0.0016 0.00056 0)
(0.00162666666666667 0.00056 0)
(0.00165333333333333 0.00056 0)
(0.00168 0.00056 0)
(0.00170666666666667 0.00056 0)
(0.00173333333333333 0.00056 0)
(0.00176 0.00056 0)
(0.00178666666666667 0.00056 0)
(0.00181333333333333 0.00056 0)
(0.00184 0.00056 0)
(0.00186666666666667 0.00056 0)
(0.00189333333333333 0.00056 0)
(0.00192 0.00056 0)
(0.00194666666666667 0.00056 0)
(0.00197333333333333 0.00056 0)
(0.002 0.00056 0)
(0 0.000586666666666667 0)
(2.66666666666667e-05 0.000586666666666667 0)
(5.33333333333333e-05 0.000586666666666667 0)
(8e-05 0.000586666666666667 0)
(0.000106666666666667 0.000586666666666667 0)
(0.000133333333333333 0.000586666666666667 0)
(0.00016 0.000586666666666667 0)
(0.000186666666666667 0.000586666666666667 0)
(0.000213333333333333 0.000586666666666667 0)
(0.00024 0.000586666666666667 0)
(0.000266666666666667 0.000586666666666667 0)
(0.000293333333333333 0.000586666666666667 0)
(0.00032 0.000586666666666667 0)
(0.000346666666666667 0.000586666666666667 0)
(0.000373333333333333 0.000586666666666667 0)
(0.0004 0.000586666666666667 0)
(0.000426666666666667 0.000586666666666667 0)
(0.000453333333333333 0.000586666666666667 0)
(0.00048 0.000586666666666667 0)
(0.000506666666666667 0.000586666666666667 0)
(0.000533333333333333 0.000586666666666667 0)
(0.00056 0.000586666666666667 0)
(0.000586666666666667 0.000586666666666667 0)
(0.000613333333333333 0.000586666666666667 0)
(0.00064 0.000586666666666667 0)
(0.000666666666666667 0.000586666666666667 0)
(0.000693333333333333 0.000586666666666667 0)
(0.00072 0.000586666666666667 0)
(0.000746666666666667 0.000586666666666667 0)
(0.000773333333333333 0.000586666666666667 0)
(0.0008 0.000586666666666667 0)
(0.000826666666666667 0.000586666666666667 0)
(0.000853333333333334 0.000586666666666667 0)
(0.00088 0.000586666666666667 0)
(0.000906666666666667 0.000586666666666667 0)
(0.000933333333333333 0.000586666666666667 0)
(0.00096 0.000586666666666667 0)
(0.000986666666666667 0.000586666666666667 0)
(0.00101333333333333 0.000586666666666667 0)
(0.00104 0.000586666666666667 0)
(0.00106666666666667 0.000586666666666667 0)
(0.00109333333333333 0.000586666666666667 0)
(0.00112 0.000586666666666667 0)
(0.00114666666666667 0.000586666666666667 0)
(0.00117333333333333 0.000586666666666667 0)
(0.0012 0.000586666666666667 0)
(0.00122666666666667 0.000586666666666667 0)
(0.00125333333333333 0.000586666666666667 0)
(0.00128 0.000586666666666667 0)
(0.00130666666666667 0.000586666666666667 0)
(0.00133333333333333 0.000586666666666667 0)
(0.00136 0.000586666666666667 0)
(0.00138666666666667 0.000586666666666667 0)
(0.00141333333333333 0.000586666666666667 0)
(0.00144 0.000586666666666667 0)
(0.00146666666666667 0.000586666666666667 0)
(0.00149333333333333 0.000586666666666667 0)
(0.00152 0.000586666666666667 0)
(0.00154666666666667 0.000586666666666667 0)
(0.00157333333333333 0.000586666666666667 0)
(0.0016 0.000586666666666667 0)
(0.00162666666666667 0.000586666666666667 0)
(0.00165333333333333 0.000586666666666667 0)
(0.00168 0.000586666666666667 0)
(0.00170666666666667 0.000586666666666667 0)
(0.00173333333333333 0.000586666666666667 0)
(0.00176 0.000586666666666667 0)
(0.00178666666666667 0.000586666666666667 0)
(0.00181333333333333 0.000586666666666667 0)
(0.00184 0.000586666666666667 0)
(0.00186666666666667 0.000586666666666667 0)
(0.00189333333333333 0.000586666666666667 0)
(0.00192 0.000586666666666667 0)
(0.00194666666666667 0.000586666666666667 0)
(0.00197333333333333 0.000586666666666667 0)
(0.002 0.000586666666666667 0)
(0 0.000613333333333333 0)
(2.66666666666667e-05 0.000613333333333333 0)
(5.33333333333333e-05 0.000613333333333333 0)
(8e-05 0.000613333333333333 0)
(0.000106666666666667 0.000613333333333333 0)
(0.000133333333333333 0.000613333333333334 0)
(0.00016 0.000613333333333333 0)
(0.000186666666666667 0.000613333333333333 0)
(0.000213333333333333 0.000613333333333333 0)
(0.00024 0.000613333333333333 0)
(0.000266666666666667 0.000613333333333333 0)
(0.000293333333333333 0.000613333333333333 0)
(0.00032 0.000613333333333333 0)
(0.000346666666666667 0.000613333333333333 0)
(0.000373333333333333 0.000613333333333333 0)
(0.0004 0.000613333333333333 0)
(0.000426666666666667 0.000613333333333333 0)
(0.000453333333333333 0.000613333333333333 0)
(0.00048 0.000613333333333333 0)
(0.000506666666666667 0.000613333333333333 0)
(0.000533333333333333 0.000613333333333333 0)
(0.00056 0.000613333333333333 0)
(0.000586666666666667 0.000613333333333333 0)
(0.000613333333333333 0.000613333333333333 0)
(0.00064 0.000613333333333334 0)
(0.000666666666666667 0.000613333333333333 0)
(0.000693333333333333 0.000613333333333333 0)
(0.00072 0.000613333333333334 0)
(0.000746666666666667 0.000613333333333333 0)
(0.000773333333333333 0.000613333333333333 0)
(0.0008 0.000613333333333333 0)
(0.000826666666666667 0.000613333333333333 0)
(0.000853333333333333 0.000613333333333333 0)
(0.00088 0.000613333333333334 0)
(0.000906666666666667 0.000613333333333333 0)
(0.000933333333333333 0.000613333333333333 0)
(0.00096 0.000613333333333333 0)
(0.000986666666666667 0.000613333333333333 0)
(0.00101333333333333 0.000613333333333333 0)
(0.00104 0.000613333333333333 0)
(0.00106666666666667 0.000613333333333333 0)
(0.00109333333333333 0.000613333333333333 0)
(0.00112 0.000613333333333333 0)
(0.00114666666666667 0.000613333333333333 0)
(0.00117333333333333 0.000613333333333333 0)
(0.0012 0.000613333333333333 0)
(0.00122666666666667 0.000613333333333333 0)
(0.00125333333333333 0.000613333333333333 0)
(0.00128 0.000613333333333333 0)
(0.00130666666666667 0.000613333333333333 0)
(0.00133333333333333 0.000613333333333333 0)
(0.00136 0.000613333333333333 0)
(0.00138666666666667 0.000613333333333333 0)
(0.00141333333333333 0.000613333333333333 0)
(0.00144 0.000613333333333333 0)
(0.00146666666666667 0.000613333333333333 0)
(0.00149333333333333 0.000613333333333333 0)
(0.00152 0.000613333333333333 0)
(0.00154666666666667 0.000613333333333333 0)
(0.00157333333333333 0.000613333333333333 0)
(0.0016 0.000613333333333333 0)
(0.00162666666666667 0.000613333333333333 0)
(0.00165333333333333 0.000613333333333333 0)
(0.00168 0.000613333333333333 0)
(0.00170666666666667 0.000613333333333333 0)
(0.00173333333333333 0.000613333333333333 0)
(0.00176 0.000613333333333333 0)
(0.00178666666666667 0.000613333333333333 0)
(0.00181333333333333 0.000613333333333333 0)
(0.00184 0.000613333333333333 0)
(0.00186666666666667 0.000613333333333333 0)
(0.00189333333333333 0.000613333333333333 0)
(0.00192 0.000613333333333333 0)
(0.00194666666666667 0.000613333333333333 0)
(0.00197333333333333 0.000613333333333333 0)
(0.002 0.000613333333333333 0)
(0 0.00064 0)
(2.66666666666667e-05 0.00064 0)
(5.33333333333333e-05 0.00064 0)
(8e-05 0.00064 0)
(0.000106666666666667 0.00064 0)
(0.000133333333333333 0.00064 0)
(0.00016 0.00064 0)
(0.000186666666666667 0.00064 0)
(0.000213333333333333 0.00064 0)
(0.00024 0.00064 0)
(0.000266666666666667 0.00064 0)
(0.000293333333333333 0.00064 0)
(0.00032 0.00064 0)
(0.000346666666666667 0.00064 0)
(0.000373333333333333 0.00064 0)
(0.0004 0.00064 0)
(0.000426666666666667 0.00064 0)
(0.000453333333333333 0.00064 0)
(0.00048 0.00064 0)
(0.000506666666666667 0.00064 0)
(0.000533333333333333 0.00064 0)
(0.00056 0.00064 0)
(0.000586666666666667 0.00064 0)
(0.000613333333333333 0.00064 0)
(0.00064 0.00064 0)
(0.000666666666666667 0.00064 0)
(0.000693333333333333 0.00064 0)
(0.00072 0.00064 0)
(0.000746666666666667 0.00064 0)
(0.000773333333333333 0.00064 0)
(0.0008 0.00064 0)
(0.000826666666666667 0.00064 0)
(0.000853333333333334 0.00064 0)
(0.00088 0.00064 0)
(0.000906666666666667 0.00064 0)
(0.000933333333333333 0.00064 0)
(0.00096 0.00064 0)
(0.000986666666666667 0.00064 0)
(0.00101333333333333 0.00064 0)
(0.00104 0.00064 0)
(0.00106666666666667 0.00064 0)
(0.00109333333333333 0.00064 0)
(0.00112 0.00064 0)
(0.00114666666666667 0.00064 0)
(0.00117333333333333 0.00064 0)
(0.0012 0.00064 0)
(0.00122666666666667 0.00064 0)
(0.00125333333333333 0.00064 0)
(0.00128 0.00064 0)
(0.00130666666666667 0.00064 0)
(0.00133333333333333 0.00064 0)
(0.00136 0.00064 0)
(0.00138666666666667 0.00064 0)
(0.00141333333333333 0.00064 0)
(0.00144 0.00064 0)
(0.00146666666666667 0.00064 0)
(0.00149333333333333 0.00064 0)
(0.00152 0.00064 0)
(0.00154666666666667 0.00064 0)
(0.00157333333333333 0.00064 0)
(0.0016 0.00064 0)
(0.00162666666666667 0.00064 0)
(0.00165333333333333 0.00064 0)
(0.00168 0.00064 0)
(0.00170666666666667 0.00064 0)
(0.00173333333333333 0.00064 0)
(0.00176 0.00064 0)
(0.00178666666666667 0.00064 0)
(0.00181333333333333 0.00064 0)
(0.00184 0.00064 0)
(0.00186666666666667 0.00064 0)
(0.00189333333333333 0.00064 0)
(0.00192 0.00064 0)
(0.00194666666666667 0.00064 0)
(0.00197333333333333 0.00064 0)
(0.002 0.00064 0)
(0 0.000666666666666667 0)
(2.66666666666667e-05 0.000666666666666667 0)
(5.33333333333333e-05 0.000666666666666667 0)
(8e-05 0.000666666666666667 0)
(0.000106666666666667 0.000666666666666667 0)
(0.000133333333333333 0.000666666666666667 0)
(0.00016 0.000666666666666667 0)
(0.000186666666666667 0.000666666666666667 0)
(0.000213333333333333 0.000666666666666667 0)
(0.00024 0.000666666666666667 0)
(0.000266666666666667 0.000666666666666667 0)
(0.000293333333333333 0.000666666666666667 0)
(0.00032 0.000666666666666667 0)
(0.000346666666666667 0.000666666666666667 0)
(0.000373333333333333 0.000666666666666667 0)
(0.0004 0.000666666666666667 0)
(0.000426666666666667 0.000666666666666667 0)
(0.000453333333333333 0.000666666666666667 0)
(0.00048 0.000666666666666667 0)
(0.000506666666666667 0.000666666666666667 0)
(0.000533333333333333 0.000666666666666667 0)
(0.00056 0.000666666666666667 0)
(0.000586666666666667 0.000666666666666667 0)
(0.000613333333333333 0.000666666666666667 0)
(0.00064 0.000666666666666667 0)
(0.000666666666666667 0.000666666666666667 0)
(0.000693333333333333 0.000666666666666667 0)
(0.00072 0.000666666666666667 0)
(0.000746666666666667 0.000666666666666667 0)
(0.000773333333333333 0.000666666666666667 0)
(0.0008 0.000666666666666667 0)
(0.000826666666666667 0.000666666666666667 0)
(0.000853333333333334 0.000666666666666667 0)
(0.00088 0.000666666666666667 0)
(0.000906666666666667 0.000666666666666667 0)
(0.000933333333333333 0.000666666666666667 0)
(0.00096 0.000666666666666667 0)
(0.000986666666666667 0.000666666666666667 0)
(0.00101333333333333 0.000666666666666667 0)
(0.00104 0.000666666666666667 0)
(0.00106666666666667 0.000666666666666667 0)
(0.00109333333333333 0.000666666666666667 0)
(0.00112 0.000666666666666667 0)
(0.00114666666666667 0.000666666666666667 0)
(0.00117333333333333 0.000666666666666667 0)
(0.0012 0.000666666666666667 0)
(0.00122666666666667 0.000666666666666667 0)
(0.00125333333333333 0.000666666666666667 0)
(0.00128 0.000666666666666667 0)
(0.00130666666666667 0.000666666666666667 0)
(0.00133333333333333 0.000666666666666667 0)
(0.00136 0.000666666666666667 0)
(0.00138666666666667 0.000666666666666667 0)
(0.00141333333333333 0.000666666666666667 0)
(0.00144 0.000666666666666667 0)
(0.00146666666666667 0.000666666666666667 0)
(0.00149333333333333 0.000666666666666667 0)
(0.00152 0.000666666666666667 0)
(0.00154666666666667 0.000666666666666667 0)
(0.00157333333333333 0.000666666666666667 0)
(0.0016 0.000666666666666667 0)
(0.00162666666666667 0.000666666666666667 0)
(0.00165333333333333 0.000666666666666667 0)
(0.00168 0.000666666666666667 0)
(0.00170666666666667 0.000666666666666667 0)
(0.00173333333333333 0.000666666666666667 0)
(0.00176 0.000666666666666667 0)
(0.00178666666666667 0.000666666666666667 0)
(0.00181333333333333 0.000666666666666667 0)
(0.00184 0.000666666666666667 0)
(0.00186666666666667 0.000666666666666667 0)
(0.00189333333333333 0.000666666666666667 0)
(0.00192 0.000666666666666667 0)
(0.00194666666666667 0.000666666666666667 0)
(0.00197333333333333 0.000666666666666667 0)
(0.002 0.000666666666666667 0)
(0 0.000693333333333333 0)
(2.66666666666667e-05 0.000693333333333333 0)
(5.33333333333333e-05 0.000693333333333333 0)
(8e-05 0.000693333333333333 0)
(0.000106666666666667 0.000693333333333333 0)
(0.000133333333333333 0.000693333333333333 0)
(0.00016 0.000693333333333333 0)
(0.000186666666666667 0.000693333333333333 0)
(0.000213333333333333 0.000693333333333333 0)
(0.00024 0.000693333333333333 0)
(0.000266666666666667 0.000693333333333333 0)
(0.000293333333333333 0.000693333333333333 0)
(0.00032 0.000693333333333333 0)
(0.000346666666666667 0.000693333333333333 0)
(0.000373333333333333 0.000693333333333333 0)
(0.0004 0.000693333333333333 0)
(0.000426666666666667 0.000693333333333333 0)
(0.000453333333333333 0.000693333333333333 0)
(0.00048 0.000693333333333333 0)
(0.000506666666666667 0.000693333333333333 0)
(0.000533333333333333 0.000693333333333333 0)
(0.00056 0.000693333333333333 0)
(0.000586666666666667 0.000693333333333333 0)
(0.000613333333333333 0.000693333333333333 0)
(0.00064 0.000693333333333333 0)
(0.000666666666666667 0.000693333333333333 0)
(0.000693333333333333 0.000693333333333333 0)
(0.00072 0.000693333333333333 0)
(0.000746666666666667 0.000693333333333333 0)
(0.000773333333333333 0.000693333333333333 0)
(0.0008 0.000693333333333333 0)
(0.000826666666666667 0.000693333333333333 0)
(0.000853333333333334 0.000693333333333333 0)
(0.00088 0.000693333333333333 0)
(0.000906666666666667 0.000693333333333333 0)
(0.000933333333333333 0.000693333333333333 0)
(0.00096 0.000693333333333333 0)
(0.000986666666666667 0.000693333333333333 0)
(0.00101333333333333 0.000693333333333333 0)
(0.00104 0.000693333333333333 0)
(0.00106666666666667 0.000693333333333333 0)
(0.00109333333333333 0.000693333333333333 0)
(0.00112 0.000693333333333333 0)
(0.00114666666666667 0.000693333333333333 0)
(0.00117333333333333 0.000693333333333333 0)
(0.0012 0.000693333333333333 0)
(0.00122666666666667 0.000693333333333333 0)
(0.00125333333333333 0.000693333333333333 0)
(0.00128 0.000693333333333333 0)
(0.00130666666666667 0.000693333333333333 0)
(0.00133333333333333 0.000693333333333333 0)
(0.00136 0.000693333333333333 0)
(0.00138666666666667 0.000693333333333333 0)
(0.00141333333333333 0.000693333333333333 0)
(0.00144 0.000693333333333333 0)
(0.00146666666666667 0.000693333333333333 0)
(0.00149333333333333 0.000693333333333333 0)
(0.00152 0.000693333333333333 0)
(0.00154666666666667 0.000693333333333333 0)
(0.00157333333333333 0.000693333333333333 0)
(0.0016 0.000693333333333333 0)
(0.00162666666666667 0.000693333333333333 0)
(0.00165333333333333 0.000693333333333333 0)
(0.00168 0.000693333333333333 0)
(0.00170666666666667 0.000693333333333333 0)
(0.00173333333333333 0.000693333333333333 0)
(0.00176 0.000693333333333333 0)
(0.00178666666666667 0.000693333333333333 0)
(0.00181333333333333 0.000693333333333333 0)
(0.00184 0.000693333333333333 0)
(0.00186666666666667 0.000693333333333333 0)
(0.00189333333333333 0.000693333333333333 0)
(0.00192 0.000693333333333333 0)
(0.00194666666666667 0.000693333333333333 0)
(0.00197333333333333 0.000693333333333333 0)
(0.002 0.000693333333333333 0)
(0 0.00072 0)
(2.66666666666667e-05 0.00072 0)
(5.33333333333333e-05 0.00072 0)
(8e-05 0.00072 0)
(0.000106666666666667 0.00072 0)
(0.000133333333333333 0.00072 0)
(0.00016 0.00072 0)
(0.000186666666666667 0.00072 0)
(0.000213333333333333 0.00072 0)
(0.00024 0.00072 0)
(0.000266666666666667 0.00072 0)
(0.000293333333333333 0.00072 0)
(0.00032 0.00072 0)
(0.000346666666666667 0.00072 0)
(0.000373333333333333 0.00072 0)
(0.0004 0.00072 0)
(0.000426666666666667 0.00072 0)
(0.000453333333333333 0.00072 0)
(0.00048 0.00072 0)
(0.000506666666666667 0.00072 0)
(0.000533333333333333 0.00072 0)
(0.00056 0.00072 0)
(0.000586666666666667 0.00072 0)
(0.000613333333333333 0.00072 0)
(0.00064 0.00072 0)
(0.000666666666666667 0.00072 0)
(0.000693333333333333 0.00072 0)
(0.00072 0.00072 0)
(0.000746666666666667 0.00072 0)
(0.000773333333333333 0.00072 0)
(0.0008 0.00072 0)
(0.000826666666666667 0.00072 0)
(0.000853333333333333 0.00072 0)
(0.00088 0.00072 0)
(0.000906666666666667 0.00072 0)
(0.000933333333333333 0.00072 0)
(0.00096 0.00072 0)
(0.000986666666666667 0.00072 0)
(0.00101333333333333 0.00072 0)
(0.00104 0.00072 0)
(0.00106666666666667 0.00072 0)
(0.00109333333333333 0.00072 0)
(0.00112 0.00072 0)
(0.00114666666666667 0.00072 0)
(0.00117333333333333 0.00072 0)
(0.0012 0.00072 0)
(0.00122666666666667 0.00072 0)
(0.00125333333333333 0.00072 0)
(0.00128 0.00072 0)
(0.00130666666666667 0.00072 0)
(0.00133333333333333 0.00072 0)
(0.00136 0.00072 0)
(0.00138666666666667 0.00072 0)
(0.00141333333333333 0.00072 0)
(0.00144 0.00072 0)
(0.00146666666666667 0.00072 0)
(0.00149333333333333 0.00072 0)
(0.00152 0.00072 0)
(0.00154666666666667 0.00072 0)
(0.00157333333333333 0.00072 0)
(0.0016 0.00072 0)
(0.00162666666666667 0.00072 0)
(0.00165333333333333 0.00072 0)
(0.00168 0.00072 0)
(0.00170666666666667 0.00072 0)
(0.00173333333333333 0.00072 0)
(0.00176 0.00072 0)
(0.00178666666666667 0.00072 0)
(0.00181333333333333 0.00072 0)
(0.00184 0.00072 0)
(0.00186666666666667 0.00072 0)
(0.00189333333333333 0.00072 0)
(0.00192 0.00072 0)
(0.00194666666666667 0.00072 0)
(0.00197333333333333 0.00072 0)
(0.002 0.00072 0)
(0 0.000746666666666667 0)
(2.66666666666667e-05 0.000746666666666667 0)
(5.33333333333333e-05 0.000746666666666667 0)
(8e-05 0.000746666666666667 0)
(0.000106666666666667 0.000746666666666667 0)
(0.000133333333333333 0.000746666666666667 0)
(0.00016 0.000746666666666667 0)
(0.000186666666666667 0.000746666666666667 0)
(0.000213333333333333 0.000746666666666667 0)
(0.00024 0.000746666666666667 0)
(0.000266666666666667 0.000746666666666667 0)
(0.000293333333333333 0.000746666666666667 0)
(0.00032 0.000746666666666667 0)
(0.000346666666666667 0.000746666666666667 0)
(0.000373333333333333 0.000746666666666667 0)
(0.0004 0.000746666666666667 0)
(0.000426666666666667 0.000746666666666667 0)
(0.000453333333333333 0.000746666666666667 0)
(0.00048 0.000746666666666667 0)
(0.000506666666666667 0.000746666666666667 0)
(0.000533333333333333 0.000746666666666667 0)
(0.00056 0.000746666666666667 0)
(0.000586666666666667 0.000746666666666667 0)
(0.000613333333333333 0.000746666666666667 0)
(0.00064 0.000746666666666667 0)
(0.000666666666666667 0.000746666666666667 0)
(0.000693333333333333 0.000746666666666667 0)
(0.00072 0.000746666666666667 0)
(0.000746666666666667 0.000746666666666667 0)
(0.000773333333333333 0.000746666666666667 0)
(0.0008 0.000746666666666667 0)
(0.000826666666666667 0.000746666666666667 0)
(0.000853333333333333 0.000746666666666667 0)
(0.00088 0.000746666666666667 0)
(0.000906666666666667 0.000746666666666667 0)
(0.000933333333333333 0.000746666666666667 0)
(0.00096 0.000746666666666667 0)
(0.000986666666666667 0.000746666666666667 0)
(0.00101333333333333 0.000746666666666667 0)
(0.00104 0.000746666666666667 0)
(0.00106666666666667 0.000746666666666667 0)
(0.00109333333333333 0.000746666666666667 0)
(0.00112 0.000746666666666667 0)
(0.00114666666666667 0.000746666666666667 0)
(0.00117333333333333 0.000746666666666667 0)
(0.0012 0.000746666666666667 0)
(0.00122666666666667 0.000746666666666667 0)
(0.00125333333333333 0.000746666666666667 0)
(0.00128 0.000746666666666667 0)
(0.00130666666666667 0.000746666666666667 0)
(0.00133333333333333 0.000746666666666667 0)
(0.00136 0.000746666666666667 0)
(0.00138666666666667 0.000746666666666667 0)
(0.00141333333333333 0.000746666666666667 0)
(0.00144 0.000746666666666667 0)
(0.00146666666666667 0.000746666666666667 0)
(0.00149333333333333 0.000746666666666667 0)
(0.00152 0.000746666666666667 0)
(0.00154666666666667 0.000746666666666667 0)
(0.00157333333333333 0.000746666666666667 0)
(0.0016 0.000746666666666667 0)
(0.00162666666666667 0.000746666666666667 0)
(0.00165333333333333 0.000746666666666667 0)
(0.00168 0.000746666666666667 0)
(0.00170666666666667 0.000746666666666667 0)
(0.00173333333333333 0.000746666666666667 0)
(0.00176 0.000746666666666667 0)
(0.00178666666666667 0.000746666666666667 0)
(0.00181333333333333 0.000746666666666667 0)
(0.00184 0.000746666666666667 0)
(0.00186666666666667 0.000746666666666667 0)
(0.00189333333333333 0.000746666666666667 0)
(0.00192 0.000746666666666667 0)
(0.00194666666666667 0.000746666666666667 0)
(0.00197333333333333 0.000746666666666667 0)
(0.002 0.000746666666666667 0)
(0 0.000773333333333333 0)
(2.66666666666667e-05 0.000773333333333333 0)
(5.33333333333333e-05 0.000773333333333333 0)
(8e-05 0.000773333333333333 0)
(0.000106666666666667 0.000773333333333333 0)
(0.000133333333333333 0.000773333333333333 0)
(0.00016 0.000773333333333334 0)
(0.000186666666666667 0.000773333333333333 0)
(0.000213333333333333 0.000773333333333333 0)
(0.00024 0.000773333333333333 0)
(0.000266666666666667 0.000773333333333333 0)
(0.000293333333333333 0.000773333333333333 0)
(0.00032 0.000773333333333333 0)
(0.000346666666666667 0.000773333333333333 0)
(0.000373333333333333 0.000773333333333333 0)
(0.0004 0.000773333333333334 0)
(0.000426666666666667 0.000773333333333333 0)
(0.000453333333333333 0.000773333333333333 0)
(0.00048 0.000773333333333333 0)
(0.000506666666666667 0.000773333333333333 0)
(0.000533333333333333 0.000773333333333333 0)
(0.00056 0.000773333333333333 0)
(0.000586666666666667 0.000773333333333333 0)
(0.000613333333333333 0.000773333333333333 0)
(0.00064 0.000773333333333333 0)
(0.000666666666666667 0.000773333333333333 0)
(0.000693333333333333 0.000773333333333333 0)
(0.00072 0.000773333333333333 0)
(0.000746666666666667 0.000773333333333333 0)
(0.000773333333333333 0.000773333333333333 0)
(0.0008 0.000773333333333333 0)
(0.000826666666666667 0.000773333333333333 0)
(0.000853333333333333 0.000773333333333333 0)
(0.00088 0.000773333333333333 0)
(0.000906666666666667 0.000773333333333333 0)
(0.000933333333333333 0.000773333333333333 0)
(0.00096 0.000773333333333333 0)
(0.000986666666666667 0.000773333333333333 0)
(0.00101333333333333 0.000773333333333333 0)
(0.00104 0.000773333333333333 0)
(0.00106666666666667 0.000773333333333333 0)
(0.00109333333333333 0.000773333333333333 0)
(0.00112 0.000773333333333333 0)
(0.00114666666666667 0.000773333333333333 0)
(0.00117333333333333 0.000773333333333333 0)
(0.0012 0.000773333333333333 0)
(0.00122666666666667 0.000773333333333333 0)
(0.00125333333333333 0.000773333333333333 0)
(0.00128 0.000773333333333333 0)
(0.00130666666666667 0.000773333333333333 0)
(0.00133333333333333 0.000773333333333333 0)
(0.00136 0.000773333333333333 0)
(0.00138666666666667 0.000773333333333333 0)
(0.00141333333333333 0.000773333333333333 0)
(0.00144 0.000773333333333333 0)
(0.00146666666666667 0.000773333333333333 0)
(0.00149333333333333 0.000773333333333333 0)
(0.00152 0.000773333333333333 0)
(0.00154666666666667 0.000773333333333333 0)
(0.00157333333333333 0.000773333333333333 0)
(0.0016 0.000773333333333333 0)
(0.00162666666666667 0.000773333333333333 0)
(0.00165333333333333 0.000773333333333333 0)
(0.00168 0.000773333333333333 0)
(0.00170666666666667 0.000773333333333333 0)
(0.00173333333333333 0.000773333333333333 0)
(0.00176 0.000773333333333333 0)
(0.00178666666666667 0.000773333333333333 0)
(0.00181333333333333 0.000773333333333333 0)
(0.00184 0.000773333333333333 0)
(0.00186666666666667 0.000773333333333333 0)
(0.00189333333333333 0.000773333333333333 0)
(0.00192 0.000773333333333333 0)
(0.00194666666666667 0.000773333333333333 0)
(0.00197333333333333 0.000773333333333333 0)
(0.002 0.000773333333333333 0)
(0 0.0008 0)
(2.66666666666667e-05 0.0008 0)
(5.33333333333333e-05 0.0008 0)
(8e-05 0.0008 0)
(0.000106666666666667 0.0008 0)
(0.000133333333333333 0.0008 0)
(0.00016 0.0008 0)
(0.000186666666666667 0.0008 0)
(0.000213333333333333 0.0008 0)
(0.00024 0.0008 0)
(0.000266666666666667 0.0008 0)
(0.000293333333333333 0.0008 0)
(0.00032 0.0008 0)
(0.000346666666666667 0.0008 0)
(0.000373333333333333 0.0008 0)
(0.0004 0.0008 0)
(0.000426666666666667 0.0008 0)
(0.000453333333333333 0.0008 0)
(0.00048 0.0008 0)
(0.000506666666666667 0.0008 0)
(0.000533333333333333 0.0008 0)
(0.00056 0.0008 0)
(0.000586666666666667 0.0008 0)
(0.000613333333333333 0.0008 0)
(0.00064 0.0008 0)
(0.000666666666666667 0.0008 0)
(0.000693333333333333 0.0008 0)
(0.00072 0.0008 0)
(0.000746666666666667 0.0008 0)
(0.000773333333333333 0.0008 0)
(0.0008 0.0008 0)
(0.000826666666666667 0.0008 0)
(0.000853333333333333 0.0008 0)
(0.00088 0.0008 0)
(0.000906666666666667 0.0008 0)
(0.000933333333333333 0.0008 0)
(0.00096 0.0008 0)
(0.000986666666666667 0.0008 0)
(0.00101333333333333 0.0008 0)
(0.00104 0.0008 0)
(0.00106666666666667 0.0008 0)
(0.00109333333333333 0.0008 0)
(0.00112 0.0008 0)
(0.00114666666666667 0.0008 0)
(0.00117333333333333 0.0008 0)
(0.0012 0.0008 0)
(0.00122666666666667 0.0008 0)
(0.00125333333333333 0.0008 0)
(0.00128 0.0008 0)
(0.00130666666666667 0.0008 0)
(0.00133333333333333 0.0008 0)
(0.00136 0.0008 0)
(0.00138666666666667 0.0008 0)
(0.00141333333333333 0.0008 0)
(0.00144 0.0008 0)
(0.00146666666666667 0.0008 0)
(0.00149333333333333 0.0008 0)
(0.00152 0.0008 0)
(0.00154666666666667 0.0008 0)
(0.00157333333333333 0.0008 0)
(0.0016 0.0008 0)
(0.00162666666666667 0.0008 0)
(0.00165333333333333 0.0008 0)
(0.00168 0.0008 0)
(0.00170666666666667 0.0008 0)
(0.00173333333333333 0.0008 0)
(0.00176 0.0008 0)
(0.00178666666666667 0.0008 0)
(0.00181333333333333 0.0008 0)
(0.00184 0.0008 0)
(0.00186666666666667 0.0008 0)
(0.00189333333333333 0.0008 0)
(0.00192 0.0008 0)
(0.00194666666666667 0.0008 0)
(0.00197333333333333 0.0008 0)
(0.002 0.0008 0)
(0 0 0.002)
(2.66666666666667e-05 0 0.002)
(5.33333333333333e-05 0 0.002)
(8e-05 0 0.002)
(0.000106666666666667 0 0.002)
(0.000133333333333333 0 0.002)
(0.00016 0 0.002)
(0.000186666666666667 0 0.002)
(0.000213333333333333 0 0.002)
(0.00024 0 0.002)
(0.000266666666666667 0 0.002)
(0.000293333333333333 0 0.002)
(0.00032 0 0.002)
(0.000346666666666667 0 0.002)
(0.000373333333333333 0 0.002)
(0.0004 0 0.002)
(0.000426666666666667 0 0.002)
(0.000453333333333333 0 0.002)
(0.00048 0 0.002)
(0.000506666666666667 0 0.002)
(0.000533333333333333 0 0.002)
(0.00056 0 0.002)
(0.000586666666666667 0 0.002)
(0.000613333333333333 0 0.002)
(0.00064 0 0.002)
(0.000666666666666667 0 0.002)
(0.000693333333333333 0 0.002)
(0.00072 0 0.002)
(0.000746666666666667 0 0.002)
(0.000773333333333333 0 0.002)
(0.0008 0 0.002)
(0.000826666666666667 0 0.002)
(0.000853333333333333 0 0.002)
(0.00088 0 0.002)
(0.000906666666666667 0 0.002)
(0.000933333333333333 0 0.002)
(0.00096 0 0.002)
(0.000986666666666667 0 0.002)
(0.00101333333333333 0 0.002)
(0.00104 0 0.002)
(0.00106666666666667 0 0.002)
(0.00109333333333333 0 0.002)
(0.00112 0 0.002)
(0.00114666666666667 0 0.002)
(0.00117333333333333 0 0.002)
(0.0012 0 0.002)
(0.00122666666666667 0 0.002)
(0.00125333333333333 0 0.002)
(0.00128 0 0.002)
(0.00130666666666667 0 0.002)
(0.00133333333333333 0 0.002)
(0.00136 0 0.002)
(0.00138666666666667 0 0.002)
(0.00141333333333333 0 0.002)
(0.00144 0 0.002)
(0.00146666666666667 0 0.002)
(0.00149333333333333 0 0.002)
(0.00152 0 0.002)
(0.00154666666666667 0 0.002)
(0.00157333333333333 0 0.002)
(0.0016 0 0.002)
(0.00162666666666667 0 0.002)
(0.00165333333333333 0 0.002)
(0.00168 0 0.002)
(0.00170666666666667 0 0.002)
(0.00173333333333333 0 0.002)
(0.00176 0 0.002)
(0.00178666666666667 0 0.002)
(0.00181333333333333 0 0.002)
(0.00184 0 0.002)
(0.00186666666666667 0 0.002)
(0.00189333333333333 0 0.002)
(0.00192 0 0.002)
(0.00194666666666667 0 0.002)
(0.00197333333333333 0 0.002)
(0.002 0 0.002)
(0 2.66666666666667e-05 0.002)
(2.66666666666667e-05 2.66666666666667e-05 0.002)
(5.33333333333333e-05 2.66666666666667e-05 0.002)
(8e-05 2.66666666666667e-05 0.002)
(0.000106666666666667 2.66666666666667e-05 0.002)
(0.000133333333333333 2.66666666666667e-05 0.002)
(0.00016 2.66666666666667e-05 0.002)
(0.000186666666666667 2.66666666666667e-05 0.002)
(0.000213333333333333 2.66666666666667e-05 0.002)
(0.00024 2.66666666666667e-05 0.002)
(0.000266666666666667 2.66666666666667e-05 0.002)
(0.000293333333333333 2.66666666666667e-05 0.002)
(0.00032 2.66666666666667e-05 0.002)
(0.000346666666666667 2.66666666666667e-05 0.002)
(0.000373333333333333 2.66666666666667e-05 0.002)
(0.0004 2.66666666666667e-05 0.002)
(0.000426666666666667 2.66666666666667e-05 0.002)
(0.000453333333333333 2.66666666666667e-05 0.002)
(0.00048 2.66666666666667e-05 0.002)
(0.000506666666666667 2.66666666666667e-05 0.002)
(0.000533333333333333 2.66666666666667e-05 0.002)
(0.00056 2.66666666666667e-05 0.002)
(0.000586666666666667 2.66666666666667e-05 0.002)
(0.000613333333333333 2.66666666666667e-05 0.002)
(0.00064 2.66666666666667e-05 0.002)
(0.000666666666666667 2.66666666666667e-05 0.002)
(0.000693333333333333 2.66666666666667e-05 0.002)
(0.00072 2.66666666666667e-05 0.002)
(0.000746666666666667 2.66666666666667e-05 0.002)
(0.000773333333333333 2.66666666666667e-05 0.002)
(0.0008 2.66666666666667e-05 0.002)
(0.000826666666666667 2.66666666666667e-05 0.002)
(0.000853333333333333 2.66666666666667e-05 0.002)
(0.00088 2.66666666666667e-05 0.002)
(0.000906666666666667 2.66666666666667e-05 0.002)
(0.000933333333333333 2.66666666666667e-05 0.002)
(0.00096 2.66666666666667e-05 0.002)
(0.000986666666666667 2.66666666666667e-05 0.002)
(0.00101333333333333 2.66666666666667e-05 0.002)
(0.00104 2.66666666666667e-05 0.002)
(0.00106666666666667 2.66666666666667e-05 0.002)
(0.00109333333333333 2.66666666666667e-05 0.002)
(0.00112 2.66666666666667e-05 0.002)
(0.00114666666666667 2.66666666666667e-05 0.002)
(0.00117333333333333 2.66666666666667e-05 0.002)
(0.0012 2.66666666666667e-05 0.002)
(0.00122666666666667 2.66666666666667e-05 0.002)
(0.00125333333333333 2.66666666666667e-05 0.002)
(0.00128 2.66666666666667e-05 0.002)
(0.00130666666666667 2.66666666666667e-05 0.002)
(0.00133333333333333 2.66666666666667e-05 0.002)
(0.00136 2.66666666666667e-05 0.002)
(0.00138666666666667 2.66666666666667e-05 0.002)
(0.00141333333333333 2.66666666666667e-05 0.002)
(0.00144 2.66666666666667e-05 0.002)
(0.00146666666666667 2.66666666666667e-05 0.002)
(0.00149333333333333 2.66666666666667e-05 0.002)
(0.00152 2.66666666666667e-05 0.002)
(0.00154666666666667 2.66666666666667e-05 0.002)
(0.00157333333333333 2.66666666666667e-05 0.002)
(0.0016 2.66666666666667e-05 0.002)
(0.00162666666666667 2.66666666666667e-05 0.002)
(0.00165333333333333 2.66666666666667e-05 0.002)
(0.00168 2.66666666666667e-05 0.002)
(0.00170666666666667 2.66666666666667e-05 0.002)
(0.00173333333333333 2.66666666666667e-05 0.002)
(0.00176 2.66666666666667e-05 0.002)
(0.00178666666666667 2.66666666666667e-05 0.002)
(0.00181333333333333 2.66666666666667e-05 0.002)
(0.00184 2.66666666666667e-05 0.002)
(0.00186666666666667 2.66666666666667e-05 0.002)
(0.00189333333333333 2.66666666666667e-05 0.002)
(0.00192 2.66666666666667e-05 0.002)
(0.00194666666666667 2.66666666666667e-05 0.002)
(0.00197333333333333 2.66666666666667e-05 0.002)
(0.002 2.66666666666667e-05 0.002)
(0 5.33333333333333e-05 0.002)
(2.66666666666667e-05 5.33333333333333e-05 0.002)
(5.33333333333333e-05 5.33333333333333e-05 0.002)
(8e-05 5.33333333333333e-05 0.002)
(0.000106666666666667 5.33333333333333e-05 0.002)
(0.000133333333333333 5.33333333333333e-05 0.002)
(0.00016 5.33333333333333e-05 0.002)
(0.000186666666666667 5.33333333333333e-05 0.002)
(0.000213333333333333 5.33333333333333e-05 0.002)
(0.00024 5.33333333333333e-05 0.002)
(0.000266666666666667 5.33333333333333e-05 0.002)
(0.000293333333333333 5.33333333333333e-05 0.002)
(0.00032 5.33333333333333e-05 0.002)
(0.000346666666666667 5.33333333333333e-05 0.002)
(0.000373333333333333 5.33333333333333e-05 0.002)
(0.0004 5.33333333333333e-05 0.002)
(0.000426666666666667 5.33333333333333e-05 0.002)
(0.000453333333333333 5.33333333333333e-05 0.002)
(0.00048 5.33333333333333e-05 0.002)
(0.000506666666666667 5.33333333333333e-05 0.002)
(0.000533333333333333 5.33333333333333e-05 0.002)
(0.00056 5.33333333333333e-05 0.002)
(0.000586666666666667 5.33333333333333e-05 0.002)
(0.000613333333333333 5.33333333333333e-05 0.002)
(0.00064 5.33333333333333e-05 0.002)
(0.000666666666666667 5.33333333333333e-05 0.002)
(0.000693333333333333 5.33333333333333e-05 0.002)
(0.00072 5.33333333333333e-05 0.002)
(0.000746666666666667 5.33333333333333e-05 0.002)
(0.000773333333333333 5.33333333333333e-05 0.002)
(0.0008 5.33333333333333e-05 0.002)
(0.000826666666666667 5.33333333333333e-05 0.002)
(0.000853333333333333 5.33333333333333e-05 0.002)
(0.00088 5.33333333333333e-05 0.002)
(0.000906666666666667 5.33333333333333e-05 0.002)
(0.000933333333333333 5.33333333333333e-05 0.002)
(0.00096 5.33333333333333e-05 0.002)
(0.000986666666666667 5.33333333333333e-05 0.002)
(0.00101333333333333 5.33333333333333e-05 0.002)
(0.00104 5.33333333333333e-05 0.002)
(0.00106666666666667 5.33333333333333e-05 0.002)
(0.00109333333333333 5.33333333333333e-05 0.002)
(0.00112 5.33333333333333e-05 0.002)
(0.00114666666666667 5.33333333333333e-05 0.002)
(0.00117333333333333 5.33333333333333e-05 0.002)
(0.0012 5.33333333333333e-05 0.002)
(0.00122666666666667 5.33333333333333e-05 0.002)
(0.00125333333333333 5.33333333333333e-05 0.002)
(0.00128 5.33333333333333e-05 0.002)
(0.00130666666666667 5.33333333333333e-05 0.002)
(0.00133333333333333 5.33333333333333e-05 0.002)
(0.00136 5.33333333333333e-05 0.002)
(0.00138666666666667 5.33333333333333e-05 0.002)
(0.00141333333333333 5.33333333333333e-05 0.002)
(0.00144 5.33333333333333e-05 0.002)
(0.00146666666666667 5.33333333333333e-05 0.002)
(0.00149333333333333 5.33333333333333e-05 0.002)
(0.00152 5.33333333333333e-05 0.002)
(0.00154666666666667 5.33333333333333e-05 0.002)
(0.00157333333333333 5.33333333333333e-05 0.002)
(0.0016 5.33333333333333e-05 0.002)
(0.00162666666666667 5.33333333333333e-05 0.002)
(0.00165333333333333 5.33333333333333e-05 0.002)
(0.00168 5.33333333333333e-05 0.002)
(0.00170666666666667 5.33333333333333e-05 0.002)
(0.00173333333333333 5.33333333333333e-05 0.002)
(0.00176 5.33333333333333e-05 0.002)
(0.00178666666666667 5.33333333333333e-05 0.002)
(0.00181333333333333 5.33333333333333e-05 0.002)
(0.00184 5.33333333333333e-05 0.002)
(0.00186666666666667 5.33333333333333e-05 0.002)
(0.00189333333333333 5.33333333333333e-05 0.002)
(0.00192 5.33333333333333e-05 0.002)
(0.00194666666666667 5.33333333333333e-05 0.002)
(0.00197333333333333 5.33333333333333e-05 0.002)
(0.002 5.33333333333333e-05 0.002)
(0 8e-05 0.002)
(2.66666666666667e-05 8e-05 0.002)
(5.33333333333333e-05 8e-05 0.002)
(8e-05 8e-05 0.002)
(0.000106666666666667 8e-05 0.002)
(0.000133333333333333 8e-05 0.002)
(0.00016 8e-05 0.002)
(0.000186666666666667 8e-05 0.002)
(0.000213333333333333 8e-05 0.002)
(0.00024 8e-05 0.002)
(0.000266666666666667 8e-05 0.002)
(0.000293333333333333 8e-05 0.002)
(0.00032 8e-05 0.002)
(0.000346666666666667 8e-05 0.002)
(0.000373333333333333 8e-05 0.002)
(0.0004 8e-05 0.002)
(0.000426666666666667 8e-05 0.002)
(0.000453333333333333 8e-05 0.002)
(0.00048 8e-05 0.002)
(0.000506666666666667 8e-05 0.002)
(0.000533333333333333 8e-05 0.002)
(0.00056 8e-05 0.002)
(0.000586666666666667 8e-05 0.002)
(0.000613333333333333 8e-05 0.002)
(0.00064 8e-05 0.002)
(0.000666666666666667 8e-05 0.002)
(0.000693333333333333 8e-05 0.002)
(0.00072 8e-05 0.002)
(0.000746666666666667 8e-05 0.002)
(0.000773333333333333 8e-05 0.002)
(0.0008 8e-05 0.002)
(0.000826666666666667 8e-05 0.002)
(0.000853333333333333 8e-05 0.002)
(0.00088 8e-05 0.002)
(0.000906666666666667 8e-05 0.002)
(0.000933333333333333 8e-05 0.002)
(0.00096 8e-05 0.002)
(0.000986666666666667 8e-05 0.002)
(0.00101333333333333 8e-05 0.002)
(0.00104 8e-05 0.002)
(0.00106666666666667 8e-05 0.002)
(0.00109333333333333 8e-05 0.002)
(0.00112 8e-05 0.002)
(0.00114666666666667 8e-05 0.002)
(0.00117333333333333 8e-05 0.002)
(0.0012 8e-05 0.002)
(0.00122666666666667 8e-05 0.002)
(0.00125333333333333 8e-05 0.002)
(0.00128 8e-05 0.002)
(0.00130666666666667 8e-05 0.002)
(0.00133333333333333 8e-05 0.002)
(0.00136 8e-05 0.002)
(0.00138666666666667 8e-05 0.002)
(0.00141333333333333 8e-05 0.002)
(0.00144 8e-05 0.002)
(0.00146666666666667 8e-05 0.002)
(0.00149333333333333 8e-05 0.002)
(0.00152 8e-05 0.002)
(0.00154666666666667 8e-05 0.002)
(0.00157333333333333 8e-05 0.002)
(0.0016 8e-05 0.002)
(0.00162666666666667 8e-05 0.002)
(0.00165333333333333 8e-05 0.002)
(0.00168 8e-05 0.002)
(0.00170666666666667 8e-05 0.002)
(0.00173333333333333 8e-05 0.002)
(0.00176 8e-05 0.002)
(0.00178666666666667 8e-05 0.002)
(0.00181333333333333 8e-05 0.002)
(0.00184 8e-05 0.002)
(0.00186666666666667 8e-05 0.002)
(0.00189333333333333 8e-05 0.002)
(0.00192 8e-05 0.002)
(0.00194666666666667 8e-05 0.002)
(0.00197333333333333 8e-05 0.002)
(0.002 8e-05 0.002)
(0 0.000106666666666667 0.002)
(2.66666666666667e-05 0.000106666666666667 0.002)
(5.33333333333333e-05 0.000106666666666667 0.002)
(8e-05 0.000106666666666667 0.002)
(0.000106666666666667 0.000106666666666667 0.002)
(0.000133333333333333 0.000106666666666667 0.002)
(0.00016 0.000106666666666667 0.002)
(0.000186666666666667 0.000106666666666667 0.002)
(0.000213333333333333 0.000106666666666667 0.002)
(0.00024 0.000106666666666667 0.002)
(0.000266666666666667 0.000106666666666667 0.002)
(0.000293333333333333 0.000106666666666667 0.002)
(0.00032 0.000106666666666667 0.002)
(0.000346666666666667 0.000106666666666667 0.002)
(0.000373333333333333 0.000106666666666667 0.002)
(0.0004 0.000106666666666667 0.002)
(0.000426666666666667 0.000106666666666667 0.002)
(0.000453333333333333 0.000106666666666667 0.002)
(0.00048 0.000106666666666667 0.002)
(0.000506666666666667 0.000106666666666667 0.002)
(0.000533333333333333 0.000106666666666667 0.002)
(0.00056 0.000106666666666667 0.002)
(0.000586666666666667 0.000106666666666667 0.002)
(0.000613333333333333 0.000106666666666667 0.002)
(0.00064 0.000106666666666667 0.002)
(0.000666666666666667 0.000106666666666667 0.002)
(0.000693333333333333 0.000106666666666667 0.002)
(0.00072 0.000106666666666667 0.002)
(0.000746666666666667 0.000106666666666667 0.002)
(0.000773333333333333 0.000106666666666667 0.002)
(0.0008 0.000106666666666667 0.002)
(0.000826666666666667 0.000106666666666667 0.002)
(0.000853333333333334 0.000106666666666667 0.002)
(0.00088 0.000106666666666667 0.002)
(0.000906666666666667 0.000106666666666667 0.002)
(0.000933333333333333 0.000106666666666667 0.002)
(0.00096 0.000106666666666667 0.002)
(0.000986666666666667 0.000106666666666667 0.002)
(0.00101333333333333 0.000106666666666667 0.002)
(0.00104 0.000106666666666667 0.002)
(0.00106666666666667 0.000106666666666667 0.002)
(0.00109333333333333 0.000106666666666667 0.002)
(0.00112 0.000106666666666667 0.002)
(0.00114666666666667 0.000106666666666667 0.002)
(0.00117333333333333 0.000106666666666667 0.002)
(0.0012 0.000106666666666667 0.002)
(0.00122666666666667 0.000106666666666667 0.002)
(0.00125333333333333 0.000106666666666667 0.002)
(0.00128 0.000106666666666667 0.002)
(0.00130666666666667 0.000106666666666667 0.002)
(0.00133333333333333 0.000106666666666667 0.002)
(0.00136 0.000106666666666667 0.002)
(0.00138666666666667 0.000106666666666667 0.002)
(0.00141333333333333 0.000106666666666667 0.002)
(0.00144 0.000106666666666667 0.002)
(0.00146666666666667 0.000106666666666667 0.002)
(0.00149333333333333 0.000106666666666667 0.002)
(0.00152 0.000106666666666667 0.002)
(0.00154666666666667 0.000106666666666667 0.002)
(0.00157333333333333 0.000106666666666667 0.002)
(0.0016 0.000106666666666667 0.002)
(0.00162666666666667 0.000106666666666667 0.002)
(0.00165333333333333 0.000106666666666667 0.002)
(0.00168 0.000106666666666667 0.002)
(0.00170666666666667 0.000106666666666667 0.002)
(0.00173333333333333 0.000106666666666667 0.002)
(0.00176 0.000106666666666667 0.002)
(0.00178666666666667 0.000106666666666667 0.002)
(0.00181333333333333 0.000106666666666667 0.002)
(0.00184 0.000106666666666667 0.002)
(0.00186666666666667 0.000106666666666667 0.002)
(0.00189333333333333 0.000106666666666667 0.002)
(0.00192 0.000106666666666667 0.002)
(0.00194666666666667 0.000106666666666667 0.002)
(0.00197333333333333 0.000106666666666667 0.002)
(0.002 0.000106666666666667 0.002)
(0 0.000133333333333333 0.002)
(2.66666666666667e-05 0.000133333333333333 0.002)
(5.33333333333333e-05 0.000133333333333333 0.002)
(8e-05 0.000133333333333333 0.002)
(0.000106666666666667 0.000133333333333333 0.002)
(0.000133333333333333 0.000133333333333333 0.002)
(0.00016 0.000133333333333333 0.002)
(0.000186666666666667 0.000133333333333333 0.002)
(0.000213333333333333 0.000133333333333333 0.002)
(0.00024 0.000133333333333333 0.002)
(0.000266666666666667 0.000133333333333333 0.002)
(0.000293333333333333 0.000133333333333333 0.002)
(0.00032 0.000133333333333333 0.002)
(0.000346666666666667 0.000133333333333333 0.002)
(0.000373333333333333 0.000133333333333333 0.002)
(0.0004 0.000133333333333333 0.002)
(0.000426666666666667 0.000133333333333333 0.002)
(0.000453333333333333 0.000133333333333333 0.002)
(0.00048 0.000133333333333333 0.002)
(0.000506666666666667 0.000133333333333333 0.002)
(0.000533333333333333 0.000133333333333333 0.002)
(0.00056 0.000133333333333333 0.002)
(0.000586666666666667 0.000133333333333333 0.002)
(0.000613333333333333 0.000133333333333333 0.002)
(0.00064 0.000133333333333333 0.002)
(0.000666666666666667 0.000133333333333333 0.002)
(0.000693333333333333 0.000133333333333333 0.002)
(0.00072 0.000133333333333333 0.002)
(0.000746666666666667 0.000133333333333333 0.002)
(0.000773333333333334 0.000133333333333333 0.002)
(0.0008 0.000133333333333333 0.002)
(0.000826666666666667 0.000133333333333333 0.002)
(0.000853333333333334 0.000133333333333333 0.002)
(0.00088 0.000133333333333333 0.002)
(0.000906666666666667 0.000133333333333333 0.002)
(0.000933333333333333 0.000133333333333333 0.002)
(0.00096 0.000133333333333333 0.002)
(0.000986666666666667 0.000133333333333333 0.002)
(0.00101333333333333 0.000133333333333333 0.002)
(0.00104 0.000133333333333333 0.002)
(0.00106666666666667 0.000133333333333333 0.002)
(0.00109333333333333 0.000133333333333333 0.002)
(0.00112 0.000133333333333333 0.002)
(0.00114666666666667 0.000133333333333333 0.002)
(0.00117333333333333 0.000133333333333333 0.002)
(0.0012 0.000133333333333333 0.002)
(0.00122666666666667 0.000133333333333333 0.002)
(0.00125333333333333 0.000133333333333333 0.002)
(0.00128 0.000133333333333333 0.002)
(0.00130666666666667 0.000133333333333333 0.002)
(0.00133333333333333 0.000133333333333333 0.002)
(0.00136 0.000133333333333333 0.002)
(0.00138666666666667 0.000133333333333333 0.002)
(0.00141333333333333 0.000133333333333333 0.002)
(0.00144 0.000133333333333333 0.002)
(0.00146666666666667 0.000133333333333333 0.002)
(0.00149333333333333 0.000133333333333333 0.002)
(0.00152 0.000133333333333333 0.002)
(0.00154666666666667 0.000133333333333333 0.002)
(0.00157333333333333 0.000133333333333333 0.002)
(0.0016 0.000133333333333333 0.002)
(0.00162666666666667 0.000133333333333333 0.002)
(0.00165333333333333 0.000133333333333333 0.002)
(0.00168 0.000133333333333333 0.002)
(0.00170666666666667 0.000133333333333333 0.002)
(0.00173333333333333 0.000133333333333333 0.002)
(0.00176 0.000133333333333333 0.002)
(0.00178666666666667 0.000133333333333333 0.002)
(0.00181333333333333 0.000133333333333333 0.002)
(0.00184 0.000133333333333333 0.002)
(0.00186666666666667 0.000133333333333333 0.002)
(0.00189333333333333 0.000133333333333333 0.002)
(0.00192 0.000133333333333333 0.002)
(0.00194666666666667 0.000133333333333333 0.002)
(0.00197333333333333 0.000133333333333333 0.002)
(0.002 0.000133333333333333 0.002)
(0 0.00016 0.002)
(2.66666666666667e-05 0.00016 0.002)
(5.33333333333333e-05 0.00016 0.002)
(8e-05 0.00016 0.002)
(0.000106666666666667 0.00016 0.002)
(0.000133333333333333 0.00016 0.002)
(0.00016 0.00016 0.002)
(0.000186666666666667 0.00016 0.002)
(0.000213333333333333 0.00016 0.002)
(0.00024 0.00016 0.002)
(0.000266666666666667 0.00016 0.002)
(0.000293333333333333 0.00016 0.002)
(0.00032 0.00016 0.002)
(0.000346666666666667 0.00016 0.002)
(0.000373333333333333 0.00016 0.002)
(0.0004 0.00016 0.002)
(0.000426666666666667 0.00016 0.002)
(0.000453333333333333 0.00016 0.002)
(0.00048 0.00016 0.002)
(0.000506666666666667 0.00016 0.002)
(0.000533333333333333 0.00016 0.002)
(0.00056 0.00016 0.002)
(0.000586666666666667 0.00016 0.002)
(0.000613333333333333 0.00016 0.002)
(0.00064 0.00016 0.002)
(0.000666666666666667 0.00016 0.002)
(0.000693333333333333 0.00016 0.002)
(0.00072 0.00016 0.002)
(0.000746666666666667 0.00016 0.002)
(0.000773333333333333 0.00016 0.002)
(0.0008 0.00016 0.002)
(0.000826666666666667 0.00016 0.002)
(0.000853333333333334 0.00016 0.002)
(0.00088 0.00016 0.002)
(0.000906666666666667 0.00016 0.002)
(0.000933333333333333 0.00016 0.002)
(0.00096 0.00016 0.002)
(0.000986666666666667 0.00016 0.002)
(0.00101333333333333 0.00016 0.002)
(0.00104 0.00016 0.002)
(0.00106666666666667 0.00016 0.002)
(0.00109333333333333 0.00016 0.002)
(0.00112 0.00016 0.002)
(0.00114666666666667 0.00016 0.002)
(0.00117333333333333 0.00016 0.002)
(0.0012 0.00016 0.002)
(0.00122666666666667 0.00016 0.002)
(0.00125333333333333 0.00016 0.002)
(0.00128 0.00016 0.002)
(0.00130666666666667 0.00016 0.002)
(0.00133333333333333 0.00016 0.002)
(0.00136 0.00016 0.002)
(0.00138666666666667 0.00016 0.002)
(0.00141333333333333 0.00016 0.002)
(0.00144 0.00016 0.002)
(0.00146666666666667 0.00016 0.002)
(0.00149333333333333 0.00016 0.002)
(0.00152 0.00016 0.002)
(0.00154666666666667 0.00016 0.002)
(0.00157333333333333 0.00016 0.002)
(0.0016 0.00016 0.002)
(0.00162666666666667 0.00016 0.002)
(0.00165333333333333 0.00016 0.002)
(0.00168 0.00016 0.002)
(0.00170666666666667 0.00016 0.002)
(0.00173333333333333 0.00016 0.002)
(0.00176 0.00016 0.002)
(0.00178666666666667 0.00016 0.002)
(0.00181333333333333 0.00016 0.002)
(0.00184 0.00016 0.002)
(0.00186666666666667 0.00016 0.002)
(0.00189333333333333 0.00016 0.002)
(0.00192 0.00016 0.002)
(0.00194666666666667 0.00016 0.002)
(0.00197333333333333 0.00016 0.002)
(0.002 0.00016 0.002)
(0 0.000186666666666667 0.002)
(2.66666666666667e-05 0.000186666666666667 0.002)
(5.33333333333333e-05 0.000186666666666667 0.002)
(8e-05 0.000186666666666667 0.002)
(0.000106666666666667 0.000186666666666667 0.002)
(0.000133333333333333 0.000186666666666667 0.002)
(0.00016 0.000186666666666667 0.002)
(0.000186666666666667 0.000186666666666667 0.002)
(0.000213333333333333 0.000186666666666667 0.002)
(0.00024 0.000186666666666667 0.002)
(0.000266666666666667 0.000186666666666667 0.002)
(0.000293333333333333 0.000186666666666667 0.002)
(0.00032 0.000186666666666667 0.002)
(0.000346666666666667 0.000186666666666667 0.002)
(0.000373333333333333 0.000186666666666667 0.002)
(0.0004 0.000186666666666667 0.002)
(0.000426666666666667 0.000186666666666667 0.002)
(0.000453333333333333 0.000186666666666667 0.002)
(0.00048 0.000186666666666667 0.002)
(0.000506666666666667 0.000186666666666667 0.002)
(0.000533333333333333 0.000186666666666667 0.002)
(0.00056 0.000186666666666667 0.002)
(0.000586666666666667 0.000186666666666667 0.002)
(0.000613333333333333 0.000186666666666667 0.002)
(0.00064 0.000186666666666667 0.002)
(0.000666666666666667 0.000186666666666667 0.002)
(0.000693333333333333 0.000186666666666667 0.002)
(0.00072 0.000186666666666667 0.002)
(0.000746666666666667 0.000186666666666667 0.002)
(0.000773333333333333 0.000186666666666667 0.002)
(0.0008 0.000186666666666667 0.002)
(0.000826666666666667 0.000186666666666667 0.002)
(0.000853333333333333 0.000186666666666667 0.002)
(0.00088 0.000186666666666667 0.002)
(0.000906666666666667 0.000186666666666667 0.002)
(0.000933333333333333 0.000186666666666667 0.002)
(0.00096 0.000186666666666667 0.002)
(0.000986666666666667 0.000186666666666667 0.002)
(0.00101333333333333 0.000186666666666667 0.002)
(0.00104 0.000186666666666667 0.002)
(0.00106666666666667 0.000186666666666667 0.002)
(0.00109333333333333 0.000186666666666667 0.002)
(0.00112 0.000186666666666667 0.002)
(0.00114666666666667 0.000186666666666667 0.002)
(0.00117333333333333 0.000186666666666667 0.002)
(0.0012 0.000186666666666667 0.002)
(0.00122666666666667 0.000186666666666667 0.002)
(0.00125333333333333 0.000186666666666667 0.002)
(0.00128 0.000186666666666667 0.002)
(0.00130666666666667 0.000186666666666667 0.002)
(0.00133333333333333 0.000186666666666667 0.002)
(0.00136 0.000186666666666667 0.002)
(0.00138666666666667 0.000186666666666667 0.002)
(0.00141333333333333 0.000186666666666667 0.002)
(0.00144 0.000186666666666667 0.002)
(0.00146666666666667 0.000186666666666667 0.002)
(0.00149333333333333 0.000186666666666667 0.002)
(0.00152 0.000186666666666667 0.002)
(0.00154666666666667 0.000186666666666667 0.002)
(0.00157333333333333 0.000186666666666667 0.002)
(0.0016 0.000186666666666667 0.002)
(0.00162666666666667 0.000186666666666667 0.002)
(0.00165333333333333 0.000186666666666667 0.002)
(0.00168 0.000186666666666667 0.002)
(0.00170666666666667 0.000186666666666667 0.002)
(0.00173333333333333 0.000186666666666667 0.002)
(0.00176 0.000186666666666667 0.002)
(0.00178666666666667 0.000186666666666667 0.002)
(0.00181333333333333 0.000186666666666667 0.002)
(0.00184 0.000186666666666667 0.002)
(0.00186666666666667 0.000186666666666667 0.002)
(0.00189333333333333 0.000186666666666667 0.002)
(0.00192 0.000186666666666667 0.002)
(0.00194666666666667 0.000186666666666667 0.002)
(0.00197333333333333 0.000186666666666667 0.002)
(0.002 0.000186666666666667 0.002)
(0 0.000213333333333333 0.002)
(2.66666666666667e-05 0.000213333333333333 0.002)
(5.33333333333333e-05 0.000213333333333333 0.002)
(8e-05 0.000213333333333333 0.002)
(0.000106666666666667 0.000213333333333333 0.002)
(0.000133333333333333 0.000213333333333333 0.002)
(0.00016 0.000213333333333333 0.002)
(0.000186666666666667 0.000213333333333333 0.002)
(0.000213333333333333 0.000213333333333333 0.002)
(0.00024 0.000213333333333333 0.002)
(0.000266666666666667 0.000213333333333333 0.002)
(0.000293333333333333 0.000213333333333333 0.002)
(0.00032 0.000213333333333333 0.002)
(0.000346666666666667 0.000213333333333333 0.002)
(0.000373333333333333 0.000213333333333333 0.002)
(0.0004 0.000213333333333333 0.002)
(0.000426666666666667 0.000213333333333333 0.002)
(0.000453333333333333 0.000213333333333333 0.002)
(0.00048 0.000213333333333333 0.002)
(0.000506666666666667 0.000213333333333333 0.002)
(0.000533333333333333 0.000213333333333333 0.002)
(0.00056 0.000213333333333333 0.002)
(0.000586666666666667 0.000213333333333333 0.002)
(0.000613333333333333 0.000213333333333333 0.002)
(0.00064 0.000213333333333333 0.002)
(0.000666666666666667 0.000213333333333333 0.002)
(0.000693333333333333 0.000213333333333333 0.002)
(0.00072 0.000213333333333333 0.002)
(0.000746666666666667 0.000213333333333333 0.002)
(0.000773333333333333 0.000213333333333333 0.002)
(0.0008 0.000213333333333333 0.002)
(0.000826666666666667 0.000213333333333333 0.002)
(0.000853333333333334 0.000213333333333333 0.002)
(0.00088 0.000213333333333333 0.002)
(0.000906666666666666 0.000213333333333333 0.002)
(0.000933333333333333 0.000213333333333333 0.002)
(0.00096 0.000213333333333333 0.002)
(0.000986666666666667 0.000213333333333333 0.002)
(0.00101333333333333 0.000213333333333333 0.002)
(0.00104 0.000213333333333333 0.002)
(0.00106666666666667 0.000213333333333333 0.002)
(0.00109333333333333 0.000213333333333333 0.002)
(0.00112 0.000213333333333333 0.002)
(0.00114666666666667 0.000213333333333333 0.002)
(0.00117333333333333 0.000213333333333333 0.002)
(0.0012 0.000213333333333333 0.002)
(0.00122666666666667 0.000213333333333333 0.002)
(0.00125333333333333 0.000213333333333333 0.002)
(0.00128 0.000213333333333333 0.002)
(0.00130666666666667 0.000213333333333333 0.002)
(0.00133333333333333 0.000213333333333333 0.002)
(0.00136 0.000213333333333333 0.002)
(0.00138666666666667 0.000213333333333333 0.002)
(0.00141333333333333 0.000213333333333333 0.002)
(0.00144 0.000213333333333333 0.002)
(0.00146666666666667 0.000213333333333333 0.002)
(0.00149333333333333 0.000213333333333333 0.002)
(0.00152 0.000213333333333333 0.002)
(0.00154666666666667 0.000213333333333333 0.002)
(0.00157333333333333 0.000213333333333333 0.002)
(0.0016 0.000213333333333333 0.002)
(0.00162666666666667 0.000213333333333333 0.002)
(0.00165333333333333 0.000213333333333333 0.002)
(0.00168 0.000213333333333333 0.002)
(0.00170666666666667 0.000213333333333333 0.002)
(0.00173333333333333 0.000213333333333333 0.002)
(0.00176 0.000213333333333333 0.002)
(0.00178666666666667 0.000213333333333333 0.002)
(0.00181333333333333 0.000213333333333333 0.002)
(0.00184 0.000213333333333333 0.002)
(0.00186666666666667 0.000213333333333333 0.002)
(0.00189333333333333 0.000213333333333333 0.002)
(0.00192 0.000213333333333333 0.002)
(0.00194666666666667 0.000213333333333333 0.002)
(0.00197333333333333 0.000213333333333333 0.002)
(0.002 0.000213333333333333 0.002)
(0 0.00024 0.002)
(2.66666666666667e-05 0.00024 0.002)
(5.33333333333333e-05 0.00024 0.002)
(8e-05 0.00024 0.002)
(0.000106666666666667 0.00024 0.002)
(0.000133333333333333 0.00024 0.002)
(0.00016 0.00024 0.002)
(0.000186666666666667 0.00024 0.002)
(0.000213333333333333 0.00024 0.002)
(0.00024 0.00024 0.002)
(0.000266666666666667 0.00024 0.002)
(0.000293333333333333 0.00024 0.002)
(0.00032 0.00024 0.002)
(0.000346666666666667 0.00024 0.002)
(0.000373333333333333 0.00024 0.002)
(0.0004 0.00024 0.002)
(0.000426666666666667 0.00024 0.002)
(0.000453333333333333 0.00024 0.002)
(0.00048 0.00024 0.002)
(0.000506666666666667 0.00024 0.002)
(0.000533333333333333 0.00024 0.002)
(0.00056 0.00024 0.002)
(0.000586666666666667 0.00024 0.002)
(0.000613333333333333 0.00024 0.002)
(0.00064 0.00024 0.002)
(0.000666666666666667 0.00024 0.002)
(0.000693333333333333 0.00024 0.002)
(0.00072 0.00024 0.002)
(0.000746666666666667 0.00024 0.002)
(0.000773333333333333 0.00024 0.002)
(0.0008 0.00024 0.002)
(0.000826666666666667 0.00024 0.002)
(0.000853333333333334 0.00024 0.002)
(0.00088 0.00024 0.002)
(0.000906666666666667 0.00024 0.002)
(0.000933333333333333 0.00024 0.002)
(0.00096 0.00024 0.002)
(0.000986666666666667 0.00024 0.002)
(0.00101333333333333 0.00024 0.002)
(0.00104 0.00024 0.002)
(0.00106666666666667 0.00024 0.002)
(0.00109333333333333 0.00024 0.002)
(0.00112 0.00024 0.002)
(0.00114666666666667 0.00024 0.002)
(0.00117333333333333 0.00024 0.002)
(0.0012 0.00024 0.002)
(0.00122666666666667 0.00024 0.002)
(0.00125333333333333 0.00024 0.002)
(0.00128 0.00024 0.002)
(0.00130666666666667 0.00024 0.002)
(0.00133333333333333 0.00024 0.002)
(0.00136 0.00024 0.002)
(0.00138666666666667 0.00024 0.002)
(0.00141333333333333 0.00024 0.002)
(0.00144 0.00024 0.002)
(0.00146666666666667 0.00024 0.002)
(0.00149333333333333 0.00024 0.002)
(0.00152 0.00024 0.002)
(0.00154666666666667 0.00024 0.002)
(0.00157333333333333 0.00024 0.002)
(0.0016 0.00024 0.002)
(0.00162666666666667 0.00024 0.002)
(0.00165333333333333 0.00024 0.002)
(0.00168 0.00024 0.002)
(0.00170666666666667 0.00024 0.002)
(0.00173333333333333 0.00024 0.002)
(0.00176 0.00024 0.002)
(0.00178666666666667 0.00024 0.002)
(0.00181333333333333 0.00024 0.002)
(0.00184 0.00024 0.002)
(0.00186666666666667 0.00024 0.002)
(0.00189333333333333 0.00024 0.002)
(0.00192 0.00024 0.002)
(0.00194666666666667 0.00024 0.002)
(0.00197333333333333 0.00024 0.002)
(0.002 0.00024 0.002)
(0 0.000266666666666667 0.002)
(2.66666666666667e-05 0.000266666666666667 0.002)
(5.33333333333333e-05 0.000266666666666667 0.002)
(8e-05 0.000266666666666667 0.002)
(0.000106666666666667 0.000266666666666667 0.002)
(0.000133333333333333 0.000266666666666667 0.002)
(0.00016 0.000266666666666667 0.002)
(0.000186666666666667 0.000266666666666667 0.002)
(0.000213333333333333 0.000266666666666667 0.002)
(0.00024 0.000266666666666667 0.002)
(0.000266666666666667 0.000266666666666667 0.002)
(0.000293333333333333 0.000266666666666667 0.002)
(0.00032 0.000266666666666667 0.002)
(0.000346666666666667 0.000266666666666667 0.002)
(0.000373333333333333 0.000266666666666667 0.002)
(0.0004 0.000266666666666667 0.002)
(0.000426666666666667 0.000266666666666667 0.002)
(0.000453333333333333 0.000266666666666667 0.002)
(0.00048 0.000266666666666667 0.002)
(0.000506666666666667 0.000266666666666667 0.002)
(0.000533333333333333 0.000266666666666667 0.002)
(0.00056 0.000266666666666667 0.002)
(0.000586666666666667 0.000266666666666667 0.002)
(0.000613333333333333 0.000266666666666667 0.002)
(0.00064 0.000266666666666667 0.002)
(0.000666666666666667 0.000266666666666667 0.002)
(0.000693333333333333 0.000266666666666667 0.002)
(0.00072 0.000266666666666667 0.002)
(0.000746666666666667 0.000266666666666667 0.002)
(0.000773333333333333 0.000266666666666667 0.002)
(0.0008 0.000266666666666667 0.002)
(0.000826666666666667 0.000266666666666667 0.002)
(0.000853333333333334 0.000266666666666667 0.002)
(0.00088 0.000266666666666667 0.002)
(0.000906666666666667 0.000266666666666667 0.002)
(0.000933333333333334 0.000266666666666667 0.002)
(0.00096 0.000266666666666667 0.002)
(0.000986666666666667 0.000266666666666667 0.002)
(0.00101333333333333 0.000266666666666667 0.002)
(0.00104 0.000266666666666667 0.002)
(0.00106666666666667 0.000266666666666667 0.002)
(0.00109333333333333 0.000266666666666667 0.002)
(0.00112 0.000266666666666667 0.002)
(0.00114666666666667 0.000266666666666667 0.002)
(0.00117333333333333 0.000266666666666667 0.002)
(0.0012 0.000266666666666667 0.002)
(0.00122666666666667 0.000266666666666667 0.002)
(0.00125333333333333 0.000266666666666667 0.002)
(0.00128 0.000266666666666667 0.002)
(0.00130666666666667 0.000266666666666667 0.002)
(0.00133333333333333 0.000266666666666667 0.002)
(0.00136 0.000266666666666667 0.002)
(0.00138666666666667 0.000266666666666667 0.002)
(0.00141333333333333 0.000266666666666667 0.002)
(0.00144 0.000266666666666667 0.002)
(0.00146666666666667 0.000266666666666667 0.002)
(0.00149333333333333 0.000266666666666667 0.002)
(0.00152 0.000266666666666667 0.002)
(0.00154666666666667 0.000266666666666667 0.002)
(0.00157333333333333 0.000266666666666667 0.002)
(0.0016 0.000266666666666667 0.002)
(0.00162666666666667 0.000266666666666667 0.002)
(0.00165333333333333 0.000266666666666667 0.002)
(0.00168 0.000266666666666667 0.002)
(0.00170666666666667 0.000266666666666667 0.002)
(0.00173333333333333 0.000266666666666667 0.002)
(0.00176 0.000266666666666667 0.002)
(0.00178666666666667 0.000266666666666667 0.002)
(0.00181333333333333 0.000266666666666667 0.002)
(0.00184 0.000266666666666667 0.002)
(0.00186666666666667 0.000266666666666667 0.002)
(0.00189333333333333 0.000266666666666667 0.002)
(0.00192 0.000266666666666667 0.002)
(0.00194666666666667 0.000266666666666667 0.002)
(0.00197333333333333 0.000266666666666667 0.002)
(0.002 0.000266666666666667 0.002)
(0 0.000293333333333333 0.002)
(2.66666666666667e-05 0.000293333333333333 0.002)
(5.33333333333333e-05 0.000293333333333333 0.002)
(8e-05 0.000293333333333333 0.002)
(0.000106666666666667 0.000293333333333333 0.002)
(0.000133333333333333 0.000293333333333333 0.002)
(0.00016 0.000293333333333333 0.002)
(0.000186666666666667 0.000293333333333333 0.002)
(0.000213333333333333 0.000293333333333333 0.002)
(0.00024 0.000293333333333333 0.002)
(0.000266666666666667 0.000293333333333333 0.002)
(0.000293333333333333 0.000293333333333333 0.002)
(0.00032 0.000293333333333333 0.002)
(0.000346666666666667 0.000293333333333333 0.002)
(0.000373333333333333 0.000293333333333333 0.002)
(0.0004 0.000293333333333333 0.002)
(0.000426666666666667 0.000293333333333333 0.002)
(0.000453333333333333 0.000293333333333333 0.002)
(0.00048 0.000293333333333333 0.002)
(0.000506666666666667 0.000293333333333333 0.002)
(0.000533333333333333 0.000293333333333333 0.002)
(0.00056 0.000293333333333333 0.002)
(0.000586666666666667 0.000293333333333333 0.002)
(0.000613333333333333 0.000293333333333333 0.002)
(0.00064 0.000293333333333333 0.002)
(0.000666666666666667 0.000293333333333333 0.002)
(0.000693333333333333 0.000293333333333333 0.002)
(0.00072 0.000293333333333333 0.002)
(0.000746666666666667 0.000293333333333333 0.002)
(0.000773333333333333 0.000293333333333333 0.002)
(0.0008 0.000293333333333333 0.002)
(0.000826666666666667 0.000293333333333333 0.002)
(0.000853333333333333 0.000293333333333333 0.002)
(0.00088 0.000293333333333333 0.002)
(0.000906666666666667 0.000293333333333333 0.002)
(0.000933333333333333 0.000293333333333333 0.002)
(0.00096 0.000293333333333333 0.002)
(0.000986666666666667 0.000293333333333333 0.002)
(0.00101333333333333 0.000293333333333333 0.002)
(0.00104 0.000293333333333333 0.002)
(0.00106666666666667 0.000293333333333333 0.002)
(0.00109333333333333 0.000293333333333333 0.002)
(0.00112 0.000293333333333333 0.002)
(0.00114666666666667 0.000293333333333333 0.002)
(0.00117333333333333 0.000293333333333333 0.002)
(0.0012 0.000293333333333333 0.002)
(0.00122666666666667 0.000293333333333333 0.002)
(0.00125333333333333 0.000293333333333333 0.002)
(0.00128 0.000293333333333333 0.002)
(0.00130666666666667 0.000293333333333333 0.002)
(0.00133333333333333 0.000293333333333333 0.002)
(0.00136 0.000293333333333333 0.002)
(0.00138666666666667 0.000293333333333333 0.002)
(0.00141333333333333 0.000293333333333333 0.002)
(0.00144 0.000293333333333333 0.002)
(0.00146666666666667 0.000293333333333333 0.002)
(0.00149333333333333 0.000293333333333333 0.002)
(0.00152 0.000293333333333333 0.002)
(0.00154666666666667 0.000293333333333333 0.002)
(0.00157333333333333 0.000293333333333333 0.002)
(0.0016 0.000293333333333333 0.002)
(0.00162666666666667 0.000293333333333333 0.002)
(0.00165333333333333 0.000293333333333333 0.002)
(0.00168 0.000293333333333333 0.002)
(0.00170666666666667 0.000293333333333333 0.002)
(0.00173333333333333 0.000293333333333333 0.002)
(0.00176 0.000293333333333333 0.002)
(0.00178666666666667 0.000293333333333333 0.002)
(0.00181333333333333 0.000293333333333333 0.002)
(0.00184 0.000293333333333333 0.002)
(0.00186666666666667 0.000293333333333333 0.002)
(0.00189333333333333 0.000293333333333333 0.002)
(0.00192 0.000293333333333333 0.002)
(0.00194666666666667 0.000293333333333333 0.002)
(0.00197333333333333 0.000293333333333333 0.002)
(0.002 0.000293333333333333 0.002)
(0 0.00032 0.002)
(2.66666666666667e-05 0.00032 0.002)
(5.33333333333333e-05 0.00032 0.002)
(8e-05 0.00032 0.002)
(0.000106666666666667 0.00032 0.002)
(0.000133333333333333 0.00032 0.002)
(0.00016 0.00032 0.002)
(0.000186666666666667 0.00032 0.002)
(0.000213333333333333 0.00032 0.002)
(0.00024 0.00032 0.002)
(0.000266666666666667 0.00032 0.002)
(0.000293333333333333 0.00032 0.002)
(0.00032 0.00032 0.002)
(0.000346666666666667 0.00032 0.002)
(0.000373333333333333 0.00032 0.002)
(0.0004 0.00032 0.002)
(0.000426666666666667 0.00032 0.002)
(0.000453333333333333 0.00032 0.002)
(0.00048 0.00032 0.002)
(0.000506666666666667 0.00032 0.002)
(0.000533333333333333 0.00032 0.002)
(0.00056 0.00032 0.002)
(0.000586666666666667 0.00032 0.002)
(0.000613333333333333 0.00032 0.002)
(0.00064 0.00032 0.002)
(0.000666666666666667 0.00032 0.002)
(0.000693333333333333 0.00032 0.002)
(0.00072 0.00032 0.002)
(0.000746666666666667 0.00032 0.002)
(0.000773333333333333 0.00032 0.002)
(0.0008 0.00032 0.002)
(0.000826666666666667 0.00032 0.002)
(0.000853333333333334 0.00032 0.002)
(0.00088 0.00032 0.002)
(0.000906666666666667 0.00032 0.002)
(0.000933333333333333 0.00032 0.002)
(0.00096 0.00032 0.002)
(0.000986666666666667 0.00032 0.002)
(0.00101333333333333 0.00032 0.002)
(0.00104 0.00032 0.002)
(0.00106666666666667 0.00032 0.002)
(0.00109333333333333 0.00032 0.002)
(0.00112 0.00032 0.002)
(0.00114666666666667 0.00032 0.002)
(0.00117333333333333 0.00032 0.002)
(0.0012 0.00032 0.002)
(0.00122666666666667 0.00032 0.002)
(0.00125333333333333 0.00032 0.002)
(0.00128 0.00032 0.002)
(0.00130666666666667 0.00032 0.002)
(0.00133333333333333 0.00032 0.002)
(0.00136 0.00032 0.002)
(0.00138666666666667 0.00032 0.002)
(0.00141333333333333 0.00032 0.002)
(0.00144 0.00032 0.002)
(0.00146666666666667 0.00032 0.002)
(0.00149333333333333 0.00032 0.002)
(0.00152 0.00032 0.002)
(0.00154666666666667 0.00032 0.002)
(0.00157333333333333 0.00032 0.002)
(0.0016 0.00032 0.002)
(0.00162666666666667 0.00032 0.002)
(0.00165333333333333 0.00032 0.002)
(0.00168 0.00032 0.002)
(0.00170666666666667 0.00032 0.002)
(0.00173333333333333 0.00032 0.002)
(0.00176 0.00032 0.002)
(0.00178666666666667 0.00032 0.002)
(0.00181333333333333 0.00032 0.002)
(0.00184 0.00032 0.002)
(0.00186666666666667 0.00032 0.002)
(0.00189333333333333 0.00032 0.002)
(0.00192 0.00032 0.002)
(0.00194666666666667 0.00032 0.002)
(0.00197333333333333 0.00032 0.002)
(0.002 0.00032 0.002)
(0 0.000346666666666667 0.002)
(2.66666666666667e-05 0.000346666666666667 0.002)
(5.33333333333333e-05 0.000346666666666667 0.002)
(8e-05 0.000346666666666667 0.002)
(0.000106666666666667 0.000346666666666667 0.002)
(0.000133333333333333 0.000346666666666667 0.002)
(0.00016 0.000346666666666667 0.002)
(0.000186666666666667 0.000346666666666667 0.002)
(0.000213333333333333 0.000346666666666667 0.002)
(0.00024 0.000346666666666667 0.002)
(0.000266666666666667 0.000346666666666667 0.002)
(0.000293333333333333 0.000346666666666667 0.002)
(0.00032 0.000346666666666667 0.002)
(0.000346666666666667 0.000346666666666667 0.002)
(0.000373333333333333 0.000346666666666667 0.002)
(0.0004 0.000346666666666667 0.002)
(0.000426666666666667 0.000346666666666667 0.002)
(0.000453333333333333 0.000346666666666667 0.002)
(0.00048 0.000346666666666667 0.002)
(0.000506666666666667 0.000346666666666667 0.002)
(0.000533333333333333 0.000346666666666667 0.002)
(0.00056 0.000346666666666667 0.002)
(0.000586666666666667 0.000346666666666667 0.002)
(0.000613333333333333 0.000346666666666667 0.002)
(0.00064 0.000346666666666667 0.002)
(0.000666666666666667 0.000346666666666667 0.002)
(0.000693333333333333 0.000346666666666667 0.002)
(0.00072 0.000346666666666667 0.002)
(0.000746666666666667 0.000346666666666667 0.002)
(0.000773333333333333 0.000346666666666667 0.002)
(0.0008 0.000346666666666667 0.002)
(0.000826666666666667 0.000346666666666667 0.002)
(0.000853333333333333 0.000346666666666667 0.002)
(0.00088 0.000346666666666667 0.002)
(0.000906666666666667 0.000346666666666667 0.002)
(0.000933333333333333 0.000346666666666667 0.002)
(0.00096 0.000346666666666667 0.002)
(0.000986666666666667 0.000346666666666667 0.002)
(0.00101333333333333 0.000346666666666667 0.002)
(0.00104 0.000346666666666667 0.002)
(0.00106666666666667 0.000346666666666667 0.002)
(0.00109333333333333 0.000346666666666667 0.002)
(0.00112 0.000346666666666667 0.002)
(0.00114666666666667 0.000346666666666667 0.002)
(0.00117333333333333 0.000346666666666667 0.002)
(0.0012 0.000346666666666667 0.002)
(0.00122666666666667 0.000346666666666667 0.002)
(0.00125333333333333 0.000346666666666667 0.002)
(0.00128 0.000346666666666667 0.002)
(0.00130666666666667 0.000346666666666667 0.002)
(0.00133333333333333 0.000346666666666667 0.002)
(0.00136 0.000346666666666667 0.002)
(0.00138666666666667 0.000346666666666667 0.002)
(0.00141333333333333 0.000346666666666667 0.002)
(0.00144 0.000346666666666667 0.002)
(0.00146666666666667 0.000346666666666667 0.002)
(0.00149333333333333 0.000346666666666667 0.002)
(0.00152 0.000346666666666667 0.002)
(0.00154666666666667 0.000346666666666667 0.002)
(0.00157333333333333 0.000346666666666667 0.002)
(0.0016 0.000346666666666667 0.002)
(0.00162666666666667 0.000346666666666667 0.002)
(0.00165333333333333 0.000346666666666667 0.002)
(0.00168 0.000346666666666667 0.002)
(0.00170666666666667 0.000346666666666667 0.002)
(0.00173333333333333 0.000346666666666667 0.002)
(0.00176 0.000346666666666667 0.002)
(0.00178666666666667 0.000346666666666667 0.002)
(0.00181333333333333 0.000346666666666667 0.002)
(0.00184 0.000346666666666667 0.002)
(0.00186666666666667 0.000346666666666667 0.002)
(0.00189333333333333 0.000346666666666667 0.002)
(0.00192 0.000346666666666667 0.002)
(0.00194666666666667 0.000346666666666667 0.002)
(0.00197333333333333 0.000346666666666667 0.002)
(0.002 0.000346666666666667 0.002)
(0 0.000373333333333333 0.002)
(2.66666666666667e-05 0.000373333333333333 0.002)
(5.33333333333333e-05 0.000373333333333333 0.002)
(8e-05 0.000373333333333333 0.002)
(0.000106666666666667 0.000373333333333333 0.002)
(0.000133333333333333 0.000373333333333333 0.002)
(0.00016 0.000373333333333333 0.002)
(0.000186666666666667 0.000373333333333333 0.002)
(0.000213333333333333 0.000373333333333333 0.002)
(0.00024 0.000373333333333333 0.002)
(0.000266666666666667 0.000373333333333333 0.002)
(0.000293333333333333 0.000373333333333333 0.002)
(0.00032 0.000373333333333333 0.002)
(0.000346666666666667 0.000373333333333333 0.002)
(0.000373333333333333 0.000373333333333333 0.002)
(0.0004 0.000373333333333333 0.002)
(0.000426666666666667 0.000373333333333333 0.002)
(0.000453333333333333 0.000373333333333333 0.002)
(0.00048 0.000373333333333333 0.002)
(0.000506666666666667 0.000373333333333333 0.002)
(0.000533333333333333 0.000373333333333333 0.002)
(0.00056 0.000373333333333333 0.002)
(0.000586666666666667 0.000373333333333333 0.002)
(0.000613333333333333 0.000373333333333333 0.002)
(0.00064 0.000373333333333333 0.002)
(0.000666666666666667 0.000373333333333333 0.002)
(0.000693333333333333 0.000373333333333333 0.002)
(0.00072 0.000373333333333333 0.002)
(0.000746666666666667 0.000373333333333333 0.002)
(0.000773333333333333 0.000373333333333333 0.002)
(0.0008 0.000373333333333333 0.002)
(0.000826666666666667 0.000373333333333333 0.002)
(0.000853333333333334 0.000373333333333333 0.002)
(0.00088 0.000373333333333333 0.002)
(0.000906666666666667 0.000373333333333333 0.002)
(0.000933333333333333 0.000373333333333333 0.002)
(0.00096 0.000373333333333333 0.002)
(0.000986666666666667 0.000373333333333333 0.002)
(0.00101333333333333 0.000373333333333333 0.002)
(0.00104 0.000373333333333333 0.002)
(0.00106666666666667 0.000373333333333333 0.002)
(0.00109333333333333 0.000373333333333333 0.002)
(0.00112 0.000373333333333333 0.002)
(0.00114666666666667 0.000373333333333333 0.002)
(0.00117333333333333 0.000373333333333333 0.002)
(0.0012 0.000373333333333333 0.002)
(0.00122666666666667 0.000373333333333333 0.002)
(0.00125333333333333 0.000373333333333333 0.002)
(0.00128 0.000373333333333333 0.002)
(0.00130666666666667 0.000373333333333333 0.002)
(0.00133333333333333 0.000373333333333333 0.002)
(0.00136 0.000373333333333333 0.002)
(0.00138666666666667 0.000373333333333333 0.002)
(0.00141333333333333 0.000373333333333333 0.002)
(0.00144 0.000373333333333333 0.002)
(0.00146666666666667 0.000373333333333333 0.002)
(0.00149333333333333 0.000373333333333333 0.002)
(0.00152 0.000373333333333333 0.002)
(0.00154666666666667 0.000373333333333333 0.002)
(0.00157333333333333 0.000373333333333333 0.002)
(0.0016 0.000373333333333333 0.002)
(0.00162666666666667 0.000373333333333333 0.002)
(0.00165333333333333 0.000373333333333333 0.002)
(0.00168 0.000373333333333333 0.002)
(0.00170666666666667 0.000373333333333333 0.002)
(0.00173333333333333 0.000373333333333333 0.002)
(0.00176 0.000373333333333333 0.002)
(0.00178666666666667 0.000373333333333333 0.002)
(0.00181333333333333 0.000373333333333333 0.002)
(0.00184 0.000373333333333333 0.002)
(0.00186666666666667 0.000373333333333333 0.002)
(0.00189333333333333 0.000373333333333333 0.002)
(0.00192 0.000373333333333333 0.002)
(0.00194666666666667 0.000373333333333333 0.002)
(0.00197333333333333 0.000373333333333333 0.002)
(0.002 0.000373333333333333 0.002)
(0 0.0004 0.002)
(2.66666666666667e-05 0.0004 0.002)
(5.33333333333333e-05 0.0004 0.002)
(8e-05 0.0004 0.002)
(0.000106666666666667 0.0004 0.002)
(0.000133333333333333 0.0004 0.002)
(0.00016 0.0004 0.002)
(0.000186666666666667 0.0004 0.002)
(0.000213333333333333 0.0004 0.002)
(0.00024 0.0004 0.002)
(0.000266666666666667 0.0004 0.002)
(0.000293333333333333 0.0004 0.002)
(0.00032 0.0004 0.002)
(0.000346666666666667 0.0004 0.002)
(0.000373333333333333 0.0004 0.002)
(0.0004 0.0004 0.002)
(0.000426666666666667 0.0004 0.002)
(0.000453333333333333 0.0004 0.002)
(0.00048 0.0004 0.002)
(0.000506666666666667 0.0004 0.002)
(0.000533333333333333 0.0004 0.002)
(0.00056 0.0004 0.002)
(0.000586666666666667 0.0004 0.002)
(0.000613333333333333 0.0004 0.002)
(0.00064 0.0004 0.002)
(0.000666666666666667 0.0004 0.002)
(0.000693333333333333 0.0004 0.002)
(0.00072 0.0004 0.002)
(0.000746666666666667 0.0004 0.002)
(0.000773333333333333 0.0004 0.002)
(0.0008 0.0004 0.002)
(0.000826666666666667 0.0004 0.002)
(0.000853333333333333 0.0004 0.002)
(0.00088 0.0004 0.002)
(0.000906666666666667 0.0004 0.002)
(0.000933333333333333 0.0004 0.002)
(0.00096 0.0004 0.002)
(0.000986666666666667 0.0004 0.002)
(0.00101333333333333 0.0004 0.002)
(0.00104 0.0004 0.002)
(0.00106666666666667 0.0004 0.002)
(0.00109333333333333 0.0004 0.002)
(0.00112 0.0004 0.002)
(0.00114666666666667 0.0004 0.002)
(0.00117333333333333 0.0004 0.002)
(0.0012 0.0004 0.002)
(0.00122666666666667 0.0004 0.002)
(0.00125333333333333 0.0004 0.002)
(0.00128 0.0004 0.002)
(0.00130666666666667 0.0004 0.002)
(0.00133333333333333 0.0004 0.002)
(0.00136 0.0004 0.002)
(0.00138666666666667 0.0004 0.002)
(0.00141333333333333 0.0004 0.002)
(0.00144 0.0004 0.002)
(0.00146666666666667 0.0004 0.002)
(0.00149333333333333 0.0004 0.002)
(0.00152 0.0004 0.002)
(0.00154666666666667 0.0004 0.002)
(0.00157333333333333 0.0004 0.002)
(0.0016 0.0004 0.002)
(0.00162666666666667 0.0004 0.002)
(0.00165333333333333 0.0004 0.002)
(0.00168 0.0004 0.002)
(0.00170666666666667 0.0004 0.002)
(0.00173333333333333 0.0004 0.002)
(0.00176 0.0004 0.002)
(0.00178666666666667 0.0004 0.002)
(0.00181333333333333 0.0004 0.002)
(0.00184 0.0004 0.002)
(0.00186666666666667 0.0004 0.002)
(0.00189333333333333 0.0004 0.002)
(0.00192 0.0004 0.002)
(0.00194666666666667 0.0004 0.002)
(0.00197333333333333 0.0004 0.002)
(0.002 0.0004 0.002)
(0 0.000426666666666667 0.002)
(2.66666666666667e-05 0.000426666666666667 0.002)
(5.33333333333333e-05 0.000426666666666667 0.002)
(8e-05 0.000426666666666667 0.002)
(0.000106666666666667 0.000426666666666667 0.002)
(0.000133333333333333 0.000426666666666667 0.002)
(0.00016 0.000426666666666667 0.002)
(0.000186666666666667 0.000426666666666667 0.002)
(0.000213333333333333 0.000426666666666667 0.002)
(0.00024 0.000426666666666667 0.002)
(0.000266666666666667 0.000426666666666667 0.002)
(0.000293333333333333 0.000426666666666667 0.002)
(0.00032 0.000426666666666667 0.002)
(0.000346666666666667 0.000426666666666667 0.002)
(0.000373333333333333 0.000426666666666667 0.002)
(0.0004 0.000426666666666667 0.002)
(0.000426666666666667 0.000426666666666667 0.002)
(0.000453333333333333 0.000426666666666667 0.002)
(0.00048 0.000426666666666667 0.002)
(0.000506666666666667 0.000426666666666667 0.002)
(0.000533333333333333 0.000426666666666667 0.002)
(0.00056 0.000426666666666667 0.002)
(0.000586666666666667 0.000426666666666667 0.002)
(0.000613333333333333 0.000426666666666667 0.002)
(0.00064 0.000426666666666667 0.002)
(0.000666666666666667 0.000426666666666667 0.002)
(0.000693333333333333 0.000426666666666667 0.002)
(0.00072 0.000426666666666667 0.002)
(0.000746666666666667 0.000426666666666667 0.002)
(0.000773333333333333 0.000426666666666667 0.002)
(0.0008 0.000426666666666667 0.002)
(0.000826666666666667 0.000426666666666667 0.002)
(0.000853333333333334 0.000426666666666667 0.002)
(0.00088 0.000426666666666667 0.002)
(0.000906666666666667 0.000426666666666667 0.002)
(0.000933333333333333 0.000426666666666667 0.002)
(0.00096 0.000426666666666667 0.002)
(0.000986666666666667 0.000426666666666667 0.002)
(0.00101333333333333 0.000426666666666667 0.002)
(0.00104 0.000426666666666667 0.002)
(0.00106666666666667 0.000426666666666667 0.002)
(0.00109333333333333 0.000426666666666667 0.002)
(0.00112 0.000426666666666667 0.002)
(0.00114666666666667 0.000426666666666667 0.002)
(0.00117333333333333 0.000426666666666667 0.002)
(0.0012 0.000426666666666667 0.002)
(0.00122666666666667 0.000426666666666667 0.002)
(0.00125333333333333 0.000426666666666667 0.002)
(0.00128 0.000426666666666667 0.002)
(0.00130666666666667 0.000426666666666667 0.002)
(0.00133333333333333 0.000426666666666667 0.002)
(0.00136 0.000426666666666667 0.002)
(0.00138666666666667 0.000426666666666667 0.002)
(0.00141333333333333 0.000426666666666667 0.002)
(0.00144 0.000426666666666667 0.002)
(0.00146666666666667 0.000426666666666667 0.002)
(0.00149333333333333 0.000426666666666667 0.002)
(0.00152 0.000426666666666667 0.002)
(0.00154666666666667 0.000426666666666667 0.002)
(0.00157333333333333 0.000426666666666667 0.002)
(0.0016 0.000426666666666667 0.002)
(0.00162666666666667 0.000426666666666667 0.002)
(0.00165333333333333 0.000426666666666667 0.002)
(0.00168 0.000426666666666667 0.002)
(0.00170666666666667 0.000426666666666667 0.002)
(0.00173333333333333 0.000426666666666667 0.002)
(0.00176 0.000426666666666667 0.002)
(0.00178666666666667 0.000426666666666667 0.002)
(0.00181333333333333 0.000426666666666667 0.002)
(0.00184 0.000426666666666667 0.002)
(0.00186666666666667 0.000426666666666667 0.002)
(0.00189333333333333 0.000426666666666667 0.002)
(0.00192 0.000426666666666667 0.002)
(0.00194666666666667 0.000426666666666667 0.002)
(0.00197333333333333 0.000426666666666667 0.002)
(0.002 0.000426666666666667 0.002)
(0 0.000453333333333333 0.002)
(2.66666666666667e-05 0.000453333333333333 0.002)
(5.33333333333333e-05 0.000453333333333333 0.002)
(8e-05 0.000453333333333333 0.002)
(0.000106666666666667 0.000453333333333333 0.002)
(0.000133333333333333 0.000453333333333333 0.002)
(0.00016 0.000453333333333333 0.002)
(0.000186666666666667 0.000453333333333333 0.002)
(0.000213333333333333 0.000453333333333333 0.002)
(0.00024 0.000453333333333333 0.002)
(0.000266666666666667 0.000453333333333333 0.002)
(0.000293333333333333 0.000453333333333333 0.002)
(0.00032 0.000453333333333333 0.002)
(0.000346666666666667 0.000453333333333333 0.002)
(0.000373333333333333 0.000453333333333333 0.002)
(0.0004 0.000453333333333333 0.002)
(0.000426666666666667 0.000453333333333333 0.002)
(0.000453333333333333 0.000453333333333333 0.002)
(0.00048 0.000453333333333333 0.002)
(0.000506666666666667 0.000453333333333333 0.002)
(0.000533333333333333 0.000453333333333333 0.002)
(0.00056 0.000453333333333333 0.002)
(0.000586666666666667 0.000453333333333333 0.002)
(0.000613333333333333 0.000453333333333333 0.002)
(0.00064 0.000453333333333333 0.002)
(0.000666666666666667 0.000453333333333333 0.002)
(0.000693333333333333 0.000453333333333333 0.002)
(0.00072 0.000453333333333333 0.002)
(0.000746666666666667 0.000453333333333333 0.002)
(0.000773333333333333 0.000453333333333333 0.002)
(0.0008 0.000453333333333333 0.002)
(0.000826666666666667 0.000453333333333333 0.002)
(0.000853333333333334 0.000453333333333333 0.002)
(0.00088 0.000453333333333333 0.002)
(0.000906666666666667 0.000453333333333333 0.002)
(0.000933333333333333 0.000453333333333333 0.002)
(0.00096 0.000453333333333333 0.002)
(0.000986666666666667 0.000453333333333333 0.002)
(0.00101333333333333 0.000453333333333333 0.002)
(0.00104 0.000453333333333333 0.002)
(0.00106666666666667 0.000453333333333333 0.002)
(0.00109333333333333 0.000453333333333333 0.002)
(0.00112 0.000453333333333333 0.002)
(0.00114666666666667 0.000453333333333333 0.002)
(0.00117333333333333 0.000453333333333333 0.002)
(0.0012 0.000453333333333333 0.002)
(0.00122666666666667 0.000453333333333333 0.002)
(0.00125333333333333 0.000453333333333333 0.002)
(0.00128 0.000453333333333333 0.002)
(0.00130666666666667 0.000453333333333333 0.002)
(0.00133333333333333 0.000453333333333333 0.002)
(0.00136 0.000453333333333333 0.002)
(0.00138666666666667 0.000453333333333333 0.002)
(0.00141333333333333 0.000453333333333333 0.002)
(0.00144 0.000453333333333333 0.002)
(0.00146666666666667 0.000453333333333333 0.002)
(0.00149333333333333 0.000453333333333333 0.002)
(0.00152 0.000453333333333333 0.002)
(0.00154666666666667 0.000453333333333333 0.002)
(0.00157333333333333 0.000453333333333333 0.002)
(0.0016 0.000453333333333333 0.002)
(0.00162666666666667 0.000453333333333333 0.002)
(0.00165333333333333 0.000453333333333333 0.002)
(0.00168 0.000453333333333333 0.002)
(0.00170666666666667 0.000453333333333333 0.002)
(0.00173333333333333 0.000453333333333333 0.002)
(0.00176 0.000453333333333333 0.002)
(0.00178666666666667 0.000453333333333333 0.002)
(0.00181333333333333 0.000453333333333333 0.002)
(0.00184 0.000453333333333333 0.002)
(0.00186666666666667 0.000453333333333333 0.002)
(0.00189333333333333 0.000453333333333333 0.002)
(0.00192 0.000453333333333333 0.002)
(0.00194666666666667 0.000453333333333333 0.002)
(0.00197333333333333 0.000453333333333333 0.002)
(0.002 0.000453333333333333 0.002)
(0 0.00048 0.002)
(2.66666666666667e-05 0.00048 0.002)
(5.33333333333333e-05 0.00048 0.002)
(8e-05 0.00048 0.002)
(0.000106666666666667 0.00048 0.002)
(0.000133333333333333 0.00048 0.002)
(0.00016 0.00048 0.002)
(0.000186666666666667 0.00048 0.002)
(0.000213333333333333 0.00048 0.002)
(0.00024 0.00048 0.002)
(0.000266666666666667 0.00048 0.002)
(0.000293333333333333 0.00048 0.002)
(0.00032 0.00048 0.002)
(0.000346666666666667 0.00048 0.002)
(0.000373333333333333 0.00048 0.002)
(0.0004 0.00048 0.002)
(0.000426666666666667 0.00048 0.002)
(0.000453333333333333 0.00048 0.002)
(0.00048 0.00048 0.002)
(0.000506666666666667 0.00048 0.002)
(0.000533333333333333 0.00048 0.002)
(0.00056 0.00048 0.002)
(0.000586666666666667 0.00048 0.002)
(0.000613333333333333 0.00048 0.002)
(0.00064 0.00048 0.002)
(0.000666666666666667 0.00048 0.002)
(0.000693333333333333 0.00048 0.002)
(0.00072 0.00048 0.002)
(0.000746666666666667 0.00048 0.002)
(0.000773333333333333 0.00048 0.002)
(0.0008 0.00048 0.002)
(0.000826666666666667 0.00048 0.002)
(0.000853333333333334 0.00048 0.002)
(0.00088 0.00048 0.002)
(0.000906666666666667 0.00048 0.002)
(0.000933333333333333 0.00048 0.002)
(0.00096 0.00048 0.002)
(0.000986666666666667 0.00048 0.002)
(0.00101333333333333 0.00048 0.002)
(0.00104 0.00048 0.002)
(0.00106666666666667 0.00048 0.002)
(0.00109333333333333 0.00048 0.002)
(0.00112 0.00048 0.002)
(0.00114666666666667 0.00048 0.002)
(0.00117333333333333 0.00048 0.002)
(0.0012 0.00048 0.002)
(0.00122666666666667 0.00048 0.002)
(0.00125333333333333 0.00048 0.002)
(0.00128 0.00048 0.002)
(0.00130666666666667 0.00048 0.002)
(0.00133333333333333 0.00048 0.002)
(0.00136 0.00048 0.002)
(0.00138666666666667 0.00048 0.002)
(0.00141333333333333 0.00048 0.002)
(0.00144 0.00048 0.002)
(0.00146666666666667 0.00048 0.002)
(0.00149333333333333 0.00048 0.002)
(0.00152 0.00048 0.002)
(0.00154666666666667 0.00048 0.002)
(0.00157333333333333 0.00048 0.002)
(0.0016 0.00048 0.002)
(0.00162666666666667 0.00048 0.002)
(0.00165333333333333 0.00048 0.002)
(0.00168 0.00048 0.002)
(0.00170666666666667 0.00048 0.002)
(0.00173333333333333 0.00048 0.002)
(0.00176 0.00048 0.002)
(0.00178666666666667 0.00048 0.002)
(0.00181333333333333 0.00048 0.002)
(0.00184 0.00048 0.002)
(0.00186666666666667 0.00048 0.002)
(0.00189333333333333 0.00048 0.002)
(0.00192 0.00048 0.002)
(0.00194666666666667 0.00048 0.002)
(0.00197333333333333 0.00048 0.002)
(0.002 0.00048 0.002)
(0 0.000506666666666667 0.002)
(2.66666666666667e-05 0.000506666666666667 0.002)
(5.33333333333333e-05 0.000506666666666667 0.002)
(8e-05 0.000506666666666667 0.002)
(0.000106666666666667 0.000506666666666667 0.002)
(0.000133333333333333 0.000506666666666667 0.002)
(0.00016 0.000506666666666667 0.002)
(0.000186666666666667 0.000506666666666667 0.002)
(0.000213333333333333 0.000506666666666667 0.002)
(0.00024 0.000506666666666667 0.002)
(0.000266666666666667 0.000506666666666667 0.002)
(0.000293333333333333 0.000506666666666667 0.002)
(0.00032 0.000506666666666667 0.002)
(0.000346666666666667 0.000506666666666667 0.002)
(0.000373333333333333 0.000506666666666667 0.002)
(0.0004 0.000506666666666667 0.002)
(0.000426666666666667 0.000506666666666667 0.002)
(0.000453333333333333 0.000506666666666667 0.002)
(0.00048 0.000506666666666667 0.002)
(0.000506666666666667 0.000506666666666667 0.002)
(0.000533333333333333 0.000506666666666667 0.002)
(0.00056 0.000506666666666667 0.002)
(0.000586666666666667 0.000506666666666667 0.002)
(0.000613333333333333 0.000506666666666667 0.002)
(0.00064 0.000506666666666667 0.002)
(0.000666666666666667 0.000506666666666667 0.002)
(0.000693333333333333 0.000506666666666667 0.002)
(0.00072 0.000506666666666667 0.002)
(0.000746666666666667 0.000506666666666667 0.002)
(0.000773333333333333 0.000506666666666667 0.002)
(0.0008 0.000506666666666667 0.002)
(0.000826666666666667 0.000506666666666667 0.002)
(0.000853333333333334 0.000506666666666667 0.002)
(0.00088 0.000506666666666667 0.002)
(0.000906666666666667 0.000506666666666667 0.002)
(0.000933333333333333 0.000506666666666667 0.002)
(0.00096 0.000506666666666667 0.002)
(0.000986666666666667 0.000506666666666667 0.002)
(0.00101333333333333 0.000506666666666667 0.002)
(0.00104 0.000506666666666667 0.002)
(0.00106666666666667 0.000506666666666667 0.002)
(0.00109333333333333 0.000506666666666667 0.002)
(0.00112 0.000506666666666667 0.002)
(0.00114666666666667 0.000506666666666667 0.002)
(0.00117333333333333 0.000506666666666667 0.002)
(0.0012 0.000506666666666667 0.002)
(0.00122666666666667 0.000506666666666667 0.002)
(0.00125333333333333 0.000506666666666667 0.002)
(0.00128 0.000506666666666667 0.002)
(0.00130666666666667 0.000506666666666667 0.002)
(0.00133333333333333 0.000506666666666667 0.002)
(0.00136 0.000506666666666667 0.002)
(0.00138666666666667 0.000506666666666667 0.002)
(0.00141333333333333 0.000506666666666667 0.002)
(0.00144 0.000506666666666667 0.002)
(0.00146666666666667 0.000506666666666667 0.002)
(0.00149333333333333 0.000506666666666667 0.002)
(0.00152 0.000506666666666667 0.002)
(0.00154666666666667 0.000506666666666667 0.002)
(0.00157333333333333 0.000506666666666667 0.002)
(0.0016 0.000506666666666667 0.002)
(0.00162666666666667 0.000506666666666667 0.002)
(0.00165333333333333 0.000506666666666667 0.002)
(0.00168 0.000506666666666667 0.002)
(0.00170666666666667 0.000506666666666667 0.002)
(0.00173333333333333 0.000506666666666667 0.002)
(0.00176 0.000506666666666667 0.002)
(0.00178666666666667 0.000506666666666667 0.002)
(0.00181333333333333 0.000506666666666667 0.002)
(0.00184 0.000506666666666667 0.002)
(0.00186666666666667 0.000506666666666667 0.002)
(0.00189333333333333 0.000506666666666667 0.002)
(0.00192 0.000506666666666667 0.002)
(0.00194666666666667 0.000506666666666667 0.002)
(0.00197333333333333 0.000506666666666667 0.002)
(0.002 0.000506666666666667 0.002)
(0 0.000533333333333333 0.002)
(2.66666666666667e-05 0.000533333333333333 0.002)
(5.33333333333333e-05 0.000533333333333333 0.002)
(8e-05 0.000533333333333333 0.002)
(0.000106666666666667 0.000533333333333333 0.002)
(0.000133333333333333 0.000533333333333333 0.002)
(0.00016 0.000533333333333333 0.002)
(0.000186666666666667 0.000533333333333333 0.002)
(0.000213333333333333 0.000533333333333333 0.002)
(0.00024 0.000533333333333333 0.002)
(0.000266666666666667 0.000533333333333333 0.002)
(0.000293333333333333 0.000533333333333333 0.002)
(0.00032 0.000533333333333333 0.002)
(0.000346666666666667 0.000533333333333333 0.002)
(0.000373333333333333 0.000533333333333333 0.002)
(0.0004 0.000533333333333333 0.002)
(0.000426666666666667 0.000533333333333333 0.002)
(0.000453333333333333 0.000533333333333333 0.002)
(0.00048 0.000533333333333333 0.002)
(0.000506666666666667 0.000533333333333333 0.002)
(0.000533333333333333 0.000533333333333333 0.002)
(0.00056 0.000533333333333333 0.002)
(0.000586666666666667 0.000533333333333333 0.002)
(0.000613333333333333 0.000533333333333333 0.002)
(0.00064 0.000533333333333333 0.002)
(0.000666666666666667 0.000533333333333333 0.002)
(0.000693333333333333 0.000533333333333333 0.002)
(0.00072 0.000533333333333333 0.002)
(0.000746666666666667 0.000533333333333333 0.002)
(0.000773333333333333 0.000533333333333333 0.002)
(0.0008 0.000533333333333333 0.002)
(0.000826666666666667 0.000533333333333333 0.002)
(0.000853333333333334 0.000533333333333333 0.002)
(0.00088 0.000533333333333333 0.002)
(0.000906666666666667 0.000533333333333333 0.002)
(0.000933333333333333 0.000533333333333333 0.002)
(0.00096 0.000533333333333333 0.002)
(0.000986666666666667 0.000533333333333333 0.002)
(0.00101333333333333 0.000533333333333333 0.002)
(0.00104 0.000533333333333333 0.002)
(0.00106666666666667 0.000533333333333333 0.002)
(0.00109333333333333 0.000533333333333333 0.002)
(0.00112 0.000533333333333333 0.002)
(0.00114666666666667 0.000533333333333333 0.002)
(0.00117333333333333 0.000533333333333333 0.002)
(0.0012 0.000533333333333333 0.002)
(0.00122666666666667 0.000533333333333333 0.002)
(0.00125333333333333 0.000533333333333333 0.002)
(0.00128 0.000533333333333333 0.002)
(0.00130666666666667 0.000533333333333333 0.002)
(0.00133333333333333 0.000533333333333333 0.002)
(0.00136 0.000533333333333333 0.002)
(0.00138666666666667 0.000533333333333333 0.002)
(0.00141333333333333 0.000533333333333333 0.002)
(0.00144 0.000533333333333333 0.002)
(0.00146666666666667 0.000533333333333333 0.002)
(0.00149333333333333 0.000533333333333333 0.002)
(0.00152 0.000533333333333333 0.002)
(0.00154666666666667 0.000533333333333333 0.002)
(0.00157333333333333 0.000533333333333333 0.002)
(0.0016 0.000533333333333333 0.002)
(0.00162666666666667 0.000533333333333333 0.002)
(0.00165333333333333 0.000533333333333333 0.002)
(0.00168 0.000533333333333333 0.002)
(0.00170666666666667 0.000533333333333333 0.002)
(0.00173333333333333 0.000533333333333333 0.002)
(0.00176 0.000533333333333333 0.002)
(0.00178666666666667 0.000533333333333333 0.002)
(0.00181333333333333 0.000533333333333333 0.002)
(0.00184 0.000533333333333333 0.002)
(0.00186666666666667 0.000533333333333333 0.002)
(0.00189333333333333 0.000533333333333333 0.002)
(0.00192 0.000533333333333333 0.002)
(0.00194666666666667 0.000533333333333333 0.002)
(0.00197333333333333 0.000533333333333333 0.002)
(0.002 0.000533333333333333 0.002)
(0 0.00056 0.002)
(2.66666666666667e-05 0.00056 0.002)
(5.33333333333333e-05 0.00056 0.002)
(8e-05 0.00056 0.002)
(0.000106666666666667 0.00056 0.002)
(0.000133333333333333 0.00056 0.002)
(0.00016 0.00056 0.002)
(0.000186666666666667 0.00056 0.002)
(0.000213333333333333 0.00056 0.002)
(0.00024 0.00056 0.002)
(0.000266666666666667 0.00056 0.002)
(0.000293333333333333 0.00056 0.002)
(0.00032 0.00056 0.002)
(0.000346666666666667 0.00056 0.002)
(0.000373333333333333 0.00056 0.002)
(0.0004 0.00056 0.002)
(0.000426666666666667 0.00056 0.002)
(0.000453333333333333 0.00056 0.002)
(0.00048 0.00056 0.002)
(0.000506666666666667 0.00056 0.002)
(0.000533333333333333 0.00056 0.002)
(0.00056 0.00056 0.002)
(0.000586666666666667 0.00056 0.002)
(0.000613333333333333 0.00056 0.002)
(0.00064 0.00056 0.002)
(0.000666666666666667 0.00056 0.002)
(0.000693333333333333 0.00056 0.002)
(0.00072 0.00056 0.002)
(0.000746666666666667 0.00056 0.002)
(0.000773333333333333 0.00056 0.002)
(0.0008 0.00056 0.002)
(0.000826666666666667 0.00056 0.002)
(0.000853333333333334 0.00056 0.002)
(0.00088 0.00056 0.002)
(0.000906666666666667 0.00056 0.002)
(0.000933333333333333 0.00056 0.002)
(0.00096 0.00056 0.002)
(0.000986666666666667 0.00056 0.002)
(0.00101333333333333 0.00056 0.002)
(0.00104 0.00056 0.002)
(0.00106666666666667 0.00056 0.002)
(0.00109333333333333 0.00056 0.002)
(0.00112 0.00056 0.002)
(0.00114666666666667 0.00056 0.002)
(0.00117333333333333 0.00056 0.002)
(0.0012 0.00056 0.002)
(0.00122666666666667 0.00056 0.002)
(0.00125333333333333 0.00056 0.002)
(0.00128 0.00056 0.002)
(0.00130666666666667 0.00056 0.002)
(0.00133333333333333 0.00056 0.002)
(0.00136 0.00056 0.002)
(0.00138666666666667 0.00056 0.002)
(0.00141333333333333 0.00056 0.002)
(0.00144 0.00056 0.002)
(0.00146666666666667 0.00056 0.002)
(0.00149333333333333 0.00056 0.002)
(0.00152 0.00056 0.002)
(0.00154666666666667 0.00056 0.002)
(0.00157333333333333 0.00056 0.002)
(0.0016 0.00056 0.002)
(0.00162666666666667 0.00056 0.002)
(0.00165333333333333 0.00056 0.002)
(0.00168 0.00056 0.002)
(0.00170666666666667 0.00056 0.002)
(0.00173333333333333 0.00056 0.002)
(0.00176 0.00056 0.002)
(0.00178666666666667 0.00056 0.002)
(0.00181333333333333 0.00056 0.002)
(0.00184 0.00056 0.002)
(0.00186666666666667 0.00056 0.002)
(0.00189333333333333 0.00056 0.002)
(0.00192 0.00056 0.002)
(0.00194666666666667 0.00056 0.002)
(0.00197333333333333 0.00056 0.002)
(0.002 0.00056 0.002)
(0 0.000586666666666667 0.002)
(2.66666666666667e-05 0.000586666666666667 0.002)
(5.33333333333333e-05 0.000586666666666667 0.002)
(8e-05 0.000586666666666667 0.002)
(0.000106666666666667 0.000586666666666667 0.002)
(0.000133333333333333 0.000586666666666667 0.002)
(0.00016 0.000586666666666667 0.002)
(0.000186666666666667 0.000586666666666667 0.002)
(0.000213333333333333 0.000586666666666667 0.002)
(0.00024 0.000586666666666667 0.002)
(0.000266666666666667 0.000586666666666667 0.002)
(0.000293333333333333 0.000586666666666667 0.002)
(0.00032 0.000586666666666667 0.002)
(0.000346666666666667 0.000586666666666667 0.002)
(0.000373333333333333 0.000586666666666667 0.002)
(0.0004 0.000586666666666667 0.002)
(0.000426666666666667 0.000586666666666667 0.002)
(0.000453333333333333 0.000586666666666667 0.002)
(0.00048 0.000586666666666667 0.002)
(0.000506666666666667 0.000586666666666667 0.002)
(0.000533333333333333 0.000586666666666667 0.002)
(0.00056 0.000586666666666667 0.002)
(0.000586666666666667 0.000586666666666667 0.002)
(0.000613333333333333 0.000586666666666667 0.002)
(0.00064 0.000586666666666667 0.002)
(0.000666666666666667 0.000586666666666667 0.002)
(0.000693333333333333 0.000586666666666667 0.002)
(0.00072 0.000586666666666667 0.002)
(0.000746666666666667 0.000586666666666667 0.002)
(0.000773333333333333 0.000586666666666667 0.002)
(0.0008 0.000586666666666667 0.002)
(0.000826666666666667 0.000586666666666667 0.002)
(0.000853333333333334 0.000586666666666667 0.002)
(0.00088 0.000586666666666667 0.002)
(0.000906666666666667 0.000586666666666667 0.002)
(0.000933333333333333 0.000586666666666667 0.002)
(0.00096 0.000586666666666667 0.002)
(0.000986666666666667 0.000586666666666667 0.002)
(0.00101333333333333 0.000586666666666667 0.002)
(0.00104 0.000586666666666667 0.002)
(0.00106666666666667 0.000586666666666667 0.002)
(0.00109333333333333 0.000586666666666667 0.002)
(0.00112 0.000586666666666667 0.002)
(0.00114666666666667 0.000586666666666667 0.002)
(0.00117333333333333 0.000586666666666667 0.002)
(0.0012 0.000586666666666667 0.002)
(0.00122666666666667 0.000586666666666667 0.002)
(0.00125333333333333 0.000586666666666667 0.002)
(0.00128 0.000586666666666667 0.002)
(0.00130666666666667 0.000586666666666667 0.002)
(0.00133333333333333 0.000586666666666667 0.002)
(0.00136 0.000586666666666667 0.002)
(0.00138666666666667 0.000586666666666667 0.002)
(0.00141333333333333 0.000586666666666667 0.002)
(0.00144 0.000586666666666667 0.002)
(0.00146666666666667 0.000586666666666667 0.002)
(0.00149333333333333 0.000586666666666667 0.002)
(0.00152 0.000586666666666667 0.002)
(0.00154666666666667 0.000586666666666667 0.002)
(0.00157333333333333 0.000586666666666667 0.002)
(0.0016 0.000586666666666667 0.002)
(0.00162666666666667 0.000586666666666667 0.002)
(0.00165333333333333 0.000586666666666667 0.002)
(0.00168 0.000586666666666667 0.002)
(0.00170666666666667 0.000586666666666667 0.002)
(0.00173333333333333 0.000586666666666667 0.002)
(0.00176 0.000586666666666667 0.002)
(0.00178666666666667 0.000586666666666667 0.002)
(0.00181333333333333 0.000586666666666667 0.002)
(0.00184 0.000586666666666667 0.002)
(0.00186666666666667 0.000586666666666667 0.002)
(0.00189333333333333 0.000586666666666667 0.002)
(0.00192 0.000586666666666667 0.002)
(0.00194666666666667 0.000586666666666667 0.002)
(0.00197333333333333 0.000586666666666667 0.002)
(0.002 0.000586666666666667 0.002)
(0 0.000613333333333333 0.002)
(2.66666666666667e-05 0.000613333333333333 0.002)
(5.33333333333333e-05 0.000613333333333333 0.002)
(8e-05 0.000613333333333333 0.002)
(0.000106666666666667 0.000613333333333333 0.002)
(0.000133333333333333 0.000613333333333333 0.002)
(0.00016 0.000613333333333333 0.002)
(0.000186666666666667 0.000613333333333333 0.002)
(0.000213333333333333 0.000613333333333333 0.002)
(0.00024 0.000613333333333333 0.002)
(0.000266666666666667 0.000613333333333333 0.002)
(0.000293333333333333 0.000613333333333333 0.002)
(0.00032 0.000613333333333333 0.002)
(0.000346666666666667 0.000613333333333333 0.002)
(0.000373333333333333 0.000613333333333333 0.002)
(0.0004 0.000613333333333333 0.002)
(0.000426666666666667 0.000613333333333333 0.002)
(0.000453333333333333 0.000613333333333333 0.002)
(0.00048 0.000613333333333333 0.002)
(0.000506666666666667 0.000613333333333333 0.002)
(0.000533333333333333 0.000613333333333333 0.002)
(0.00056 0.000613333333333333 0.002)
(0.000586666666666667 0.000613333333333333 0.002)
(0.000613333333333333 0.000613333333333333 0.002)
(0.00064 0.000613333333333333 0.002)
(0.000666666666666667 0.000613333333333333 0.002)
(0.000693333333333333 0.000613333333333333 0.002)
(0.00072 0.000613333333333333 0.002)
(0.000746666666666667 0.000613333333333333 0.002)
(0.000773333333333333 0.000613333333333333 0.002)
(0.0008 0.000613333333333333 0.002)
(0.000826666666666667 0.000613333333333333 0.002)
(0.000853333333333333 0.000613333333333333 0.002)
(0.00088 0.000613333333333334 0.002)
(0.000906666666666667 0.000613333333333333 0.002)
(0.000933333333333333 0.000613333333333333 0.002)
(0.00096 0.000613333333333333 0.002)
(0.000986666666666667 0.000613333333333333 0.002)
(0.00101333333333333 0.000613333333333333 0.002)
(0.00104 0.000613333333333333 0.002)
(0.00106666666666667 0.000613333333333333 0.002)
(0.00109333333333333 0.000613333333333333 0.002)
(0.00112 0.000613333333333333 0.002)
(0.00114666666666667 0.000613333333333333 0.002)
(0.00117333333333333 0.000613333333333333 0.002)
(0.0012 0.000613333333333333 0.002)
(0.00122666666666667 0.000613333333333333 0.002)
(0.00125333333333333 0.000613333333333333 0.002)
(0.00128 0.000613333333333334 0.002)
(0.00130666666666667 0.000613333333333333 0.002)
(0.00133333333333333 0.000613333333333333 0.002)
(0.00136 0.000613333333333333 0.002)
(0.00138666666666667 0.000613333333333333 0.002)
(0.00141333333333333 0.000613333333333333 0.002)
(0.00144 0.000613333333333333 0.002)
(0.00146666666666667 0.000613333333333333 0.002)
(0.00149333333333333 0.000613333333333333 0.002)
(0.00152 0.000613333333333333 0.002)
(0.00154666666666667 0.000613333333333333 0.002)
(0.00157333333333333 0.000613333333333333 0.002)
(0.0016 0.000613333333333333 0.002)
(0.00162666666666667 0.000613333333333333 0.002)
(0.00165333333333333 0.000613333333333333 0.002)
(0.00168 0.000613333333333333 0.002)
(0.00170666666666667 0.000613333333333333 0.002)
(0.00173333333333333 0.000613333333333333 0.002)
(0.00176 0.000613333333333333 0.002)
(0.00178666666666667 0.000613333333333333 0.002)
(0.00181333333333333 0.000613333333333333 0.002)
(0.00184 0.000613333333333333 0.002)
(0.00186666666666667 0.000613333333333334 0.002)
(0.00189333333333333 0.000613333333333333 0.002)
(0.00192 0.000613333333333333 0.002)
(0.00194666666666667 0.000613333333333333 0.002)
(0.00197333333333333 0.000613333333333333 0.002)
(0.002 0.000613333333333333 0.002)
(0 0.00064 0.002)
(2.66666666666667e-05 0.00064 0.002)
(5.33333333333333e-05 0.00064 0.002)
(8e-05 0.00064 0.002)
(0.000106666666666667 0.00064 0.002)
(0.000133333333333333 0.00064 0.002)
(0.00016 0.00064 0.002)
(0.000186666666666667 0.00064 0.002)
(0.000213333333333333 0.00064 0.002)
(0.00024 0.00064 0.002)
(0.000266666666666667 0.00064 0.002)
(0.000293333333333333 0.00064 0.002)
(0.00032 0.00064 0.002)
(0.000346666666666667 0.00064 0.002)
(0.000373333333333333 0.00064 0.002)
(0.0004 0.00064 0.002)
(0.000426666666666667 0.00064 0.002)
(0.000453333333333333 0.00064 0.002)
(0.00048 0.00064 0.002)
(0.000506666666666667 0.00064 0.002)
(0.000533333333333333 0.00064 0.002)
(0.00056 0.00064 0.002)
(0.000586666666666667 0.00064 0.002)
(0.000613333333333333 0.00064 0.002)
(0.00064 0.00064 0.002)
(0.000666666666666667 0.00064 0.002)
(0.000693333333333333 0.00064 0.002)
(0.00072 0.00064 0.002)
(0.000746666666666667 0.00064 0.002)
(0.000773333333333333 0.00064 0.002)
(0.0008 0.00064 0.002)
(0.000826666666666667 0.00064 0.002)
(0.000853333333333334 0.00064 0.002)
(0.00088 0.00064 0.002)
(0.000906666666666667 0.00064 0.002)
(0.000933333333333333 0.00064 0.002)
(0.00096 0.00064 0.002)
(0.000986666666666667 0.00064 0.002)
(0.00101333333333333 0.00064 0.002)
(0.00104 0.00064 0.002)
(0.00106666666666667 0.00064 0.002)
(0.00109333333333333 0.00064 0.002)
(0.00112 0.00064 0.002)
(0.00114666666666667 0.00064 0.002)
(0.00117333333333333 0.00064 0.002)
(0.0012 0.00064 0.002)
(0.00122666666666667 0.00064 0.002)
(0.00125333333333333 0.00064 0.002)
(0.00128 0.00064 0.002)
(0.00130666666666667 0.00064 0.002)
(0.00133333333333333 0.00064 0.002)
(0.00136 0.00064 0.002)
(0.00138666666666667 0.00064 0.002)
(0.00141333333333333 0.00064 0.002)
(0.00144 0.00064 0.002)
(0.00146666666666667 0.00064 0.002)
(0.00149333333333333 0.00064 0.002)
(0.00152 0.00064 0.002)
(0.00154666666666667 0.00064 0.002)
(0.00157333333333333 0.00064 0.002)
(0.0016 0.00064 0.002)
(0.00162666666666667 0.00064 0.002)
(0.00165333333333333 0.00064 0.002)
(0.00168 0.00064 0.002)
(0.00170666666666667 0.00064 0.002)
(0.00173333333333333 0.00064 0.002)
(0.00176 0.00064 0.002)
(0.00178666666666667 0.00064 0.002)
(0.00181333333333333 0.00064 0.002)
(0.00184 0.00064 0.002)
(0.00186666666666667 0.00064 0.002)
(0.00189333333333333 0.00064 0.002)
(0.00192 0.00064 0.002)
(0.00194666666666667 0.00064 0.002)
(0.00197333333333333 0.00064 0.002)
(0.002 0.00064 0.002)
(0 0.000666666666666667 0.002)
(2.66666666666667e-05 0.000666666666666667 0.002)
(5.33333333333333e-05 0.000666666666666667 0.002)
(8e-05 0.000666666666666667 0.002)
(0.000106666666666667 0.000666666666666667 0.002)
(0.000133333333333333 0.000666666666666667 0.002)
(0.00016 0.000666666666666667 0.002)
(0.000186666666666667 0.000666666666666667 0.002)
(0.000213333333333333 0.000666666666666667 0.002)
(0.00024 0.000666666666666667 0.002)
(0.000266666666666667 0.000666666666666667 0.002)
(0.000293333333333333 0.000666666666666667 0.002)
(0.00032 0.000666666666666667 0.002)
(0.000346666666666667 0.000666666666666667 0.002)
(0.000373333333333333 0.000666666666666667 0.002)
(0.0004 0.000666666666666667 0.002)
(0.000426666666666667 0.000666666666666667 0.002)
(0.000453333333333333 0.000666666666666667 0.002)
(0.00048 0.000666666666666667 0.002)
(0.000506666666666667 0.000666666666666667 0.002)
(0.000533333333333333 0.000666666666666667 0.002)
(0.00056 0.000666666666666667 0.002)
(0.000586666666666667 0.000666666666666667 0.002)
(0.000613333333333333 0.000666666666666667 0.002)
(0.00064 0.000666666666666667 0.002)
(0.000666666666666667 0.000666666666666667 0.002)
(0.000693333333333333 0.000666666666666667 0.002)
(0.00072 0.000666666666666667 0.002)
(0.000746666666666667 0.000666666666666667 0.002)
(0.000773333333333333 0.000666666666666667 0.002)
(0.0008 0.000666666666666667 0.002)
(0.000826666666666667 0.000666666666666667 0.002)
(0.000853333333333334 0.000666666666666667 0.002)
(0.00088 0.000666666666666667 0.002)
(0.000906666666666667 0.000666666666666667 0.002)
(0.000933333333333333 0.000666666666666667 0.002)
(0.00096 0.000666666666666667 0.002)
(0.000986666666666667 0.000666666666666667 0.002)
(0.00101333333333333 0.000666666666666667 0.002)
(0.00104 0.000666666666666667 0.002)
(0.00106666666666667 0.000666666666666667 0.002)
(0.00109333333333333 0.000666666666666667 0.002)
(0.00112 0.000666666666666667 0.002)
(0.00114666666666667 0.000666666666666667 0.002)
(0.00117333333333333 0.000666666666666667 0.002)
(0.0012 0.000666666666666667 0.002)
(0.00122666666666667 0.000666666666666667 0.002)
(0.00125333333333333 0.000666666666666667 0.002)
(0.00128 0.000666666666666667 0.002)
(0.00130666666666667 0.000666666666666667 0.002)
(0.00133333333333333 0.000666666666666667 0.002)
(0.00136 0.000666666666666667 0.002)
(0.00138666666666667 0.000666666666666667 0.002)
(0.00141333333333333 0.000666666666666667 0.002)
(0.00144 0.000666666666666667 0.002)
(0.00146666666666667 0.000666666666666667 0.002)
(0.00149333333333333 0.000666666666666667 0.002)
(0.00152 0.000666666666666667 0.002)
(0.00154666666666667 0.000666666666666667 0.002)
(0.00157333333333333 0.000666666666666667 0.002)
(0.0016 0.000666666666666667 0.002)
(0.00162666666666667 0.000666666666666667 0.002)
(0.00165333333333333 0.000666666666666667 0.002)
(0.00168 0.000666666666666667 0.002)
(0.00170666666666667 0.000666666666666667 0.002)
(0.00173333333333333 0.000666666666666667 0.002)
(0.00176 0.000666666666666667 0.002)
(0.00178666666666667 0.000666666666666667 0.002)
(0.00181333333333333 0.000666666666666667 0.002)
(0.00184 0.000666666666666667 0.002)
(0.00186666666666667 0.000666666666666667 0.002)
(0.00189333333333333 0.000666666666666667 0.002)
(0.00192 0.000666666666666667 0.002)
(0.00194666666666667 0.000666666666666667 0.002)
(0.00197333333333333 0.000666666666666667 0.002)
(0.002 0.000666666666666667 0.002)
(0 0.000693333333333333 0.002)
(2.66666666666667e-05 0.000693333333333333 0.002)
(5.33333333333333e-05 0.000693333333333333 0.002)
(8e-05 0.000693333333333333 0.002)
(0.000106666666666667 0.000693333333333333 0.002)
(0.000133333333333333 0.000693333333333333 0.002)
(0.00016 0.000693333333333333 0.002)
(0.000186666666666667 0.000693333333333333 0.002)
(0.000213333333333333 0.000693333333333333 0.002)
(0.00024 0.000693333333333333 0.002)
(0.000266666666666667 0.000693333333333333 0.002)
(0.000293333333333333 0.000693333333333333 0.002)
(0.00032 0.000693333333333333 0.002)
(0.000346666666666667 0.000693333333333333 0.002)
(0.000373333333333333 0.000693333333333333 0.002)
(0.0004 0.000693333333333333 0.002)
(0.000426666666666667 0.000693333333333333 0.002)
(0.000453333333333333 0.000693333333333333 0.002)
(0.00048 0.000693333333333333 0.002)
(0.000506666666666667 0.000693333333333333 0.002)
(0.000533333333333333 0.000693333333333333 0.002)
(0.00056 0.000693333333333333 0.002)
(0.000586666666666667 0.000693333333333333 0.002)
(0.000613333333333333 0.000693333333333333 0.002)
(0.00064 0.000693333333333333 0.002)
(0.000666666666666667 0.000693333333333333 0.002)
(0.000693333333333333 0.000693333333333333 0.002)
(0.00072 0.000693333333333333 0.002)
(0.000746666666666667 0.000693333333333333 0.002)
(0.000773333333333333 0.000693333333333333 0.002)
(0.0008 0.000693333333333333 0.002)
(0.000826666666666667 0.000693333333333333 0.002)
(0.000853333333333334 0.000693333333333333 0.002)
(0.00088 0.000693333333333333 0.002)
(0.000906666666666667 0.000693333333333333 0.002)
(0.000933333333333333 0.000693333333333333 0.002)
(0.00096 0.000693333333333333 0.002)
(0.000986666666666667 0.000693333333333333 0.002)
(0.00101333333333333 0.000693333333333333 0.002)
(0.00104 0.000693333333333333 0.002)
(0.00106666666666667 0.000693333333333333 0.002)
(0.00109333333333333 0.000693333333333333 0.002)
(0.00112 0.000693333333333333 0.002)
(0.00114666666666667 0.000693333333333333 0.002)
(0.00117333333333333 0.000693333333333333 0.002)
(0.0012 0.000693333333333333 0.002)
(0.00122666666666667 0.000693333333333333 0.002)
(0.00125333333333333 0.000693333333333333 0.002)
(0.00128 0.000693333333333333 0.002)
(0.00130666666666667 0.000693333333333333 0.002)
(0.00133333333333333 0.000693333333333333 0.002)
(0.00136 0.000693333333333333 0.002)
(0.00138666666666667 0.000693333333333333 0.002)
(0.00141333333333333 0.000693333333333333 0.002)
(0.00144 0.000693333333333333 0.002)
(0.00146666666666667 0.000693333333333333 0.002)
(0.00149333333333333 0.000693333333333333 0.002)
(0.00152 0.000693333333333333 0.002)
(0.00154666666666667 0.000693333333333333 0.002)
(0.00157333333333333 0.000693333333333333 0.002)
(0.0016 0.000693333333333333 0.002)
(0.00162666666666667 0.000693333333333333 0.002)
(0.00165333333333333 0.000693333333333333 0.002)
(0.00168 0.000693333333333333 0.002)
(0.00170666666666667 0.000693333333333333 0.002)
(0.00173333333333333 0.000693333333333333 0.002)
(0.00176 0.000693333333333333 0.002)
(0.00178666666666667 0.000693333333333333 0.002)
(0.00181333333333333 0.000693333333333333 0.002)
(0.00184 0.000693333333333333 0.002)
(0.00186666666666667 0.000693333333333333 0.002)
(0.00189333333333333 0.000693333333333333 0.002)
(0.00192 0.000693333333333333 0.002)
(0.00194666666666667 0.000693333333333333 0.002)
(0.00197333333333333 0.000693333333333333 0.002)
(0.002 0.000693333333333333 0.002)
(0 0.00072 0.002)
(2.66666666666667e-05 0.00072 0.002)
(5.33333333333333e-05 0.00072 0.002)
(8e-05 0.00072 0.002)
(0.000106666666666667 0.00072 0.002)
(0.000133333333333333 0.00072 0.002)
(0.00016 0.00072 0.002)
(0.000186666666666667 0.00072 0.002)
(0.000213333333333333 0.00072 0.002)
(0.00024 0.00072 0.002)
(0.000266666666666667 0.00072 0.002)
(0.000293333333333333 0.00072 0.002)
(0.00032 0.00072 0.002)
(0.000346666666666667 0.00072 0.002)
(0.000373333333333333 0.00072 0.002)
(0.0004 0.00072 0.002)
(0.000426666666666667 0.00072 0.002)
(0.000453333333333333 0.00072 0.002)
(0.00048 0.00072 0.002)
(0.000506666666666667 0.00072 0.002)
(0.000533333333333333 0.00072 0.002)
(0.00056 0.00072 0.002)
(0.000586666666666667 0.00072 0.002)
(0.000613333333333333 0.00072 0.002)
(0.00064 0.00072 0.002)
(0.000666666666666667 0.00072 0.002)
(0.000693333333333333 0.00072 0.002)
(0.00072 0.00072 0.002)
(0.000746666666666667 0.00072 0.002)
(0.000773333333333333 0.00072 0.002)
(0.0008 0.00072 0.002)
(0.000826666666666667 0.00072 0.002)
(0.000853333333333333 0.00072 0.002)
(0.00088 0.00072 0.002)
(0.000906666666666667 0.00072 0.002)
(0.000933333333333333 0.00072 0.002)
(0.00096 0.00072 0.002)
(0.000986666666666667 0.00072 0.002)
(0.00101333333333333 0.00072 0.002)
(0.00104 0.00072 0.002)
(0.00106666666666667 0.00072 0.002)
(0.00109333333333333 0.00072 0.002)
(0.00112 0.00072 0.002)
(0.00114666666666667 0.00072 0.002)
(0.00117333333333333 0.00072 0.002)
(0.0012 0.00072 0.002)
(0.00122666666666667 0.00072 0.002)
(0.00125333333333333 0.00072 0.002)
(0.00128 0.00072 0.002)
(0.00130666666666667 0.00072 0.002)
(0.00133333333333333 0.00072 0.002)
(0.00136 0.00072 0.002)
(0.00138666666666667 0.00072 0.002)
(0.00141333333333333 0.00072 0.002)
(0.00144 0.00072 0.002)
(0.00146666666666667 0.00072 0.002)
(0.00149333333333333 0.00072 0.002)
(0.00152 0.00072 0.002)
(0.00154666666666667 0.00072 0.002)
(0.00157333333333333 0.00072 0.002)
(0.0016 0.00072 0.002)
(0.00162666666666667 0.00072 0.002)
(0.00165333333333333 0.00072 0.002)
(0.00168 0.00072 0.002)
(0.00170666666666667 0.00072 0.002)
(0.00173333333333333 0.00072 0.002)
(0.00176 0.00072 0.002)
(0.00178666666666667 0.00072 0.002)
(0.00181333333333333 0.00072 0.002)
(0.00184 0.00072 0.002)
(0.00186666666666667 0.00072 0.002)
(0.00189333333333333 0.00072 0.002)
(0.00192 0.00072 0.002)
(0.00194666666666667 0.00072 0.002)
(0.00197333333333333 0.00072 0.002)
(0.002 0.00072 0.002)
(0 0.000746666666666667 0.002)
(2.66666666666667e-05 0.000746666666666667 0.002)
(5.33333333333333e-05 0.000746666666666667 0.002)
(8e-05 0.000746666666666667 0.002)
(0.000106666666666667 0.000746666666666667 0.002)
(0.000133333333333333 0.000746666666666667 0.002)
(0.00016 0.000746666666666667 0.002)
(0.000186666666666667 0.000746666666666667 0.002)
(0.000213333333333333 0.000746666666666667 0.002)
(0.00024 0.000746666666666667 0.002)
(0.000266666666666667 0.000746666666666667 0.002)
(0.000293333333333333 0.000746666666666667 0.002)
(0.00032 0.000746666666666667 0.002)
(0.000346666666666667 0.000746666666666667 0.002)
(0.000373333333333333 0.000746666666666667 0.002)
(0.0004 0.000746666666666667 0.002)
(0.000426666666666667 0.000746666666666667 0.002)
(0.000453333333333333 0.000746666666666667 0.002)
(0.00048 0.000746666666666667 0.002)
(0.000506666666666667 0.000746666666666667 0.002)
(0.000533333333333333 0.000746666666666667 0.002)
(0.00056 0.000746666666666667 0.002)
(0.000586666666666667 0.000746666666666667 0.002)
(0.000613333333333333 0.000746666666666667 0.002)
(0.00064 0.000746666666666667 0.002)
(0.000666666666666667 0.000746666666666667 0.002)
(0.000693333333333333 0.000746666666666667 0.002)
(0.00072 0.000746666666666667 0.002)
(0.000746666666666667 0.000746666666666667 0.002)
(0.000773333333333333 0.000746666666666667 0.002)
(0.0008 0.000746666666666667 0.002)
(0.000826666666666667 0.000746666666666667 0.002)
(0.000853333333333333 0.000746666666666667 0.002)
(0.00088 0.000746666666666667 0.002)
(0.000906666666666667 0.000746666666666667 0.002)
(0.000933333333333333 0.000746666666666667 0.002)
(0.00096 0.000746666666666667 0.002)
(0.000986666666666667 0.000746666666666667 0.002)
(0.00101333333333333 0.000746666666666667 0.002)
(0.00104 0.000746666666666667 0.002)
(0.00106666666666667 0.000746666666666667 0.002)
(0.00109333333333333 0.000746666666666667 0.002)
(0.00112 0.000746666666666667 0.002)
(0.00114666666666667 0.000746666666666667 0.002)
(0.00117333333333333 0.000746666666666667 0.002)
(0.0012 0.000746666666666667 0.002)
(0.00122666666666667 0.000746666666666667 0.002)
(0.00125333333333333 0.000746666666666667 0.002)
(0.00128 0.000746666666666667 0.002)
(0.00130666666666667 0.000746666666666667 0.002)
(0.00133333333333333 0.000746666666666667 0.002)
(0.00136 0.000746666666666667 0.002)
(0.00138666666666667 0.000746666666666667 0.002)
(0.00141333333333333 0.000746666666666667 0.002)
(0.00144 0.000746666666666667 0.002)
(0.00146666666666667 0.000746666666666667 0.002)
(0.00149333333333333 0.000746666666666667 0.002)
(0.00152 0.000746666666666667 0.002)
(0.00154666666666667 0.000746666666666667 0.002)
(0.00157333333333333 0.000746666666666667 0.002)
(0.0016 0.000746666666666667 0.002)
(0.00162666666666667 0.000746666666666667 0.002)
(0.00165333333333333 0.000746666666666667 0.002)
(0.00168 0.000746666666666667 0.002)
(0.00170666666666667 0.000746666666666667 0.002)
(0.00173333333333333 0.000746666666666667 0.002)
(0.00176 0.000746666666666667 0.002)
(0.00178666666666667 0.000746666666666667 0.002)
(0.00181333333333333 0.000746666666666667 0.002)
(0.00184 0.000746666666666667 0.002)
(0.00186666666666667 0.000746666666666667 0.002)
(0.00189333333333333 0.000746666666666667 0.002)
(0.00192 0.000746666666666667 0.002)
(0.00194666666666667 0.000746666666666667 0.002)
(0.00197333333333333 0.000746666666666667 0.002)
(0.002 0.000746666666666667 0.002)
(0 0.000773333333333333 0.002)
(2.66666666666667e-05 0.000773333333333333 0.002)
(5.33333333333333e-05 0.000773333333333333 0.002)
(8e-05 0.000773333333333333 0.002)
(0.000106666666666667 0.000773333333333333 0.002)
(0.000133333333333333 0.000773333333333333 0.002)
(0.00016 0.000773333333333333 0.002)
(0.000186666666666667 0.000773333333333333 0.002)
(0.000213333333333333 0.000773333333333333 0.002)
(0.00024 0.000773333333333333 0.002)
(0.000266666666666667 0.000773333333333333 0.002)
(0.000293333333333333 0.000773333333333333 0.002)
(0.00032 0.000773333333333333 0.002)
(0.000346666666666667 0.000773333333333333 0.002)
(0.000373333333333333 0.000773333333333333 0.002)
(0.0004 0.000773333333333333 0.002)
(0.000426666666666667 0.000773333333333333 0.002)
(0.000453333333333333 0.000773333333333333 0.002)
(0.00048 0.000773333333333333 0.002)
(0.000506666666666667 0.000773333333333333 0.002)
(0.000533333333333333 0.000773333333333333 0.002)
(0.00056 0.000773333333333333 0.002)
(0.000586666666666667 0.000773333333333333 0.002)
(0.000613333333333333 0.000773333333333333 0.002)
(0.00064 0.000773333333333333 0.002)
(0.000666666666666667 0.000773333333333333 0.002)
(0.000693333333333333 0.000773333333333333 0.002)
(0.00072 0.000773333333333333 0.002)
(0.000746666666666667 0.000773333333333333 0.002)
(0.000773333333333333 0.000773333333333333 0.002)
(0.0008 0.000773333333333333 0.002)
(0.000826666666666667 0.000773333333333333 0.002)
(0.000853333333333333 0.000773333333333333 0.002)
(0.00088 0.000773333333333333 0.002)
(0.000906666666666667 0.000773333333333333 0.002)
(0.000933333333333333 0.000773333333333333 0.002)
(0.00096 0.000773333333333333 0.002)
(0.000986666666666667 0.000773333333333333 0.002)
(0.00101333333333333 0.000773333333333333 0.002)
(0.00104 0.000773333333333333 0.002)
(0.00106666666666667 0.000773333333333333 0.002)
(0.00109333333333333 0.000773333333333333 0.002)
(0.00112 0.000773333333333333 0.002)
(0.00114666666666667 0.000773333333333333 0.002)
(0.00117333333333333 0.000773333333333333 0.002)
(0.0012 0.000773333333333333 0.002)
(0.00122666666666667 0.000773333333333333 0.002)
(0.00125333333333333 0.000773333333333333 0.002)
(0.00128 0.000773333333333333 0.002)
(0.00130666666666667 0.000773333333333333 0.002)
(0.00133333333333333 0.000773333333333333 0.002)
(0.00136 0.000773333333333333 0.002)
(0.00138666666666667 0.000773333333333333 0.002)
(0.00141333333333333 0.000773333333333333 0.002)
(0.00144 0.000773333333333333 0.002)
(0.00146666666666667 0.000773333333333333 0.002)
(0.00149333333333333 0.000773333333333333 0.002)
(0.00152 0.000773333333333333 0.002)
(0.00154666666666667 0.000773333333333333 0.002)
(0.00157333333333333 0.000773333333333333 0.002)
(0.0016 0.000773333333333333 0.002)
(0.00162666666666667 0.000773333333333333 0.002)
(0.00165333333333333 0.000773333333333333 0.002)
(0.00168 0.000773333333333333 0.002)
(0.00170666666666667 0.000773333333333333 0.002)
(0.00173333333333333 0.000773333333333333 0.002)
(0.00176 0.000773333333333333 0.002)
(0.00178666666666667 0.000773333333333333 0.002)
(0.00181333333333333 0.000773333333333333 0.002)
(0.00184 0.000773333333333333 0.002)
(0.00186666666666667 0.000773333333333333 0.002)
(0.00189333333333333 0.000773333333333333 0.002)
(0.00192 0.000773333333333333 0.002)
(0.00194666666666667 0.000773333333333333 0.002)
(0.00197333333333333 0.000773333333333333 0.002)
(0.002 0.000773333333333333 0.002)
(0 0.0008 0.002)
(2.66666666666667e-05 0.0008 0.002)
(5.33333333333333e-05 0.0008 0.002)
(8e-05 0.0008 0.002)
(0.000106666666666667 0.0008 0.002)
(0.000133333333333333 0.0008 0.002)
(0.00016 0.0008 0.002)
(0.000186666666666667 0.0008 0.002)
(0.000213333333333333 0.0008 0.002)
(0.00024 0.0008 0.002)
(0.000266666666666667 0.0008 0.002)
(0.000293333333333333 0.0008 0.002)
(0.00032 0.0008 0.002)
(0.000346666666666667 0.0008 0.002)
(0.000373333333333333 0.0008 0.002)
(0.0004 0.0008 0.002)
(0.000426666666666667 0.0008 0.002)
(0.000453333333333333 0.0008 0.002)
(0.00048 0.0008 0.002)
(0.000506666666666667 0.0008 0.002)
(0.000533333333333333 0.0008 0.002)
(0.00056 0.0008 0.002)
(0.000586666666666667 0.0008 0.002)
(0.000613333333333333 0.0008 0.002)
(0.00064 0.0008 0.002)
(0.000666666666666667 0.0008 0.002)
(0.000693333333333333 0.0008 0.002)
(0.00072 0.0008 0.002)
(0.000746666666666667 0.0008 0.002)
(0.000773333333333333 0.0008 0.002)
(0.0008 0.0008 0.002)
(0.000826666666666667 0.0008 0.002)
(0.000853333333333333 0.0008 0.002)
(0.00088 0.0008 0.002)
(0.000906666666666667 0.0008 0.002)
(0.000933333333333333 0.0008 0.002)
(0.00096 0.0008 0.002)
(0.000986666666666667 0.0008 0.002)
(0.00101333333333333 0.0008 0.002)
(0.00104 0.0008 0.002)
(0.00106666666666667 0.0008 0.002)
(0.00109333333333333 0.0008 0.002)
(0.00112 0.0008 0.002)
(0.00114666666666667 0.0008 0.002)
(0.00117333333333333 0.0008 0.002)
(0.0012 0.0008 0.002)
(0.00122666666666667 0.0008 0.002)
(0.00125333333333333 0.0008 0.002)
(0.00128 0.0008 0.002)
(0.00130666666666667 0.0008 0.002)
(0.00133333333333333 0.0008 0.002)
(0.00136 0.0008 0.002)
(0.00138666666666667 0.0008 0.002)
(0.00141333333333333 0.0008 0.002)
(0.00144 0.0008 0.002)
(0.00146666666666667 0.0008 0.002)
(0.00149333333333333 0.0008 0.002)
(0.00152 0.0008 0.002)
(0.00154666666666667 0.0008 0.002)
(0.00157333333333333 0.0008 0.002)
(0.0016 0.0008 0.002)
(0.00162666666666667 0.0008 0.002)
(0.00165333333333333 0.0008 0.002)
(0.00168 0.0008 0.002)
(0.00170666666666667 0.0008 0.002)
(0.00173333333333333 0.0008 0.002)
(0.00176 0.0008 0.002)
(0.00178666666666667 0.0008 0.002)
(0.00181333333333333 0.0008 0.002)
(0.00184 0.0008 0.002)
(0.00186666666666667 0.0008 0.002)
(0.00189333333333333 0.0008 0.002)
(0.00192 0.0008 0.002)
(0.00194666666666667 0.0008 0.002)
(0.00197333333333333 0.0008 0.002)
(0.002 0.0008 0.002)
)


// ************************************************************************* //
